#ifndef IMAGE_RGB565_H
#define IMAGE_RGB565_H

#include <stdint.h>

#define IMG_W 240
#define IMG_H 320

const uint16_t image_rgb565[IMG_W * IMG_H] = {
    0x6B4C, 0x5AC9, 0x4A48, 0x5268, 0x5289, 0x5269, 0x5269, 0x5269, 0x5AAA, 0x5ACA, 0x5269, 0x4A68, 0x4A68, 0x4A48, 0x4227, 0x4A48,
    0x4208, 0x31A7, 0x31A7, 0x3A08, 0x4A8A, 0x52EB, 0x5B0C, 0x632D, 0x634D, 0x636D, 0x6B8E, 0x73AF, 0x73CF, 0x7BF0, 0x7C10, 0x7BF0,
    0x7BF0, 0x7C10, 0x7C30, 0x8430, 0x8451, 0x8C92, 0x94D3, 0x94F3, 0x9CF3, 0x9CF3, 0x94F3, 0x94D2, 0x8CB2, 0x8471, 0x7C10, 0x7C10,
    0x73CF, 0x6BAE, 0x6B8E, 0x6B6E, 0x634D, 0x632D, 0x632D, 0x5B2D, 0x5B0C, 0x5B0C, 0x632D, 0x634D, 0x636D, 0x6B8E, 0x6B4D, 0x6B6D,
    0x6B4C, 0x6B4C, 0x6B2C, 0x6B2B, 0x5AA9, 0x5248, 0x49E6, 0x41A5, 0x4A07, 0x5228, 0x4A07, 0x4A07, 0x41E6, 0x41A6, 0x4A07, 0x5248,
    0x5A89, 0x5A69, 0x5248, 0x5228, 0x4A07, 0x5248, 0x4A27, 0x49E7, 0x4A07, 0x49E7, 0x41E6, 0x41C6, 0x49E7, 0x5248, 0x5248, 0x5A68,
    0x5A89, 0x62A9, 0x62A9, 0x62A9, 0x62CA, 0x62EA, 0x6B0B, 0x62EA, 0x6B0B, 0x6AEA, 0x6B2B, 0x6B2B, 0x6B0B, 0x7BAD, 0x83CE, 0x8C0F,
    0x736C, 0x6B2B, 0x630A, 0x5AA9, 0x4207, 0x41E6, 0x39A5, 0x3185, 0x39A5, 0x39A5, 0x41C6, 0x4208, 0x4208, 0x41C7, 0x41C7, 0x39C7,
    0x3986, 0x3186, 0x3186, 0x31A6, 0x4208, 0x4A49, 0x528A, 0x52AA, 0x4A69, 0x5AAA, 0x632C, 0x52CB, 0x6B4D, 0x632C, 0x5AEB, 0x6B6E,
    0x6BAE, 0x638E, 0x7410, 0x7C10, 0x7C10, 0x7410, 0x7410, 0x7410, 0x7C10, 0x6BCF, 0x6BCF, 0x7C31, 0x7410, 0x7C10, 0x73F0, 0x73CF,
    0x6BAE, 0x638D, 0x6B8E, 0x6B8E, 0x638E, 0x636D, 0x634D, 0x636D, 0x636D, 0x636D, 0x638E, 0x7C50, 0xADD6, 0xC658, 0xC657, 0xC678,
    0xC658, 0xBE37, 0xC678, 0xB5B6, 0x52EB, 0x3A08, 0x4229, 0x4229, 0x3A28, 0x3A08, 0x3A28, 0x3A08, 0x3A28, 0x4A69, 0x52AB, 0x52CB,
    0x52CB, 0x4AAA, 0x5AEC, 0x634D, 0x636E, 0x73F0, 0x634D, 0x10A3, 0x0000, 0x0020, 0x0020, 0x0020, 0x0020, 0x0041, 0x0041, 0x0021,
    0x0020, 0x0020, 0x0020, 0x0000, 0x0020, 0x0000, 0x0000, 0x0000, 0x0000, 0x0000, 0x0000, 0x0000, 0x0000, 0x0000, 0x0000, 0x0000,
    0x0000, 0x0000, 0x0000, 0x0000, 0x0000, 0x0000, 0x0000, 0x0000, 0x0000, 0x0000, 0x0000, 0x0000, 0x0000, 0x0000, 0x0000, 0x0000,
    0x5ACA, 0x5ACA, 0x5289, 0x5289, 0x5268, 0x4A48, 0x4A28, 0x4A28, 0x5289, 0x5AEB, 0x5AEA, 0x5289, 0x4A48, 0x4A48, 0x4A48, 0x4248,
    0x4208, 0x39C7, 0x39E8, 0x52AB, 0x5B0C, 0x5B0C, 0x5B0C, 0x632D, 0x634D, 0x634D, 0x6B6E, 0x73AF, 0x73CF, 0x7C10, 0x7BF0, 0x73EF,
    0x73CF, 0x7BF0, 0x7C10, 0x8430, 0x8450, 0x8C91, 0x94D2, 0x94D3, 0x94F3, 0x9CF3, 0x9CF3, 0x94F3, 0x8C92, 0x8451, 0x7C10, 0x7BF0,
    0x73EF, 0x73CF, 0x6BAE, 0x6B8E, 0x636D, 0x634D, 0x632D, 0x5B2D, 0x5B0C, 0x5B0C, 0x634D, 0x636D, 0x6B8E, 0x6B6D, 0x6B6D, 0x83CF,
    0x630B, 0x630B, 0x62CA, 0x5248, 0x41E6, 0x3144, 0x41C6, 0x5A88, 0x5227, 0x49E6, 0x41C6, 0x49E7, 0x41E6, 0x5248, 0x62CA, 0x62EA,
    0x5AA9, 0x5A89, 0x5A69, 0x5248, 0x5268, 0x5248, 0x4A27, 0x5228, 0x5A68, 0x5A89, 0x62A9, 0x5248, 0x5268, 0x5A69, 0x5A68, 0x6289,
    0x5A89, 0x5A48, 0x5227, 0x5227, 0x5207, 0x5227, 0x5A89, 0x6B0B, 0x83AD, 0x7B8D, 0x734B, 0x83CE, 0x8C0F, 0x83EE, 0x732B, 0x62CA,
    0x62EA, 0x5A89, 0x5268, 0x41E6, 0x3185, 0x2944, 0x3165, 0x39C6, 0x5269, 0x5269, 0x4A48, 0x4A08, 0x39A7, 0x3165, 0x3145, 0x2945,
    0x3165, 0x3165, 0x3165, 0x3165, 0x39C7, 0x41E8, 0x4208, 0x5289, 0x528A, 0x4228, 0x5289, 0x5269, 0x5AEC, 0x6B6E, 0x5B0C, 0x73AE,
    0x6B8E, 0x6BAE, 0x7C30, 0x8451, 0x7C51, 0x7C31, 0x7C11, 0x7C11, 0x73F0, 0x6BCF, 0x7410, 0x6BF0, 0x7410, 0x73CF, 0x73CF, 0x73EF,
    0x7C10, 0x73EF, 0x6BAE, 0x638D, 0x636D, 0x636D, 0x636D, 0x634D, 0x636D, 0x638E, 0x6BAE, 0x8491, 0xB5F6, 0xBE58, 0xC657, 0xC678,
    0xC658, 0xBE37, 0xC678, 0xAD95, 0x52AA, 0x3A08, 0x4229, 0x3A28, 0x4229, 0x4228, 0x4249, 0x4249, 0x4A69, 0x52CB, 0x5AEC, 0x5B0C,
    0x5B0C, 0x5AEC, 0x5B0C, 0x636E, 0x6BAF, 0x7C31, 0x5B2D, 0x08A2, 0x0000, 0x0020, 0x0021, 0x0041, 0x0041, 0x0021, 0x0041, 0x0021,
    0x0020, 0x0020, 0x0020, 0x0020, 0x0020, 0x0000, 0x0000, 0x0000, 0x0000, 0x0000, 0x0000, 0x0000, 0x0000, 0x0000, 0x0000, 0x0000,
    0x0000, 0x0000, 0x0000, 0x0000, 0x0000, 0x0000, 0x0000, 0x0000, 0x0000, 0x0000, 0x0000, 0x0000, 0x0000, 0x0000, 0x0000, 0x0000,
    0x4207, 0x5289, 0x52A9, 0x5289, 0x4227, 0x31C6, 0x39C6, 0x39E6, 0x4A48, 0x5AAA, 0x5ACA, 0x5289, 0x4A27, 0x4A28, 0x4A48, 0x4A48,
    0x4228, 0x39E7, 0x31C7, 0x4A8A, 0x5AEC, 0x5AEC, 0x5B2C, 0x5B2C, 0x632D, 0x634D, 0x6B8E, 0x73AF, 0x73CF, 0x7C10, 0x7BF0, 0x73CF,
    0x73CF, 0x7BF0, 0x7C10, 0x7C30, 0x8450, 0x8C91, 0x94B2, 0x94D2, 0x94D3, 0x94F3, 0x94F3, 0x94D2, 0x8C91, 0x8450, 0x7C10, 0x7C10,
    0x73EF, 0x73AF, 0x6B8E, 0x6B8E, 0x636D, 0x634D, 0x632D, 0x5B2D, 0x5B2D, 0x5B2C, 0x6B6D, 0x6B8E, 0x6B6D, 0x736D, 0x736D, 0x734C,
    0x6B0B, 0x62CA, 0x41C6, 0x3164, 0x41C5, 0x5227, 0x5248, 0x4A07, 0x4A07, 0x4A07, 0x49E7, 0x5248, 0x5A89, 0x5A69, 0x62A9, 0x5248,
    0x5228, 0x5248, 0x5A89, 0x5A89, 0x5AA9, 0x5A69, 0x5248, 0x5248, 0x5228, 0x4A07, 0x4A07, 0x4A27, 0x5248, 0x5A68, 0x5A48, 0x5A48,
    0x6289, 0x6AEA, 0x6ACA, 0x6289, 0x6AEA, 0x6AEB, 0x6AEA, 0x732B, 0x7B4C, 0x732B, 0x734C, 0x7B8D, 0x734C, 0x5A89, 0x62AA, 0x5269,
    0x49E7, 0x41C7, 0x3185, 0x3165, 0x39A6, 0x4207, 0x5248, 0x62CB, 0x5A89, 0x41E7, 0x3185, 0x2924, 0x20E3, 0x2904, 0x2924, 0x2924,
    0x2945, 0x3165, 0x39A6, 0x4A28, 0x4A28, 0x31A6, 0x39C7, 0x39C6, 0x4208, 0x4A69, 0x39A6, 0x4A49, 0x5AEB, 0x73AF, 0x6B4D, 0x52CA,
    0x5B0C, 0x7BF0, 0x7C30, 0x7C51, 0x7C31, 0x8472, 0x8472, 0x8452, 0x7410, 0x7C51, 0x7C51, 0x6BCF, 0x6BCF, 0x5B2D, 0x8471, 0x7410,
    0x7C10, 0x7C10, 0x7C31, 0x8471, 0x7410, 0x6B8E, 0x6BAE, 0x6BAE, 0x6B8E, 0x6BAE, 0x73CF, 0x8CB2, 0xB5F6, 0xC678, 0xC678, 0xCE98,
    0xC678, 0xBE37, 0xCE98, 0xAD75, 0x4AAA, 0x4249, 0x4249, 0x4249, 0x4A6A, 0x4A8A, 0x4A8A, 0x52AA, 0x52CB, 0x5B0C, 0x5B2C, 0x632D,
    0x632D, 0x634D, 0x6B6E, 0x6B8E, 0x73D0, 0x94B3, 0x634E, 0x0882, 0x0041, 0x0041, 0x0041, 0x0041, 0x0041, 0x0041, 0x0041, 0x0020,
    0x0000, 0x0000, 0x0020, 0x0020, 0x0020, 0x0000, 0x0000, 0x0000, 0x0000, 0x0000, 0x0000, 0x0000, 0x0000, 0x0000, 0x0000, 0x0000,
    0x0000, 0x0000, 0x0000, 0x0000, 0x0000, 0x0000, 0x0000, 0x0000, 0x0000, 0x0000, 0x0000, 0x0000, 0x0000, 0x0000, 0x0000, 0x0000,
    0x39A5, 0x4A27, 0x4A48, 0x4A48, 0x39E6, 0x2985, 0x2985, 0x31C6, 0x31C6, 0x39C6, 0x4228, 0x4A48, 0x4A28, 0x4A28, 0x4A48, 0x4A48,
    0x4A48, 0x39E7, 0x31C7, 0x4A6A, 0x52EC, 0x5AEC, 0x5B0C, 0x5B2C, 0x632D, 0x634D, 0x6B8E, 0x73AF, 0x73CF, 0x7BF0, 0x7BF0, 0x73CF,
    0x73EF, 0x7C10, 0x7C10, 0x7C10, 0x8451, 0x8C92, 0x94B2, 0x94B2, 0x94D2, 0x94D3, 0x94D2, 0x8CB2, 0x8471, 0x8451, 0x7C30, 0x7C10,
    0x73CF, 0x73AF, 0x6BAE, 0x6B8E, 0x6B6E, 0x634D, 0x632D, 0x632D, 0x632D, 0x634D, 0x6B8D, 0x6B6D, 0x6B6D, 0x6B2B, 0x6B0B, 0x62EA,
    0x5A68, 0x49E6, 0x3164, 0x41C6, 0x6289, 0x5227, 0x5A48, 0x5A68, 0x6289, 0x62CA, 0x62CA, 0x5A89, 0x5A68, 0x5A68, 0x5248, 0x5A69,
    0x6289, 0x5A69, 0x5A68, 0x5207, 0x49C6, 0x49C6, 0x5207, 0x5227, 0x5227, 0x5247, 0x5A89, 0x62CA, 0x6ACA, 0x6AEA, 0x6AEA, 0x6AEB,
    0x62A9, 0x6ACA, 0x6ACA, 0x62A9, 0x6AEA, 0x730B, 0x6ACA, 0x6AEA, 0x6B0B, 0x62CA, 0x62CA, 0x5A89, 0x5268, 0x5AA9, 0x5269, 0x41C7,
    0x5249, 0x5249, 0x5289, 0x736D, 0x83CE, 0x62CB, 0x5269, 0x4207, 0x3165, 0x2944, 0x3145, 0x3165, 0x3986, 0x4A08, 0x5249, 0x41E7,
    0x3165, 0x39A6, 0x4208, 0x41E7, 0x3166, 0x2945, 0x3165, 0x39A6, 0x41E7, 0x4208, 0x39E7, 0x41E7, 0x4A49, 0x4A69, 0x632C, 0x632C,
    0x52AA, 0x7C10, 0x73CF, 0x8471, 0x8492, 0x8CB3, 0x9D14, 0x8CB3, 0x8CB3, 0x8CB3, 0x73CF, 0x428A, 0x5B4D, 0x7410, 0x73CF, 0x6B8E,
    0x6BCF, 0x6BAE, 0x7C30, 0x8C92, 0x8451, 0x638E, 0x6BAF, 0x6BCF, 0x6BAE, 0x6BAF, 0x73EF, 0x94F3, 0xB617, 0xC698, 0xC698, 0xCED9,
    0xC698, 0xC657, 0xCEB9, 0xAD95, 0x4AAA, 0x4A69, 0x4A8A, 0x4A8A, 0x4AAA, 0x52CB, 0x52CB, 0x52CB, 0x52EB, 0x5B0C, 0x5B2C, 0x5B2C,
    0x634D, 0x6B8E, 0x6BAF, 0x6BAF, 0x8451, 0xC65A, 0x94D3, 0x2125, 0x0020, 0x0861, 0x0861, 0x0841, 0x0041, 0x0021, 0x0020, 0x0020,
    0x0020, 0x0020, 0x0020, 0x0020, 0x0020, 0x0000, 0x0000, 0x0000, 0x0000, 0x0000, 0x0000, 0x0000, 0x0000, 0x0000, 0x0000, 0x0000,
    0x0000, 0x0000, 0x0000, 0x0000, 0x0000, 0x0000, 0x0000, 0x0000, 0x0000, 0x0000, 0x0000, 0x0000, 0x0000, 0x0000, 0x0000, 0x0000,
    0x2964, 0x41E6, 0x4A47, 0x4A27, 0x39E6, 0x2965, 0x2985, 0x31A6, 0x3186, 0x2965, 0x31C6, 0x4208, 0x4228, 0x4A28, 0x4A48, 0x4A48,
    0x4A28, 0x39C7, 0x31C7, 0x4229, 0x52CB, 0x5AEC, 0x5B0D, 0x5B2D, 0x632D, 0x634D, 0x6B8E, 0x73AF, 0x73AF, 0x7BEF, 0x7BF0, 0x73CF,
    0x73EF, 0x7BF0, 0x7C10, 0x7C30, 0x8451, 0x8C92, 0x8CB2, 0x94D3, 0x94D3, 0x94D3, 0x94D3, 0x8CB2, 0x8471, 0x8430, 0x7C30, 0x7C10,
    0x73EF, 0x73CF, 0x73AF, 0x6B8E, 0x6B6E, 0x6B6E, 0x634D, 0x634D, 0x634D, 0x636D, 0x634C, 0x6B8D, 0x630B, 0x62EA, 0x62CA, 0x5227,
    0x41C6, 0x3984, 0x49E6, 0x5227, 0x5A48, 0x5A88, 0x62A9, 0x6289, 0x5A69, 0x5A48, 0x5A48, 0x5A68, 0x6289, 0x62A9, 0x62A9, 0x5A48,
    0x5207, 0x4185, 0x4185, 0x49E6, 0x5A48, 0x6ACA, 0x6ACA, 0x6ACA, 0x730B, 0x730B, 0x6ACA, 0x6289, 0x6289, 0x5A68, 0x6288, 0x5A68,
    0x5A48, 0x6268, 0x6289, 0x6289, 0x6268, 0x5A48, 0x5227, 0x4A07, 0x4A07, 0x4A07, 0x49E7, 0x4A27, 0x5268, 0x5A89, 0x5269, 0x732C,
    0x734C, 0x62AA, 0x5AAA, 0x5269, 0x5248, 0x41E7, 0x41E7, 0x39C6, 0x3185, 0x39A6, 0x39A6, 0x3185, 0x3165, 0x2924, 0x2104, 0x20E3,
    0x2924, 0x3165, 0x3145, 0x2925, 0x2945, 0x4208, 0x4A29, 0x4A29, 0x39C7, 0x41E7, 0x4208, 0x528A, 0x4A49, 0x31A6, 0x39A6, 0x528A,
    0x39E7, 0x632C, 0x8430, 0x7C30, 0x9D14, 0xA555, 0xC659, 0xDF1C, 0xBE39, 0x6BAF, 0x52CB, 0x634D, 0x7C10, 0x7C0F, 0x7C10, 0x7C10,
    0x73F0, 0x73CF, 0x6BAE, 0x73CF, 0x73CF, 0x6B8E, 0x73CF, 0x6BCF, 0x6BAF, 0x6BCF, 0x7410, 0x9513, 0xBE37, 0xCEB9, 0xCED9, 0xD71A,
    0xCEB8, 0xC698, 0xD6D9, 0xAD75, 0x4A8A, 0x4269, 0x4A8A, 0x4A8A, 0x52AA, 0x52CB, 0x52CB, 0x52CB, 0x52EB, 0x5B0C, 0x5B2C, 0x632C,
    0x634D, 0x6B8E, 0x73AF, 0x73AF, 0x7C31, 0xDF3D, 0xCE9A, 0x18E3, 0x0000, 0x0841, 0x0841, 0x0021, 0x0020, 0x0020, 0x0020, 0x0020,
    0x0020, 0x0020, 0x0020, 0x0020, 0x0020, 0x0000, 0x0000, 0x0000, 0x0000, 0x0000, 0x0000, 0x0000, 0x0000, 0x0000, 0x0000, 0x0000,
    0x0000, 0x0000, 0x0000, 0x0000, 0x0000, 0x0000, 0x0000, 0x0000, 0x0000, 0x0000, 0x0000, 0x0000, 0x0000, 0x0000, 0x0000, 0x0000,
    0x2964, 0x39E6, 0x4A47, 0x4A27, 0x39E6, 0x2965, 0x2965, 0x31A6, 0x3186, 0x2966, 0x31A6, 0x31A6, 0x31A6, 0x39C7, 0x4228, 0x4A48,
    0x4A28, 0x39C7, 0x2986, 0x31A7, 0x4229, 0x4A8A, 0x52EC, 0x5B0C, 0x632D, 0x634D, 0x6B8E, 0x73AF, 0x73AF, 0x7BF0, 0x7BF0, 0x73CF,
    0x73CF, 0x7C10, 0x7C30, 0x8451, 0x8471, 0x8C92, 0x8CB2, 0x94D3, 0x94D3, 0x94B2, 0x8C92, 0x8C92, 0x8451, 0x8430, 0x7C30, 0x7C10,
    0x73CF, 0x73AE, 0x6B8E, 0x6B8E, 0x73AF, 0x6B8E, 0x6B6D, 0x6B4D, 0x6B6D, 0x6B6D, 0x632C, 0x6B4C, 0x62EA, 0x5247, 0x41A5, 0x41A6,
    0x5247, 0x5227, 0x5A48, 0x5A48, 0x62A9, 0x5A48, 0x5A48, 0x5228, 0x5227, 0x5248, 0x5248, 0x5227, 0x5227, 0x49C6, 0x49C6, 0x41A5,
    0x49E6, 0x6268, 0x6AEA, 0x730B, 0x730B, 0x6ACA, 0x62A9, 0x5A68, 0x5A48, 0x5207, 0x5207, 0x5A48, 0x5A48, 0x6288, 0x6289, 0x5A68,
    0x5227, 0x5227, 0x5207, 0x49E7, 0x41A5, 0x4185, 0x41C6, 0x4A27, 0x5248, 0x5228, 0x5A69, 0x62CA, 0x5A89, 0x5AA9, 0x62CA, 0x5248,
    0x41E7, 0x5248, 0x5269, 0x5248, 0x41E7, 0x41C6, 0x5249, 0x41C7, 0x2103, 0x2944, 0x2924, 0x2944, 0x2904, 0x2904, 0x39A6, 0x41E7,
    0x3986, 0x3165, 0x3145, 0x39C7, 0x528A, 0x526A, 0x41E8, 0x3186, 0x3186, 0x4A29, 0x528A, 0x4208, 0x3165, 0x3165, 0x4228, 0x4A49,
    0x2945, 0x31C7, 0x7C10, 0x632D, 0x8C72, 0x9D14, 0xBE18, 0xB5D7, 0x7BF0, 0x4A6A, 0x73AF, 0x7C31, 0x73AF, 0x8471, 0x8471, 0x8471,
    0x8472, 0x7C10, 0x634D, 0x73CF, 0x6BAE, 0x73CF, 0x73EF, 0x73EF, 0x73CF, 0x73CF, 0x7C10, 0x9D34, 0xBE37, 0xCED9, 0xD71A, 0xDF3A,
    0xD6D9, 0xCEB8, 0xDF1A, 0xB5D6, 0x4AAA, 0x4269, 0x4A89, 0x4AAA, 0x52AA, 0x52CA, 0x52CB, 0x52CB, 0x52CB, 0x5B0C, 0x632C, 0x634D,
    0x6B8E, 0x6B8E, 0x6BAF, 0x73CF, 0x7C31, 0xA535, 0x52CB, 0x0000, 0x0041, 0x0021, 0x0000, 0x0000, 0x0000, 0x0000, 0x0020, 0x0020,
    0x0020, 0x0020, 0x0020, 0x0020, 0x0020, 0x0000, 0x0000, 0x0000, 0x0000, 0x0000, 0x0000, 0x0000, 0x0000, 0x0000, 0x0000, 0x0000,
    0x0000, 0x0000, 0x0000, 0x0000, 0x0000, 0x0000, 0x0000, 0x0000, 0x0000, 0x0000, 0x0000, 0x0000, 0x0000, 0x0000, 0x0000, 0x0000,
    0x2144, 0x39C6, 0x4A27, 0x4A27, 0x4207, 0x2985, 0x2965, 0x31C7, 0x31A6, 0x2966, 0x29A7, 0x29A6, 0x2965, 0x3186, 0x4207, 0x4A48,
    0x4208, 0x39C7, 0x2986, 0x2986, 0x31A7, 0x39E8, 0x4249, 0x4AAB, 0x5AEC, 0x5B2D, 0x6B6E, 0x6BAF, 0x73AF, 0x7BF0, 0x7BF0, 0x73CF,
    0x73EF, 0x7C10, 0x8431, 0x8451, 0x8451, 0x8451, 0x8C71, 0x8CB2, 0x8CB2, 0x8C92, 0x8C92, 0x8C71, 0x8451, 0x8451, 0x7C10, 0x7BEF,
    0x73CF, 0x73CF, 0x73AF, 0x6B8E, 0x6B8E, 0x6B4D, 0x6B4D, 0x6B4D, 0x6B6D, 0x6B6C, 0x6B4C, 0x6B0B, 0x41A5, 0x41C6, 0x41A6, 0x5207,
    0x49E6, 0x51E6, 0x62A9, 0x6289, 0x5A27, 0x5227, 0x5A48, 0x5A48, 0x5A69, 0x5248, 0x5227, 0x4A07, 0x49E6, 0x5A68, 0x6ACA, 0x730B,
    0x7B4C, 0x7B2C, 0x6AAA, 0x6268, 0x5A27, 0x49E6, 0x49E6, 0x49C6, 0x5207, 0x5227, 0x5227, 0x5A48, 0x5A48, 0x5A68, 0x5227, 0x5207,
    0x5207, 0x4A07, 0x49E7, 0x49E6, 0x41C6, 0x49E6, 0x41E6, 0x49E6, 0x49E6, 0x5269, 0x62AA, 0x5289, 0x4A48, 0x4A27, 0x41C6, 0x39A6,
    0x41A6, 0x41E7, 0x39A6, 0x3986, 0x3165, 0x2904, 0x2924, 0x2924, 0x2924, 0x2944, 0x3165, 0x3165, 0x3145, 0x41E7, 0x4A28, 0x39C7,
    0x39C7, 0x4A28, 0x4A49, 0x4A29, 0x4A28, 0x3986, 0x2945, 0x2945, 0x41E7, 0x4A29, 0x4208, 0x20E3, 0x4A28, 0x5AAA, 0x3165, 0x2965,
    0x39C7, 0x39E7, 0x5ACB, 0x6B4D, 0x8C92, 0x8C92, 0x8C92, 0x6B8E, 0x4A8A, 0x6BAF, 0x634D, 0x8411, 0x8C92, 0x8471, 0x7C30, 0x7C50,
    0x8471, 0x8471, 0x6B8E, 0x6BAE, 0x73CF, 0x73EF, 0x73EF, 0x73CF, 0x73EF, 0x73EF, 0x7C30, 0x9D34, 0xBE58, 0xCEB9, 0xD6F9, 0xD71A,
    0xCE98, 0xCE98, 0xD6FA, 0xA534, 0x4A69, 0x4A8A, 0x4AAA, 0x52AA, 0x52CA, 0x52CA, 0x52CB, 0x52CB, 0x52CB, 0x5B0C, 0x634D, 0x636D,
    0x6B6D, 0x6B6E, 0x6B8E, 0x73AF, 0x8431, 0x7C10, 0x2966, 0x0000, 0x0020, 0x0000, 0x0000, 0x0000, 0x0000, 0x0020, 0x0020, 0x0000,
    0x0000, 0x0000, 0x0000, 0x0000, 0x0000, 0x0000, 0x0000, 0x0000, 0x0000, 0x0000, 0x0000, 0x0000, 0x0000, 0x0000, 0x0000, 0x0000,
    0x0000, 0x0000, 0x0000, 0x0000, 0x0000, 0x0000, 0x0000, 0x0000, 0x0000, 0x0000, 0x0000, 0x0000, 0x0000, 0x0000, 0x0000, 0x0000,
    0x2124, 0x31A5, 0x4A27, 0x4A47, 0x4207, 0x2985, 0x2965, 0x31C7, 0x31A7, 0x2966, 0x2986, 0x2986, 0x2966, 0x2986, 0x39E7, 0x4A48,
    0x4208, 0x39C7, 0x2986, 0x3187, 0x31A7, 0x31C8, 0x39E8, 0x4229, 0x4249, 0x4A6A, 0x5B0C, 0x6B8F, 0x73CF, 0x73EF, 0x73EF, 0x73CF,
    0x7BF0, 0x7C30, 0x8431, 0x8431, 0x8430, 0x8430, 0x8451, 0x8C92, 0x8C92, 0x8C92, 0x8C92, 0x8C92, 0x8471, 0x8451, 0x7C10, 0x7C10,
    0x7BEF, 0x73EF, 0x73AF, 0x6B8E, 0x6B6E, 0x634D, 0x6B4D, 0x6B6D, 0x632C, 0x6B4C, 0x6B0B, 0x3985, 0x3984, 0x49E6, 0x5207, 0x6268,
    0x5A48, 0x6289, 0x5A48, 0x49C6, 0x49C6, 0x5A68, 0x5A48, 0x5227, 0x49E6, 0x49E6, 0x5228, 0x5A68, 0x62A9, 0x730B, 0x730B, 0x730B,
    0x6ACA, 0x5A68, 0x5A68, 0x6268, 0x5A48, 0x5A28, 0x5A48, 0x5A48, 0x5207, 0x5206, 0x5A47, 0x5A68, 0x5A68, 0x5247, 0x5227, 0x4A27,
    0x4A07, 0x41C6, 0x49E7, 0x41C6, 0x41C6, 0x41E6, 0x49E6, 0x41E6, 0x41E6, 0x39A6, 0x3985, 0x3144, 0x3144, 0x2924, 0x2924, 0x3165,
    0x2944, 0x2103, 0x2924, 0x2944, 0x2944, 0x2944, 0x2924, 0x3165, 0x39A6, 0x2945, 0x39E7, 0x4A28, 0x41E7, 0x4A08, 0x4208, 0x4208,
    0x3986, 0x39A6, 0x41E7, 0x39A6, 0x3186, 0x2925, 0x3145, 0x39C7, 0x4A08, 0x39A7, 0x18C3, 0x3986, 0x6B2C, 0x39C7, 0x2945, 0x39C7,
    0x2945, 0x41E8, 0x31A6, 0x632C, 0x9D14, 0x7BEF, 0x5B0B, 0x52CB, 0x632D, 0x6B8E, 0x5AEC, 0x6B4D, 0x73CF, 0x73AF, 0x6B8E, 0x6BAE,
    0x73F0, 0x73EF, 0x6BAE, 0x636D, 0x73EF, 0x7C10, 0x73EF, 0x7410, 0x7C10, 0x73CF, 0x7C51, 0xA575, 0xBE58, 0xC698, 0xCED9, 0xD6D9,
    0xC677, 0xC698, 0xCE98, 0x8471, 0x4A69, 0x52AA, 0x52AA, 0x52CA, 0x52CA, 0x52CB, 0x52EB, 0x52CB, 0x52AA, 0x5B0C, 0x634D, 0x636D,
    0x634D, 0x634D, 0x6B8E, 0x73AF, 0x7C10, 0x73AF, 0x2125, 0x0000, 0x0020, 0x0020, 0x0000, 0x0000, 0x0000, 0x0000, 0x0000, 0x0000,
    0x0000, 0x0000, 0x0000, 0x0000, 0x0000, 0x0000, 0x0000, 0x0000, 0x0000, 0x0000, 0x0000, 0x0000, 0x0000, 0x0000, 0x0000, 0x0000,
    0x0000, 0x0000, 0x0000, 0x0000, 0x0000, 0x0000, 0x0000, 0x0000, 0x0000, 0x0000, 0x0000, 0x0000, 0x0000, 0x0000, 0x0000, 0x0000,
    0x2124, 0x2985, 0x4207, 0x4A47, 0x4206, 0x2985, 0x2965, 0x31A6, 0x31A7, 0x2966, 0x2986, 0x2986, 0x2966, 0x2986, 0x39E7, 0x4A28,
    0x4228, 0x39C7, 0x2986, 0x31A7, 0x31C7, 0x39E8, 0x39E8, 0x4229, 0x3A29, 0x4229, 0x52CB, 0x6BAF, 0x73CF, 0x73CF, 0x7BF0, 0x7BF0,
    0x7BF0, 0x7C10, 0x7C10, 0x7C10, 0x7C30, 0x8430, 0x8451, 0x8C92, 0x8C71, 0x8C71, 0x8C92, 0x8C92, 0x8471, 0x8451, 0x8451, 0x8430,
    0x7C10, 0x73CF, 0x6BAE, 0x6B8E, 0x6B6E, 0x6B8E, 0x6B8D, 0x6B4C, 0x6B0C, 0x6B2C, 0x41E6, 0x49E6, 0x4A07, 0x49C6, 0x62A9, 0x6268,
    0x5A68, 0x5207, 0x49C6, 0x49E6, 0x5A48, 0x5207, 0x41A5, 0x49C6, 0x49C6, 0x5227, 0x62A9, 0x6AEA, 0x62A9, 0x5A68, 0x5207, 0x49E6,
    0x5207, 0x62A9, 0x6ACA, 0x6289, 0x5A48, 0x5A48, 0x5A27, 0x5207, 0x5227, 0x5A48, 0x5227, 0x5227, 0x5227, 0x4A27, 0x4A07, 0x49E7,
    0x41A6, 0x3985, 0x3985, 0x41A6, 0x41C6, 0x3985, 0x3165, 0x2924, 0x20E2, 0x20E3, 0x20E3, 0x2924, 0x2924, 0x2904, 0x2924, 0x2944,
    0x2924, 0x2944, 0x2945, 0x3165, 0x2924, 0x3165, 0x3165, 0x41C7, 0x41E7, 0x4207, 0x4228, 0x4207, 0x39C7, 0x2945, 0x3185, 0x3185,
    0x3986, 0x4A49, 0x41E8, 0x3986, 0x3165, 0x2924, 0x39C7, 0x4A29, 0x41E7, 0x20C3, 0x3165, 0x5A8A, 0x41E7, 0x2945, 0x39A6, 0x2945,
    0x20E4, 0x2965, 0x2124, 0x52AA, 0x6B4D, 0x5B0C, 0x4A69, 0x4249, 0x73AF, 0x8451, 0x73CF, 0x634D, 0x7BF0, 0x8431, 0x73CF, 0x73CF,
    0x73AF, 0x7BF0, 0x6B8E, 0x6B8E, 0x73EF, 0x7C10, 0x7C10, 0x73F0, 0x7C30, 0x73F0, 0x8471, 0xA595, 0xBE38, 0xC678, 0xCED9, 0xCED9,
    0xC678, 0xC698, 0xC658, 0x7BEF, 0x4A69, 0x4AAA, 0x52AA, 0x52CA, 0x52CA, 0x52CB, 0x52EB, 0x5B0C, 0x5B0C, 0x5B0C, 0x634D, 0x634D,
    0x632D, 0x634D, 0x6B6E, 0x73AF, 0x7BF0, 0x634D, 0x18E4, 0x0000, 0x0021, 0x0020, 0x0000, 0x0000, 0x0000, 0x0000, 0x0000, 0x0000,
    0x0000, 0x0000, 0x0000, 0x0000, 0x0000, 0x0000, 0x0000, 0x0000, 0x0000, 0x0000, 0x0000, 0x0000, 0x0000, 0x0000, 0x0000, 0x0000,
    0x0000, 0x0000, 0x0000, 0x0000, 0x0000, 0x0000, 0x0000, 0x0000, 0x0000, 0x0000, 0x0000, 0x0000, 0x0000, 0x0000, 0x0000, 0x0000,
    0x2144, 0x2965, 0x4207, 0x4A47, 0x4227, 0x39C6, 0x2985, 0x3186, 0x3186, 0x2986, 0x2986, 0x2986, 0x2965, 0x2985, 0x39E7, 0x4A28,
    0x4228, 0x39C7, 0x2966, 0x31A7, 0x39E8, 0x3A29, 0x3A08, 0x4229, 0x4229, 0x4229, 0x52CB, 0x6B8E, 0x73CF, 0x73CF, 0x7BF0, 0x7BF0,
    0x7BF0, 0x7BF0, 0x7C10, 0x7BF0, 0x7C10, 0x7C30, 0x8451, 0x8C71, 0x8C71, 0x8471, 0x8C71, 0x8C71, 0x8451, 0x8451, 0x8451, 0x8430,
    0x7BEF, 0x73CF, 0x73AF, 0x6B8E, 0x6B8E, 0x6B8E, 0x6B6D, 0x62EB, 0x6AEB, 0x5228, 0x5A48, 0x5A68, 0x5A47, 0x5A68, 0x5227, 0x51E7,
    0x5207, 0x49C6, 0x49A5, 0x5227, 0x5A68, 0x5207, 0x5A48, 0x5A68, 0x6AAA, 0x6AEA, 0x6269, 0x5227, 0x5227, 0x5A68, 0x6289, 0x6289,
    0x6AA9, 0x6289, 0x5A48, 0x5227, 0x5A28, 0x5A48, 0x5A27, 0x5227, 0x49E6, 0x41C6, 0x39A5, 0x39A5, 0x39A5, 0x3985, 0x3985, 0x3985,
    0x3985, 0x3985, 0x3144, 0x2903, 0x20C2, 0x18C2, 0x20E2, 0x20E3, 0x2103, 0x2924, 0x2924, 0x2924, 0x2904, 0x2944, 0x2944, 0x2104,
    0x2104, 0x2104, 0x2945, 0x3986, 0x2904, 0x2945, 0x3165, 0x3986, 0x3165, 0x39C7, 0x4A48, 0x39C7, 0x39E7, 0x39C6, 0x3186, 0x39C7,
    0x5289, 0x4208, 0x3986, 0x3165, 0x3986, 0x4A28, 0x4A08, 0x39C7, 0x18A3, 0x2904, 0x4208, 0x41C7, 0x2104, 0x3145, 0x3186, 0x20E4,
    0x2945, 0x39C7, 0x2924, 0x4229, 0x6B4E, 0x52CA, 0x4A89, 0x5ACB, 0x6B6D, 0x73AF, 0x634D, 0x5B0C, 0x634D, 0x73AE, 0x6B6E, 0x634D,
    0x5B0C, 0x6B8E, 0x6B8E, 0x6B6E, 0x8431, 0x7C10, 0x7C10, 0x7C31, 0x7C31, 0x7C10, 0x8CB2, 0xADB6, 0xB5F6, 0xC678, 0xCEB9, 0xCEB9,
    0xC678, 0xC698, 0xBE37, 0x6BAE, 0x4A69, 0x52AA, 0x52CA, 0x52CA, 0x52CA, 0x5B0C, 0x634D, 0x634C, 0x5AEB, 0x52EB, 0x5B0C, 0x5B2C,
    0x632D, 0x632D, 0x634D, 0x6B8E, 0x73CF, 0x5AEC, 0x10A3, 0x0000, 0x0021, 0x0020, 0x0000, 0x0000, 0x0000, 0x0000, 0x0000, 0x0000,
    0x0000, 0x0000, 0x0000, 0x0000, 0x0000, 0x0000, 0x0000, 0x0000, 0x0000, 0x0000, 0x0000, 0x0000, 0x0000, 0x0000, 0x0000, 0x0000,
    0x0000, 0x0000, 0x0000, 0x0000, 0x0000, 0x0000, 0x0000, 0x0000, 0x0000, 0x0000, 0x0000, 0x0000, 0x0000, 0x0000, 0x0000, 0x0000,
    0x2945, 0x2965, 0x41E6, 0x4A27, 0x4A27, 0x4227, 0x39C6, 0x31A6, 0x31A6, 0x31A6, 0x3186, 0x2986, 0x2985, 0x31A6, 0x39E7, 0x4A28,
    0x4A28, 0x39C7, 0x2966, 0x31A7, 0x3A09, 0x4A8B, 0x4249, 0x3A09, 0x4229, 0x4249, 0x52CB, 0x6B8E, 0x73CF, 0x73CF, 0x7BF0, 0x7BF0,
    0x73CF, 0x73CF, 0x7BF0, 0x7C10, 0x7C10, 0x7C30, 0x8451, 0x8471, 0x8471, 0x8471, 0x8471, 0x8471, 0x8451, 0x8451, 0x8451, 0x7C10,
    0x73EF, 0x73CF, 0x73AF, 0x6B8E, 0x6B8E, 0x738E, 0x630B, 0x62EA, 0x5248, 0x5A89, 0x6AEA, 0x5A68, 0x5A47, 0x5207, 0x49E6, 0x4185,
    0x49C6, 0x5A68, 0x5227, 0x5A48, 0x5A47, 0x6289, 0x6AEA, 0x6AEA, 0x62A9, 0x5A48, 0x5A48, 0x6289, 0x62A9, 0x6AAA, 0x5A68, 0x5A48,
    0x5227, 0x5207, 0x5A48, 0x5A48, 0x5207, 0x41A5, 0x3985, 0x3965, 0x3164, 0x3164, 0x3164, 0x2923, 0x2103, 0x3144, 0x3185, 0x3185,
    0x3144, 0x2903, 0x20E3, 0x20E3, 0x2103, 0x2944, 0x2944, 0x3165, 0x2945, 0x2924, 0x2124, 0x18C2, 0x2924, 0x3165, 0x20E3, 0x2104,
    0x3186, 0x2104, 0x18C3, 0x18C3, 0x2945, 0x41E7, 0x4208, 0x4A08, 0x62CB, 0x630C, 0x4A48, 0x39A6, 0x39C7, 0x3186, 0x41E7, 0x4A48,
    0x39A6, 0x3165, 0x3166, 0x3186, 0x41E8, 0x39A7, 0x39C7, 0x2904, 0x18C3, 0x39A7, 0x4208, 0x2924, 0x20E4, 0x3186, 0x3166, 0x2104,
    0x3166, 0x39A7, 0x2945, 0x4A49, 0x73AF, 0x4A69, 0x4A69, 0x4A69, 0x4228, 0x4A8A, 0x52CB, 0x4A69, 0x3A08, 0x4A6A, 0x52AA, 0x632D,
    0x632D, 0x4A6A, 0x52AB, 0x630C, 0x8430, 0x7C10, 0x7BF0, 0x8451, 0x7C31, 0x8471, 0x8CD3, 0xADD6, 0xBE17, 0xCE99, 0xCEB8, 0xC698,
    0xBE57, 0xC678, 0xB5F6, 0x6B8D, 0x4A8A, 0x52CA, 0x52EB, 0x5AEB, 0x5AEB, 0x5B0B, 0x5B0B, 0x52CB, 0x52EB, 0x5B0C, 0x5B0C, 0x5B0C,
    0x5B2C, 0x632D, 0x634D, 0x6B6E, 0x73AF, 0x52AB, 0x10A3, 0x0000, 0x0020, 0x0020, 0x0000, 0x0000, 0x0000, 0x0000, 0x0000, 0x0000,
    0x0000, 0x0000, 0x0000, 0x0000, 0x0000, 0x0000, 0x0000, 0x0000, 0x0000, 0x0000, 0x0000, 0x0000, 0x0000, 0x0000, 0x0000, 0x0000,
    0x0000, 0x0000, 0x0000, 0x0000, 0x0000, 0x0000, 0x0000, 0x0000, 0x0000, 0x0000, 0x0000, 0x0000, 0x0000, 0x0000, 0x0000, 0x0000,
    0x2965, 0x2965, 0x39E6, 0x4A07, 0x4227, 0x4227, 0x4228, 0x4227, 0x4207, 0x39E7, 0x39C7, 0x31A6, 0x2985, 0x31A6, 0x39E7, 0x4A48,
    0x4228, 0x39C7, 0x2966, 0x31A7, 0x4229, 0x52CC, 0x4A6B, 0x39E8, 0x3A08, 0x4249, 0x52CB, 0x6B6E, 0x73CF, 0x73CF, 0x7BF0, 0x7BF0,
    0x73CF, 0x73F0, 0x7C10, 0x7C10, 0x7C30, 0x7C30, 0x8451, 0x8451, 0x8451, 0x8471, 0x8471, 0x8451, 0x8451, 0x8430, 0x7C30, 0x7BEF,
    0x73CF, 0x73CF, 0x73AF, 0x73AE, 0x73AE, 0x738D, 0x62EB, 0x5268, 0x62CA, 0x62A9, 0x5227, 0x5A48, 0x51E6, 0x4164, 0x3923, 0x49C6,
    0x5A47, 0x5A68, 0x6AEA, 0x62A9, 0x6AA9, 0x62A9, 0x6268, 0x51E6, 0x49C6, 0x49E6, 0x5227, 0x5A48, 0x5A48, 0x5227, 0x5227, 0x5A68,
    0x5A48, 0x51E6, 0x4185, 0x4185, 0x3964, 0x3144, 0x3144, 0x3164, 0x3165, 0x2944, 0x2944, 0x2944, 0x3185, 0x3185, 0x3145, 0x2924,
    0x20E3, 0x2103, 0x2924, 0x3165, 0x3165, 0x2924, 0x2904, 0x2104, 0x20C3, 0x2924, 0x2904, 0x2944, 0x2965, 0x2103, 0x2924, 0x3165,
    0x2924, 0x2924, 0x39A6, 0x4208, 0x5269, 0x5ACB, 0x5A8A, 0x5269, 0x4A08, 0x39C7, 0x3186, 0x39A6, 0x39A6, 0x41E7, 0x5289, 0x4A28,
    0x41C7, 0x2904, 0x3986, 0x4A29, 0x3145, 0x41E7, 0x3986, 0x18C3, 0x3165, 0x4208, 0x3186, 0x2104, 0x2945, 0x39A6, 0x3165, 0x2945,
    0x3165, 0x2924, 0x3185, 0x4208, 0x39A6, 0x4A49, 0x4208, 0x4228, 0x4A69, 0x4A69, 0x632C, 0x4228, 0x52CB, 0x5ACB, 0x4229, 0x4228,
    0x4A49, 0x4208, 0x4A49, 0x4A49, 0x6B6D, 0x8410, 0x8451, 0x94D3, 0x8471, 0x8C92, 0x9514, 0xADD6, 0xC658, 0xC637, 0xC678, 0xC657,
    0xC657, 0xCE98, 0xB5D5, 0x634C, 0x52AA, 0x5B0B, 0x5B0B, 0x52EB, 0x52EB, 0x52EB, 0x5AEB, 0x5AEB, 0x52CB, 0x52EB, 0x5AEB, 0x5B0C,
    0x5B0C, 0x632D, 0x634D, 0x6B6E, 0x6BAF, 0x426A, 0x0882, 0x0021, 0x0020, 0x0020, 0x0020, 0x0000, 0x0000, 0x0000, 0x0000, 0x0000,
    0x0000, 0x0000, 0x0000, 0x0000, 0x0000, 0x0000, 0x0000, 0x0000, 0x0000, 0x0000, 0x0000, 0x0000, 0x0000, 0x0000, 0x0000, 0x0000,
    0x0000, 0x0000, 0x0000, 0x0000, 0x0000, 0x0000, 0x0000, 0x0000, 0x0000, 0x0000, 0x0000, 0x0000, 0x0000, 0x0000, 0x0000, 0x0000,
    0x2145, 0x2945, 0x39A6, 0x41E7, 0x41E7, 0x39E6, 0x41E7, 0x4207, 0x4228, 0x4A48, 0x4228, 0x4208, 0x39E7, 0x39C6, 0x4207, 0x4A48,
    0x4228, 0x39C7, 0x2966, 0x2986, 0x31C8, 0x4A6A, 0x422A, 0x31C8, 0x39E8, 0x3A29, 0x52AB, 0x634E, 0x6B8E, 0x73AF, 0x73CF, 0x73F0,
    0x73F0, 0x7C10, 0x7C30, 0x8430, 0x7C30, 0x7C30, 0x8430, 0x8451, 0x8451, 0x8451, 0x8451, 0x8451, 0x8430, 0x7C30, 0x7C10, 0x73EF,
    0x73AE, 0x73AF, 0x73CF, 0x738E, 0x738D, 0x736C, 0x5ACA, 0x62EA, 0x62A9, 0x4A27, 0x5A68, 0x4A06, 0x3944, 0x3964, 0x5207, 0x6289,
    0x6268, 0x5A68, 0x62A9, 0x6AC9, 0x6288, 0x5A47, 0x5206, 0x49C5, 0x51E6, 0x49C6, 0x49C6, 0x49E6, 0x49C6, 0x49C6, 0x5207, 0x5207,
    0x49E6, 0x41A6, 0x3984, 0x3985, 0x3985, 0x3165, 0x3164, 0x2944, 0x2924, 0x2944, 0x3165, 0x3185, 0x3165, 0x2924, 0x2924, 0x2924,
    0x2944, 0x3185, 0x3165, 0x3145, 0x2904, 0x1082, 0x1882, 0x18C3, 0x1882, 0x2924, 0x41C7, 0x31A6, 0x2924, 0x39C7, 0x4207, 0x39C7,
    0x39A6, 0x4A28, 0x528A, 0x62EB, 0x5AAA, 0x5269, 0x41E7, 0x4A08, 0x4208, 0x4208, 0x4A28, 0x5269, 0x5269, 0x5269, 0x528A, 0x39A6,
    0x20E3, 0x2924, 0x4A29, 0x3166, 0x39C7, 0x5249, 0x20C3, 0x2104, 0x526A, 0x4A29, 0x2945, 0x39C7, 0x3165, 0x3186, 0x3145, 0x3165,
    0x3165, 0x2104, 0x3186, 0x41E7, 0x2945, 0x3186, 0x2965, 0x4A69, 0x4228, 0x31C6, 0x5AEB, 0x52AA, 0x5ACB, 0x4A69, 0x4229, 0x39C7,
    0x39C7, 0x39C7, 0x4A08, 0x5269, 0x4A49, 0x52AA, 0x8C51, 0x8C71, 0x7C10, 0x8451, 0x8CB2, 0xA595, 0xBE17, 0xBE37, 0xCE98, 0xCE78,
    0xC657, 0xCE98, 0xAD94, 0x5B0B, 0x52CB, 0x52CB, 0x52CB, 0x52AA, 0x52AA, 0x52CA, 0x52EB, 0x52CB, 0x52CA, 0x52CB, 0x52EB, 0x5B0C,
    0x5AEC, 0x5B0C, 0x634D, 0x6B6E, 0x6B8E, 0x3A08, 0x0021, 0x0021, 0x0020, 0x0020, 0x0020, 0x0000, 0x0000, 0x0000, 0x0000, 0x0000,
    0x0000, 0x0000, 0x0000, 0x0000, 0x0000, 0x0000, 0x0000, 0x0000, 0x0000, 0x0000, 0x0000, 0x0000, 0x0000, 0x0000, 0x0000, 0x0000,
    0x0000, 0x0000, 0x0000, 0x0000, 0x0000, 0x0000, 0x0000, 0x0000, 0x0000, 0x0000, 0x0000, 0x0000, 0x0000, 0x0000, 0x0000, 0x0000,
    0x2125, 0x2945, 0x39A6, 0x4A07, 0x4A28, 0x41E7, 0x39C6, 0x39E7, 0x4207, 0x4207, 0x4207, 0x4228, 0x4A48, 0x4A48, 0x4A48, 0x4A48,
    0x4A28, 0x39E7, 0x2986, 0x31A7, 0x2987, 0x31C8, 0x31A7, 0x2987, 0x31C7, 0x3A08, 0x52AB, 0x634E, 0x636E, 0x6B6E, 0x6B8E, 0x73AF,
    0x73CF, 0x7BF0, 0x7C10, 0x7C10, 0x7C10, 0x7C10, 0x8430, 0x8430, 0x8451, 0x8430, 0x8430, 0x8451, 0x7C30, 0x7C10, 0x7C10, 0x73CF,
    0x738E, 0x73AE, 0x7BCF, 0x840F, 0x7BAD, 0x5AA9, 0x62EA, 0x5268, 0x5247, 0x4A27, 0x3144, 0x3944, 0x5207, 0x6289, 0x6ACA, 0x6ACA,
    0x6AC9, 0x62A9, 0x5A67, 0x5206, 0x49E6, 0x41A5, 0x41A5, 0x41A5, 0x49C5, 0x49C6, 0x49C6, 0x49E6, 0x4A07, 0x5207, 0x49E7, 0x41C6,
    0x3985, 0x3164, 0x3164, 0x3164, 0x2944, 0x2924, 0x2924, 0x3144, 0x3185, 0x41C6, 0x39A6, 0x2944, 0x2944, 0x2944, 0x2944, 0x3185,
    0x3185, 0x18C2, 0x18A2, 0x2104, 0x1882, 0x18A2, 0x18C3, 0x20C3, 0x2945, 0x4208, 0x39C7, 0x2945, 0x4228, 0x4A69, 0x4A49, 0x4208,
    0x5AAA, 0x5269, 0x5269, 0x528A, 0x5AAA, 0x5AAA, 0x5A8A, 0x4A49, 0x41E7, 0x3145, 0x41E7, 0x4208, 0x4A08, 0x528A, 0x5AAA, 0x3165,
    0x2945, 0x4A08, 0x3165, 0x3186, 0x5AAB, 0x3165, 0x20C3, 0x41E7, 0x630C, 0x4208, 0x2925, 0x2925, 0x2104, 0x3165, 0x3165, 0x3145,
    0x2104, 0x2924, 0x41E7, 0x39A6, 0x3165, 0x18E3, 0x3186, 0x528A, 0x2965, 0x4228, 0x630C, 0x528A, 0x528A, 0x39E8, 0x39C7, 0x39E8,
    0x31A6, 0x4208, 0x5249, 0x528A, 0x4208, 0x4228, 0x738E, 0x8450, 0x7BEF, 0x6B8E, 0x73EF, 0x9D54, 0xBE37, 0xC657, 0xCE98, 0xBE37,
    0xC677, 0xC678, 0xA553, 0x52EA, 0x4AAA, 0x52AA, 0x4A69, 0x4A69, 0x4A89, 0x4A89, 0x4AAA, 0x4AAA, 0x4AAA, 0x4AAA, 0x4AAA, 0x52CB,
    0x52CB, 0x52CB, 0x632D, 0x6B8E, 0x6B6E, 0x31A7, 0x0000, 0x0021, 0x0021, 0x0020, 0x0020, 0x0000, 0x0000, 0x0000, 0x0000, 0x0000,
    0x0000, 0x0000, 0x0000, 0x0000, 0x0000, 0x0000, 0x0000, 0x0000, 0x0000, 0x0000, 0x0000, 0x0000, 0x0000, 0x0000, 0x0000, 0x0000,
    0x0000, 0x0000, 0x0000, 0x0000, 0x0000, 0x0000, 0x0000, 0x0000, 0x0000, 0x0000, 0x0020, 0x0020, 0x0020, 0x0020, 0x0000, 0x0000,
    0x2945, 0x2965, 0x3185, 0x4A48, 0x5289, 0x4A28, 0x4207, 0x4207, 0x4207, 0x41E7, 0x39C6, 0x39C6, 0x4207, 0x4A69, 0x4A69, 0x4A28,
    0x4208, 0x39E7, 0x2986, 0x2987, 0x2987, 0x2987, 0x2987, 0x2987, 0x31A7, 0x39E8, 0x52CC, 0x636E, 0x6B6E, 0x6B6E, 0x6B8E, 0x6B8E,
    0x73AF, 0x73CF, 0x73EF, 0x7BF0, 0x7C10, 0x7C10, 0x7C30, 0x8430, 0x8430, 0x7C30, 0x8430, 0x8451, 0x7C10, 0x7BEF, 0x73EF, 0x6B8E,
    0x738E, 0x73AE, 0x73CE, 0x840F, 0x6B0B, 0x5268, 0x4A27, 0x49E6, 0x3964, 0x20C2, 0x3144, 0x5227, 0x730B, 0x72EA, 0x6AA9, 0x6ACA,
    0x6AC9, 0x5A68, 0x5A27, 0x5227, 0x49C6, 0x41A5, 0x41A5, 0x49E6, 0x49C6, 0x49C6, 0x49C6, 0x4185, 0x3965, 0x3144, 0x3964, 0x3965,
    0x2923, 0x2923, 0x3144, 0x3144, 0x2924, 0x3165, 0x39A6, 0x3185, 0x2944, 0x2944, 0x3165, 0x2944, 0x2924, 0x2944, 0x2904, 0x18A2,
    0x0840, 0x1882, 0x20C3, 0x18A2, 0x18A2, 0x18A2, 0x2104, 0x2945, 0x3165, 0x2924, 0x3165, 0x4207, 0x528A, 0x528A, 0x4A49, 0x5AAA,
    0x5ACB, 0x4A49, 0x5269, 0x4A48, 0x5AAA, 0x5ACB, 0x5269, 0x41E7, 0x5A8A, 0x5269, 0x5AAA, 0x4208, 0x4A28, 0x4A28, 0x41E7, 0x3186,
    0x39C7, 0x3186, 0x41C7, 0x5269, 0x5249, 0x20E3, 0x39C7, 0x630C, 0x528A, 0x3186, 0x3165, 0x2945, 0x2924, 0x3165, 0x3166, 0x2924,
    0x20C3, 0x2945, 0x41E7, 0x3165, 0x2904, 0x18A2, 0x3186, 0x39C7, 0x528A, 0x4208, 0x4A69, 0x62EB, 0x4A49, 0x4229, 0x39E7, 0x39E7,
    0x3186, 0x4208, 0x5AAA, 0x528A, 0x4208, 0x4208, 0x62EB, 0x632C, 0x6B6D, 0x738E, 0x8C91, 0xB5F6, 0xB5F6, 0xBE16, 0xBE37, 0xB5F6,
    0xC678, 0xCE98, 0x9D33, 0x4A89, 0x4A8A, 0x4A89, 0x4269, 0x4269, 0x4A69, 0x4A69, 0x4A89, 0x4A8A, 0x4A8A, 0x4A8A, 0x4A8A, 0x4A8A,
    0x4A8A, 0x52AB, 0x5B0C, 0x6B8E, 0x636E, 0x2966, 0x0000, 0x0020, 0x0020, 0x0000, 0x0000, 0x0000, 0x0000, 0x0000, 0x0000, 0x0000,
    0x0000, 0x0000, 0x0000, 0x0000, 0x0000, 0x0000, 0x0000, 0x0000, 0x0000, 0x0000, 0x0000, 0x0000, 0x0000, 0x0000, 0x0000, 0x0000,
    0x0000, 0x0000, 0x0000, 0x0000, 0x0000, 0x0000, 0x0000, 0x0000, 0x0000, 0x0000, 0x0000, 0x0020, 0x0020, 0x0020, 0x0000, 0x0000,
    0x2145, 0x2945, 0x2965, 0x4207, 0x4228, 0x39C6, 0x39A6, 0x39C6, 0x39E7, 0x41E7, 0x41E7, 0x39E7, 0x4207, 0x4A69, 0x4A48, 0x4207,
    0x4208, 0x39C7, 0x2966, 0x2966, 0x2987, 0x2987, 0x2987, 0x31A7, 0x31C8, 0x3A09, 0x5AEC, 0x636E, 0x6B6E, 0x6B8E, 0x6B8E, 0x6B8E,
    0x73AE, 0x73CF, 0x73EF, 0x73EF, 0x7BEF, 0x7C10, 0x7C30, 0x7C30, 0x8430, 0x7C30, 0x7C10, 0x7C10, 0x7BEF, 0x73CF, 0x73AE, 0x73AE,
    0x6B8E, 0x73AE, 0x73CE, 0x6B6C, 0x5248, 0x3984, 0x3985, 0x41C6, 0x3985, 0x41E6, 0x62CA, 0x6B0B, 0x6AEA, 0x6AEB, 0x6AAA, 0x5A68,
    0x5A48, 0x5A48, 0x5207, 0x41A5, 0x41A5, 0x41A5, 0x41A5, 0x41C6, 0x3964, 0x4185, 0x3964, 0x2903, 0x28E3, 0x3123, 0x3144, 0x3164,
    0x3164, 0x2924, 0x2923, 0x3144, 0x3165, 0x3185, 0x2944, 0x2924, 0x2944, 0x20E3, 0x2903, 0x3144, 0x3165, 0x2103, 0x18A2, 0x1081,
    0x2103, 0x20E3, 0x18A2, 0x18A2, 0x1062, 0x20E3, 0x3165, 0x3145, 0x2924, 0x3186, 0x39C7, 0x41E7, 0x4A49, 0x41E7, 0x39C7, 0x4A48,
    0x4A49, 0x4A49, 0x4A28, 0x528A, 0x5AAA, 0x39A6, 0x41E7, 0x6B2C, 0x7B8E, 0x734D, 0x736D, 0x4A49, 0x41E7, 0x41E7, 0x41C7, 0x4A28,
    0x39C7, 0x4A49, 0x5AAA, 0x5AAB, 0x3165, 0x2904, 0x62CB, 0x630C, 0x2924, 0x41E8, 0x3186, 0x3165, 0x2104, 0x3186, 0x3986, 0x2104,
    0x2904, 0x2945, 0x3145, 0x3986, 0x18C3, 0x3145, 0x39C7, 0x41E8, 0x4208, 0x39A6, 0x5AAA, 0x41E7, 0x41E7, 0x4208, 0x3186, 0x3186,
    0x39C7, 0x5269, 0x5269, 0x528A, 0x41E7, 0x39A6, 0x528A, 0x4A69, 0x52CA, 0x6B6D, 0x8C91, 0xA554, 0xA553, 0xC637, 0xC657, 0xB5D6,
    0xBE16, 0xCE98, 0x8CB1, 0x4248, 0x4248, 0x4228, 0x4249, 0x4249, 0x4269, 0x4269, 0x4A89, 0x4A8A, 0x4A69, 0x4A69, 0x4A8A, 0x52AA,
    0x4A8A, 0x52AB, 0x632D, 0x6B8E, 0x632D, 0x2125, 0x0000, 0x0020, 0x0000, 0x0000, 0x0000, 0x0000, 0x0000, 0x0000, 0x0000, 0x0000,
    0x0000, 0x0000, 0x0000, 0x0000, 0x0000, 0x0000, 0x0000, 0x0000, 0x0000, 0x0000, 0x0000, 0x0000, 0x0000, 0x0000, 0x0000, 0x0000,
    0x0000, 0x0000, 0x0000, 0x0000, 0x0000, 0x0000, 0x0000, 0x0000, 0x0000, 0x0000, 0x0000, 0x0000, 0x0000, 0x0000, 0x0000, 0x0000,
    0x2145, 0x2965, 0x2985, 0x39C6, 0x39C6, 0x3185, 0x3185, 0x3185, 0x39C6, 0x41E7, 0x41E7, 0x4207, 0x4208, 0x4A28, 0x4228, 0x4A28,
    0x4208, 0x39C7, 0x2986, 0x2967, 0x2987, 0x2987, 0x2987, 0x31A7, 0x39E8, 0x4229, 0x52CC, 0x636E, 0x6B8E, 0x6B6E, 0x6B8E, 0x6B8E,
    0x73AF, 0x73CF, 0x73EF, 0x73CF, 0x73EF, 0x7C30, 0x8451, 0x7C10, 0x7C10, 0x7BEF, 0x73CF, 0x7BF0, 0x7BEF, 0x73AE, 0x73CF, 0x6B8E,
    0x73AE, 0x738E, 0x6B4C, 0x5AC9, 0x4A27, 0x3144, 0x2903, 0x3144, 0x4A27, 0x62CA, 0x62A9, 0x5A69, 0x5A68, 0x5A89, 0x5A48, 0x5228,
    0x41A5, 0x3964, 0x3964, 0x3964, 0x3985, 0x41A5, 0x41C6, 0x3964, 0x3964, 0x3964, 0x3144, 0x3144, 0x3144, 0x3144, 0x3123, 0x2903,
    0x2903, 0x3124, 0x2924, 0x3165, 0x3165, 0x2903, 0x2944, 0x3185, 0x3185, 0x39A6, 0x3185, 0x2924, 0x18A2, 0x1061, 0x1081, 0x2103,
    0x18C2, 0x18C2, 0x20C2, 0x18C3, 0x2945, 0x3165, 0x3145, 0x3165, 0x3165, 0x3165, 0x41E7, 0x39C7, 0x41E7, 0x4A28, 0x5269, 0x4A28,
    0x4207, 0x39C7, 0x39C7, 0x39C6, 0x39C7, 0x5269, 0x630C, 0x736D, 0x5AAA, 0x5AAA, 0x4A28, 0x4A08, 0x41E7, 0x39C7, 0x5269, 0x4A08,
    0x41C7, 0x4A49, 0x630C, 0x4A49, 0x3986, 0x5A8A, 0x5ACB, 0x2945, 0x41E7, 0x4A28, 0x39A7, 0x3165, 0x2924, 0x3186, 0x3166, 0x2945,
    0x3165, 0x2945, 0x2945, 0x3986, 0x2945, 0x3166, 0x3986, 0x41E7, 0x3145, 0x4A29, 0x5269, 0x39A6, 0x4208, 0x41E8, 0x2945, 0x3165,
    0x41E7, 0x528A, 0x4A49, 0x4A28, 0x39A7, 0x3186, 0x4A28, 0x4A69, 0x5ACA, 0x5ACA, 0x73AE, 0x8450, 0x8C70, 0x9D13, 0x9D13, 0xA554,
    0xAD95, 0xBDF6, 0x8C70, 0x4A69, 0x4249, 0x4249, 0x4249, 0x4269, 0x4249, 0x3A28, 0x4248, 0x4A69, 0x4228, 0x3A08, 0x4269, 0x4A8A,
    0x4A6A, 0x5AEC, 0x636D, 0x73AF, 0x630C, 0x18E4, 0x0000, 0x0000, 0x0000, 0x0000, 0x0000, 0x0000, 0x0000, 0x0000, 0x0000, 0x0000,
    0x0000, 0x0000, 0x0000, 0x0000, 0x0000, 0x0000, 0x0000, 0x0000, 0x0000, 0x0000, 0x0000, 0x0000, 0x0000, 0x0000, 0x0000, 0x0000,
    0x0000, 0x0000, 0x0000, 0x0000, 0x0000, 0x0000, 0x0000, 0x0000, 0x0000, 0x0000, 0x0000, 0x0000, 0x0000, 0x0000, 0x0000, 0x0000,
    0x2985, 0x2985, 0x31A6, 0x39C6, 0x31A6, 0x2965, 0x3186, 0x3186, 0x31A6, 0x39A6, 0x31A6, 0x39C7, 0x39E7, 0x4208, 0x4228, 0x4A49,
    0x4228, 0x39C7, 0x31A7, 0x31A7, 0x2987, 0x2987, 0x31A7, 0x31A7, 0x31C8, 0x3A09, 0x52AB, 0x634E, 0x6B8E, 0x6B6E, 0x6B8E, 0x6B8E,
    0x73CF, 0x73CF, 0x73CF, 0x73CF, 0x7BEF, 0x7C30, 0x7C10, 0x7C10, 0x7C10, 0x7BEF, 0x73CF, 0x7C10, 0x73CF, 0x73AE, 0x73CF, 0x6B6D,
    0x736D, 0x5ACA, 0x5268, 0x3164, 0x3124, 0x3164, 0x3164, 0x5228, 0x62CA, 0x5248, 0x4A07, 0x4A27, 0x41C6, 0x41A5, 0x41A5, 0x41A5,
    0x3964, 0x3965, 0x3944, 0x3964, 0x4185, 0x41A5, 0x3964, 0x3964, 0x3964, 0x2903, 0x2903, 0x28E3, 0x2903, 0x2903, 0x2903, 0x2923,
    0x3124, 0x3144, 0x3986, 0x3144, 0x2924, 0x3185, 0x39C6, 0x41C6, 0x39A6, 0x3165, 0x2103, 0x18A2, 0x1061, 0x1081, 0x18C2, 0x18C3,
    0x20E3, 0x2924, 0x2103, 0x2944, 0x3145, 0x3165, 0x3145, 0x3165, 0x3165, 0x3165, 0x2945, 0x39C7, 0x4A49, 0x4A49, 0x4208, 0x3186,
    0x39A6, 0x39C7, 0x39C6, 0x4A28, 0x5ACB, 0x5ACB, 0x5AAA, 0x5249, 0x5AAA, 0x4A08, 0x5249, 0x5269, 0x39C7, 0x4A28, 0x528A, 0x4A08,
    0x62CB, 0x734D, 0x5A8A, 0x4A08, 0x5A8A, 0x5AAB, 0x39A7, 0x39C7, 0x41E7, 0x39A6, 0x39C7, 0x2104, 0x3186, 0x3186, 0x3165, 0x3186,
    0x3986, 0x2945, 0x3166, 0x3165, 0x3165, 0x2945, 0x3165, 0x3986, 0x39A7, 0x5249, 0x4A49, 0x41E8, 0x4A29, 0x41E8, 0x2945, 0x3165,
    0x41E7, 0x5AAB, 0x4208, 0x39A6, 0x39C7, 0x3186, 0x4208, 0x4A48, 0x4A69, 0x5AEB, 0x6B4C, 0x73AE, 0x73CE, 0x842F, 0x7BEF, 0x842F,
    0x842F, 0x8C70, 0x7BEE, 0x52CB, 0x3A08, 0x4249, 0x4249, 0x4248, 0x4228, 0x4248, 0x4A69, 0x4269, 0x39E7, 0x3A08, 0x3A28, 0x3A08,
    0x4A6A, 0x5B0C, 0x6B8E, 0x73CF, 0x5AEC, 0x10A3, 0x0000, 0x0000, 0x0000, 0x0000, 0x0000, 0x0000, 0x0000, 0x0000, 0x0000, 0x0000,
    0x0000, 0x0000, 0x0000, 0x0000, 0x0000, 0x0000, 0x0000, 0x0000, 0x0000, 0x0000, 0x0000, 0x0000, 0x0000, 0x0000, 0x0000, 0x0000,
    0x0000, 0x0000, 0x0000, 0x0000, 0x0000, 0x0000, 0x0000, 0x0000, 0x0000, 0x0000, 0x0000, 0x0000, 0x0000, 0x0000, 0x0000, 0x0000,
    0x39E6, 0x39C6, 0x39C6, 0x39E6, 0x31A6, 0x3185, 0x3186, 0x31A6, 0x31A6, 0x2965, 0x2965, 0x31A6, 0x31A6, 0x31C6, 0x39E7, 0x4A48,
    0x4228, 0x39E8, 0x39E7, 0x31A7, 0x31A7, 0x31A7, 0x31C8, 0x31C8, 0x39E8, 0x3A09, 0x4A8B, 0x634E, 0x6B8E, 0x6B8E, 0x6B8E, 0x73AF,
    0x73AF, 0x73CF, 0x73CF, 0x73CF, 0x7C10, 0x7BF0, 0x7BF0, 0x7C10, 0x7C30, 0x7C10, 0x73CF, 0x7BEF, 0x6B8E, 0x73AF, 0x73AE, 0x630B,
    0x5269, 0x4A07, 0x2923, 0x18A1, 0x20E3, 0x3145, 0x39A6, 0x5248, 0x5A89, 0x4A07, 0x41E6, 0x41C6, 0x41C6, 0x5248, 0x4A07, 0x41A6,
    0x3985, 0x3985, 0x41C6, 0x41C6, 0x39A6, 0x3965, 0x2923, 0x20E3, 0x20C2, 0x2903, 0x2904, 0x2903, 0x2924, 0x2903, 0x2944, 0x3985,
    0x3985, 0x3165, 0x2924, 0x2904, 0x3986, 0x4207, 0x39A6, 0x2924, 0x20E3, 0x1082, 0x1081, 0x1061, 0x1081, 0x18E3, 0x2944, 0x2965,
    0x2965, 0x2944, 0x3165, 0x3165, 0x3165, 0x3185, 0x39C6, 0x3185, 0x3185, 0x3165, 0x39C7, 0x39C7, 0x4A08, 0x41C7, 0x3186, 0x41E7,
    0x39A6, 0x3165, 0x41C7, 0x4A28, 0x4A49, 0x41E7, 0x3986, 0x5249, 0x5249, 0x4A28, 0x4A08, 0x5269, 0x5269, 0x4A49, 0x528A, 0x5AAA,
    0x630C, 0x62EB, 0x4A49, 0x4A49, 0x5249, 0x39A7, 0x3186, 0x4208, 0x3165, 0x5A8A, 0x41C7, 0x3145, 0x39C7, 0x3165, 0x39C7, 0x39A6,
    0x39A6, 0x2924, 0x3186, 0x3166, 0x3145, 0x2925, 0x3986, 0x3145, 0x39A6, 0x3186, 0x526A, 0x39C7, 0x41E8, 0x41E8, 0x2904, 0x3986,
    0x5AAA, 0x4A49, 0x39A6, 0x3186, 0x39C6, 0x3186, 0x41E7, 0x4A28, 0x41E7, 0x4A69, 0x5289, 0x4A89, 0x5289, 0x738D, 0x738D, 0x6B8D,
    0x6B4C, 0x6B8D, 0x630B, 0x73AE, 0x73AE, 0x4A89, 0x4228, 0x4228, 0x4228, 0x4249, 0x4228, 0x39E7, 0x39E7, 0x3A08, 0x39E7, 0x39E8,
    0x4A6A, 0x5AEB, 0x632D, 0x6B8E, 0x528A, 0x0882, 0x0000, 0x0000, 0x0000, 0x0000, 0x0000, 0x0000, 0x0000, 0x0000, 0x0000, 0x0000,
    0x0000, 0x0000, 0x0000, 0x0000, 0x0000, 0x0000, 0x0000, 0x0000, 0x0000, 0x0000, 0x0000, 0x0000, 0x0000, 0x0000, 0x0000, 0x0000,
    0x0000, 0x0000, 0x0000, 0x0000, 0x0000, 0x0000, 0x0000, 0x0000, 0x0000, 0x0000, 0x0000, 0x0000, 0x0000, 0x0000, 0x0000, 0x0000,
    0x4227, 0x4227, 0x4207, 0x41E7, 0x39E6, 0x39C6, 0x39C7, 0x4207, 0x39C7, 0x3165, 0x2965, 0x31A6, 0x31A6, 0x31A6, 0x39C7, 0x3A08,
    0x3A08, 0x3A08, 0x3A08, 0x31A7, 0x2987, 0x31A7, 0x31C8, 0x39E9, 0x3A09, 0x3A09, 0x4A8B, 0x634D, 0x6B8F, 0x6BAF, 0x73AF, 0x73CF,
    0x73CF, 0x73CF, 0x7BD0, 0x7BF0, 0x8451, 0x8CB3, 0x94F4, 0x8CB2, 0x7C30, 0x7C10, 0x73CF, 0x73AF, 0x73AE, 0x7BCF, 0x632C, 0x4A28,
    0x39A5, 0x28E3, 0x20A2, 0x20E3, 0x41C7, 0x5248, 0x41E7, 0x3165, 0x3165, 0x39A6, 0x4A28, 0x5228, 0x4A07, 0x41E7, 0x39A6, 0x41C6,
    0x41C6, 0x39A6, 0x39A5, 0x2924, 0x2903, 0x2103, 0x20E2, 0x20E3, 0x2904, 0x2924, 0x2924, 0x2904, 0x2924, 0x3124, 0x39C6, 0x3165,
    0x3144, 0x2903, 0x3145, 0x41C7, 0x41A6, 0x2944, 0x18C2, 0x18A2, 0x1081, 0x0861, 0x1082, 0x1082, 0x18C3, 0x2944, 0x2965, 0x2124,
    0x2103, 0x3186, 0x3186, 0x3165, 0x3986, 0x3185, 0x39C6, 0x39C6, 0x41E7, 0x41E7, 0x3185, 0x39A6, 0x39A6, 0x3165, 0x3986, 0x2104,
    0x20E3, 0x39C7, 0x4A08, 0x4A28, 0x41E7, 0x3186, 0x4A08, 0x4A49, 0x39A6, 0x3986, 0x41E7, 0x5AAA, 0x4208, 0x5269, 0x6B0C, 0x6B0C,
    0x62EB, 0x5269, 0x5A8A, 0x5269, 0x39A6, 0x3165, 0x41E7, 0x39C7, 0x4A49, 0x5249, 0x41C7, 0x41E7, 0x39A6, 0x39A6, 0x41E7, 0x41C7,
    0x41E8, 0x39A7, 0x41E7, 0x39A6, 0x3986, 0x39C7, 0x4208, 0x41E7, 0x3986, 0x39C7, 0x5A8A, 0x41E8, 0x4A08, 0x41C7, 0x2925, 0x4A29,
    0x5AAA, 0x4A08, 0x39A6, 0x39A6, 0x41C7, 0x39A6, 0x4207, 0x4A28, 0x4207, 0x4A48, 0x3185, 0x39C6, 0x4228, 0x4A69, 0x6B6C, 0x73CE,
    0x6B8D, 0x6B4C, 0x6B4C, 0x7BEF, 0x9CF3, 0x73AE, 0x5ACB, 0x4249, 0x4249, 0x4208, 0x39E7, 0x4228, 0x4228, 0x31C7, 0x39E8, 0x4228,
    0x4A6A, 0x4A8A, 0x4A8A, 0x5AEB, 0x4208, 0x0842, 0x0000, 0x0000, 0x0000, 0x0000, 0x0000, 0x0000, 0x0000, 0x0000, 0x0000, 0x0000,
    0x0000, 0x0000, 0x0000, 0x0000, 0x0000, 0x0000, 0x0000, 0x0000, 0x0000, 0x0000, 0x0000, 0x0000, 0x0000, 0x0000, 0x0000, 0x0000,
    0x0000, 0x0000, 0x0000, 0x0000, 0x0000, 0x0000, 0x0000, 0x0000, 0x0000, 0x0000, 0x0000, 0x0000, 0x0000, 0x0000, 0x0000, 0x0000,
    0x4A48, 0x5268, 0x4A68, 0x4A48, 0x4A28, 0x4207, 0x4A08, 0x4A28, 0x4207, 0x3185, 0x2965, 0x31C6, 0x3A07, 0x39E7, 0x4249, 0x52CB,
    0x4ACB, 0x6B8E, 0x73F0, 0x6B8E, 0x424A, 0x2987, 0x31C8, 0x39E8, 0x39E9, 0x3A09, 0x4A8B, 0x636E, 0x6BAF, 0x6BAF, 0x7C10, 0x94D3,
    0x94F4, 0x94D3, 0x94D3, 0x9514, 0xADF7, 0xCEDB, 0xCEFB, 0xB638, 0x8CD3, 0x73EF, 0x73AF, 0x73AE, 0x7BCF, 0x6B4D, 0x4207, 0x3985,
    0x20E3, 0x1882, 0x2904, 0x4A08, 0x5269, 0x39A6, 0x3144, 0x3185, 0x5289, 0x5289, 0x41C6, 0x41C6, 0x5248, 0x5248, 0x4A28, 0x41E7,
    0x39A6, 0x3164, 0x2903, 0x2903, 0x20E3, 0x20E2, 0x20E3, 0x2903, 0x3144, 0x3165, 0x3144, 0x3144, 0x2924, 0x3165, 0x3164, 0x2903,
    0x2924, 0x3145, 0x41E7, 0x3986, 0x20E3, 0x18A2, 0x10A2, 0x1081, 0x0861, 0x1082, 0x10A2, 0x2945, 0x3186, 0x2965, 0x2103, 0x2965,
    0x41E7, 0x39C7, 0x4208, 0x41E7, 0x39A6, 0x41E7, 0x4A08, 0x41C7, 0x3165, 0x2944, 0x3165, 0x3145, 0x3145, 0x2924, 0x20E3, 0x2924,
    0x39A6, 0x41C7, 0x41C7, 0x41E7, 0x39A6, 0x4A08, 0x4208, 0x3165, 0x3986, 0x4A28, 0x62EB, 0x5AAA, 0x528A, 0x62EB, 0x630C, 0x62EB,
    0x5269, 0x5AAA, 0x5269, 0x4208, 0x39A7, 0x3186, 0x41E7, 0x5AAB, 0x5249, 0x4A08, 0x5249, 0x4207, 0x41E7, 0x39C6, 0x39C7, 0x4A28,
    0x41E7, 0x4A08, 0x3186, 0x3186, 0x3145, 0x3165, 0x4A49, 0x39A7, 0x39C7, 0x41E7, 0x528A, 0x41E7, 0x39C7, 0x41C7, 0x3186, 0x526A,
    0x4A29, 0x39C7, 0x3145, 0x39A6, 0x39C6, 0x39A6, 0x5249, 0x5289, 0x5269, 0x5269, 0x5269, 0x4228, 0x5289, 0x4248, 0x52A9, 0x632B,
    0x5ACA, 0x5AEB, 0x632C, 0x5ACB, 0x738E, 0x52CA, 0x632C, 0x5AEB, 0x4A49, 0x4A69, 0x4228, 0x5ACB, 0x52AA, 0x39E7, 0x3A08, 0x4249,
    0x4A6A, 0x4A8A, 0x4A8A, 0x52AB, 0x31A7, 0x0842, 0x0000, 0x0000, 0x0020, 0x0000, 0x0000, 0x0000, 0x0000, 0x0020, 0x0000, 0x0000,
    0x0000, 0x0000, 0x0000, 0x0000, 0x0000, 0x0000, 0x0000, 0x0000, 0x0000, 0x0000, 0x0000, 0x0000, 0x0000, 0x0000, 0x0000, 0x0000,
    0x0000, 0x0000, 0x0000, 0x0000, 0x0000, 0x0000, 0x0000, 0x0000, 0x0000, 0x0000, 0x0000, 0x0000, 0x0000, 0x0000, 0x0000, 0x0000,
    0x4A48, 0x4A48, 0x4A68, 0x4A69, 0x4A68, 0x4228, 0x4A28, 0x4A49, 0x4A28, 0x31A6, 0x2965, 0x4248, 0x6B8D, 0x73EF, 0x94F3, 0xA576,
    0x9514, 0x9D35, 0xADB7, 0xB5F8, 0x9D35, 0x4A8B, 0x3187, 0x31C8, 0x31C8, 0x3A09, 0x52AB, 0x6B6E, 0x73F0, 0x94D4, 0xBE39, 0xCEDB,
    0xCEFC, 0xCEDB, 0xCEDB, 0xCEFC, 0xDF7D, 0xD73C, 0xC6BA, 0xC6BA, 0xADB6, 0x73EF, 0x6B8E, 0x73CF, 0x6B6D, 0x41C6, 0x2924, 0x20C2,
    0x20E3, 0x39A6, 0x41C6, 0x3986, 0x2924, 0x3185, 0x41E7, 0x41C7, 0x41E7, 0x39C6, 0x41E7, 0x5269, 0x4A28, 0x3985, 0x3164, 0x3165,
    0x3144, 0x3164, 0x3144, 0x2903, 0x20E3, 0x2903, 0x3165, 0x39A6, 0x39A6, 0x39A6, 0x3145, 0x2904, 0x39A6, 0x3144, 0x20E3, 0x3164,
    0x3165, 0x41C6, 0x3986, 0x20E3, 0x20E3, 0x18C3, 0x1082, 0x0861, 0x1082, 0x18C3, 0x2104, 0x2945, 0x3185, 0x2104, 0x2944, 0x39C7,
    0x31A6, 0x39C6, 0x41E7, 0x4208, 0x4A48, 0x4207, 0x3165, 0x2103, 0x2924, 0x3165, 0x2924, 0x20E3, 0x20C3, 0x2924, 0x3165, 0x3165,
    0x3165, 0x39A6, 0x41E7, 0x39A6, 0x41E7, 0x3165, 0x2924, 0x39C7, 0x5AAA, 0x62EB, 0x528A, 0x4A28, 0x528A, 0x630C, 0x630C, 0x5269,
    0x5AAA, 0x528A, 0x41C7, 0x3165, 0x3145, 0x4A08, 0x62EB, 0x5A8A, 0x5A8A, 0x736D, 0x4A28, 0x41E7, 0x4A48, 0x3986, 0x41C7, 0x5269,
    0x3986, 0x3165, 0x3165, 0x3145, 0x2925, 0x4208, 0x39A6, 0x39C7, 0x5249, 0x39A7, 0x4A08, 0x39C7, 0x39A7, 0x41E8, 0x4208, 0x5269,
    0x4A08, 0x3165, 0x20E4, 0x4A28, 0x39A6, 0x3986, 0x4A28, 0x4207, 0x4208, 0x41C7, 0x5ACA, 0x6B4C, 0x5289, 0x5ACB, 0x630B, 0x4A48,
    0x52CA, 0x632C, 0x5ACA, 0x5AEB, 0x73AE, 0x4228, 0x52AA, 0x52AA, 0x4228, 0x4228, 0x4A69, 0x4228, 0x4228, 0x39E8, 0x3A08, 0x4229,
    0x4A6A, 0x4A8A, 0x4A8A, 0x4A8A, 0x2986, 0x0021, 0x0000, 0x0041, 0x0020, 0x0020, 0x0000, 0x0000, 0x0000, 0x0020, 0x0000, 0x0000,
    0x0000, 0x0000, 0x0000, 0x0000, 0x0000, 0x0000, 0x0000, 0x0000, 0x0000, 0x0000, 0x0000, 0x0000, 0x0000, 0x0000, 0x0000, 0x0000,
    0x0000, 0x0000, 0x0000, 0x0000, 0x0000, 0x0000, 0x0000, 0x0000, 0x0000, 0x0000, 0x0000, 0x0000, 0x0000, 0x0000, 0x0000, 0x0000,
    0x4227, 0x4A89, 0x73EF, 0x7C30, 0x73CE, 0x73AE, 0x4228, 0x4228, 0x4228, 0x39E7, 0x2965, 0x4248, 0x94D3, 0xB5D7, 0xB5F7, 0x94F3,
    0x73F0, 0x29A6, 0x31C7, 0x6BAF, 0xAD76, 0x5B0C, 0x31A7, 0x39C8, 0x31C8, 0x3A09, 0x4A8B, 0x6BAF, 0x9D15, 0xD6FC, 0xB5F8, 0x8492,
    0x8CD3, 0xBE59, 0xD73D, 0xDF5D, 0xBE79, 0x7C92, 0x7410, 0x84B2, 0x8492, 0x73CF, 0x73AF, 0x6B8E, 0x5269, 0x20C3, 0x20C2, 0x3124,
    0x41E7, 0x39A6, 0x2944, 0x20E3, 0x2103, 0x2944, 0x2924, 0x3985, 0x5248, 0x5A89, 0x5269, 0x41E7, 0x39A5, 0x2944, 0x2924, 0x3165,
    0x3985, 0x3164, 0x3144, 0x3985, 0x39A5, 0x3985, 0x3985, 0x3985, 0x3165, 0x3165, 0x2903, 0x3144, 0x3165, 0x20C2, 0x3165, 0x3985,
    0x3165, 0x3165, 0x3145, 0x2924, 0x20E3, 0x18A2, 0x0861, 0x1082, 0x1903, 0x2104, 0x2104, 0x2945, 0x3186, 0x3185, 0x4208, 0x41E7,
    0x41E7, 0x4A48, 0x4207, 0x4207, 0x41C6, 0x3165, 0x2944, 0x3165, 0x3165, 0x2924, 0x2904, 0x2924, 0x3165, 0x3165, 0x3165, 0x3985,
    0x39C6, 0x39A6, 0x39A6, 0x39C6, 0x2904, 0x20C3, 0x4208, 0x630C, 0x5AAA, 0x5249, 0x41E7, 0x4208, 0x5AAA, 0x62EB, 0x4A28, 0x5269,
    0x5ACB, 0x4208, 0x39C7, 0x39A7, 0x4A29, 0x6B2D, 0x5ACB, 0x4A29, 0x62EB, 0x5269, 0x41E7, 0x4A49, 0x39A6, 0x4208, 0x4A49, 0x4A28,
    0x41C7, 0x39C7, 0x3186, 0x3166, 0x41C7, 0x41E7, 0x3186, 0x528A, 0x41C7, 0x4208, 0x41E8, 0x41C7, 0x4A08, 0x41E7, 0x5249, 0x41E7,
    0x39C7, 0x20E3, 0x3166, 0x5269, 0x39A6, 0x39A6, 0x41E7, 0x41E7, 0x3145, 0x20E3, 0x5249, 0x5269, 0x39C7, 0x528A, 0x528A, 0x39C7,
    0x5289, 0x73AE, 0x630B, 0x630C, 0x5AEB, 0x4208, 0x4A49, 0x4A49, 0x4208, 0x4A69, 0x4A49, 0x39E7, 0x4A49, 0x4228, 0x4208, 0x4208,
    0x4229, 0x4249, 0x4249, 0x4249, 0x2144, 0x0020, 0x0841, 0x0020, 0x0020, 0x0000, 0x0000, 0x0000, 0x0000, 0x0020, 0x0000, 0x0000,
    0x0000, 0x0000, 0x0000, 0x0000, 0x0000, 0x0000, 0x0000, 0x0000, 0x0000, 0x0000, 0x0000, 0x0000, 0x0000, 0x0000, 0x0000, 0x0000,
    0x0000, 0x0000, 0x0000, 0x0000, 0x0000, 0x0000, 0x0000, 0x0000, 0x0000, 0x0000, 0x0000, 0x0000, 0x0000, 0x0000, 0x0000, 0x0000,
    0x4AA9, 0x9513, 0xCEFB, 0xBEB9, 0xC6DA, 0xB5F7, 0x4228, 0x4207, 0x4228, 0x4207, 0x31A6, 0x4A69, 0x4A89, 0x7C10, 0xA555, 0x7C50,
    0x8492, 0x4A8A, 0x31E7, 0x39E7, 0x4A6A, 0x4A49, 0x4208, 0x4229, 0x31C8, 0x31E8, 0x426A, 0x7C11, 0xCEBB, 0xBE39, 0x636E, 0x638E,
    0x636E, 0x8492, 0xC69A, 0xD73C, 0x8CF3, 0x638E, 0x73EF, 0x73EF, 0x73F0, 0x73F0, 0x73AF, 0x5AEB, 0x2924, 0x18C2, 0x3985, 0x41E7,
    0x2924, 0x2903, 0x20E3, 0x20E3, 0x2944, 0x3165, 0x39C6, 0x41E7, 0x41E7, 0x4A27, 0x39C6, 0x41C6, 0x41E6, 0x39A5, 0x41C6, 0x39A5,
    0x3144, 0x3165, 0x3985, 0x39A5, 0x39C6, 0x41C6, 0x3165, 0x3144, 0x3165, 0x2903, 0x2904, 0x3165, 0x20C2, 0x2924, 0x41E7, 0x3185,
    0x2944, 0x2924, 0x2103, 0x20E3, 0x1061, 0x0820, 0x10A2, 0x18E3, 0x18E3, 0x18E3, 0x2124, 0x3186, 0x39E7, 0x4208, 0x4A28, 0x4A28,
    0x5289, 0x4A28, 0x41E7, 0x39C6, 0x39C6, 0x39C6, 0x3185, 0x3165, 0x2944, 0x2944, 0x2944, 0x3165, 0x3185, 0x2944, 0x3165, 0x41E7,
    0x41C6, 0x39A6, 0x3165, 0x2904, 0x2924, 0x4A28, 0x5AAA, 0x4A28, 0x5AAA, 0x41C7, 0x4A49, 0x5ACB, 0x5249, 0x528A, 0x4A49, 0x5A8A,
    0x4A08, 0x4A28, 0x4A08, 0x528A, 0x630C, 0x41E8, 0x4A08, 0x62EC, 0x62EC, 0x4A28, 0x5ACB, 0x4208, 0x41E7, 0x5249, 0x526A, 0x528A,
    0x41E8, 0x3165, 0x3166, 0x39C7, 0x39A7, 0x39A7, 0x5249, 0x41C7, 0x39A7, 0x5249, 0x4A08, 0x41C7, 0x4A49, 0x5269, 0x4A28, 0x3186,
    0x3986, 0x20E3, 0x3986, 0x5269, 0x41E7, 0x4208, 0x4A08, 0x39A6, 0x2924, 0x3145, 0x4A28, 0x41E7, 0x41E7, 0x4A69, 0x4228, 0x39C6,
    0x4A69, 0x5AAA, 0x630C, 0x62EB, 0x4A48, 0x3186, 0x4228, 0x39E7, 0x4208, 0x528A, 0x4A49, 0x4228, 0x39E8, 0x4228, 0x3A08, 0x4228,
    0x4249, 0x4A69, 0x4249, 0x4249, 0x2104, 0x0020, 0x0020, 0x0000, 0x0000, 0x0000, 0x0000, 0x0000, 0x0000, 0x0000, 0x0000, 0x0000,
    0x0000, 0x0000, 0x0000, 0x0000, 0x0000, 0x0000, 0x0000, 0x0000, 0x0000, 0x0000, 0x0000, 0x0000, 0x0000, 0x0000, 0x0000, 0x0000,
    0x0000, 0x0000, 0x0000, 0x0000, 0x0000, 0x0000, 0x0000, 0x0000, 0x0000, 0x0000, 0x0000, 0x0000, 0x0000, 0x0000, 0x0000, 0x0000,
    0x84B1, 0xD73C, 0xCEFB, 0xCEFB, 0xD75C, 0xBE79, 0x6BAE, 0x39E7, 0x4208, 0x39E7, 0x52CA, 0x9D13, 0x8470, 0x73EF, 0xADD6, 0x9513,
    0x94D3, 0x7BF0, 0x39E7, 0x4A69, 0x4A69, 0x4A69, 0x630C, 0x8431, 0x4A8B, 0x2987, 0x426A, 0x8C93, 0xD6FC, 0x8C93, 0x634E, 0x6BAF,
    0x6BAF, 0x7410, 0xB5F8, 0xCEFB, 0x7C51, 0x6BAF, 0x73CF, 0x73CF, 0x7C10, 0x73CF, 0x73AF, 0x39C6, 0x18A2, 0x2944, 0x3144, 0x20C2,
    0x18A2, 0x3144, 0x39A5, 0x39A6, 0x3165, 0x3185, 0x3185, 0x3145, 0x4A07, 0x5248, 0x4A07, 0x5248, 0x4A27, 0x41C6, 0x39A5, 0x3144,
    0x2923, 0x3185, 0x3185, 0x3165, 0x3144, 0x2924, 0x3985, 0x3144, 0x20C2, 0x2924, 0x3144, 0x2903, 0x3144, 0x3985, 0x39A6, 0x3185,
    0x2944, 0x18C2, 0x18C2, 0x0820, 0x0820, 0x1082, 0x10C2, 0x18C3, 0x2104, 0x2945, 0x3186, 0x41E8, 0x528A, 0x5269, 0x5A8A, 0x5A8A,
    0x5269, 0x4A28, 0x5269, 0x4A28, 0x39C6, 0x3165, 0x39A6, 0x39A6, 0x39A6, 0x3165, 0x2944, 0x2944, 0x2103, 0x3165, 0x4207, 0x4A28,
    0x39A6, 0x2944, 0x2103, 0x2944, 0x4A08, 0x5249, 0x41E7, 0x4208, 0x5269, 0x528A, 0x528A, 0x4A28, 0x41C7, 0x4A28, 0x5AAA, 0x4A28,
    0x4A28, 0x41E7, 0x5249, 0x5269, 0x526A, 0x4A28, 0x630C, 0x5AAA, 0x528A, 0x5249, 0x4A29, 0x4A28, 0x62EB, 0x526A, 0x4A28, 0x3166,
    0x2925, 0x39A7, 0x39A6, 0x41C7, 0x39A7, 0x41E8, 0x39A7, 0x3166, 0x5249, 0x5269, 0x4A49, 0x3186, 0x62EB, 0x5269, 0x3145, 0x41C7,
    0x41E8, 0x18A2, 0x39C7, 0x4A49, 0x4A28, 0x4A08, 0x41E7, 0x3986, 0x2924, 0x41E7, 0x41E7, 0x4A28, 0x41E7, 0x4208, 0x2945, 0x41E7,
    0x41E7, 0x4A28, 0x630C, 0x528A, 0x41E7, 0x2965, 0x39E7, 0x31A6, 0x39C7, 0x4A69, 0x528A, 0x528A, 0x4208, 0x4228, 0x4228, 0x4228,
    0x3A08, 0x39E8, 0x3A08, 0x4208, 0x2124, 0x0841, 0x0000, 0x0000, 0x0000, 0x0000, 0x0000, 0x0000, 0x0000, 0x0000, 0x0000, 0x0000,
    0x0000, 0x0000, 0x0000, 0x0000, 0x0000, 0x0000, 0x0000, 0x0000, 0x0000, 0x0000, 0x0000, 0x0000, 0x0000, 0x0000, 0x0000, 0x0000,
    0x0000, 0x0000, 0x0000, 0x0000, 0x0000, 0x0000, 0x0000, 0x0000, 0x0000, 0x0000, 0x0000, 0x0000, 0x0000, 0x0000, 0x0000, 0x0000,
    0xADF7, 0x9513, 0x4AAA, 0x530C, 0x84B2, 0xBE79, 0xB617, 0x634C, 0x39C6, 0x39E7, 0x634C, 0xB5D7, 0xADD6, 0xADB6, 0xBE38, 0xA595,
    0x94F3, 0x9D55, 0x52AA, 0x4228, 0x528A, 0x4A69, 0x632D, 0x8C92, 0x73D0, 0x2987, 0x426A, 0x8CD3, 0xCEBB, 0x7C51, 0x634E, 0x6BAF,
    0x638E, 0x7410, 0xB618, 0xC6BA, 0x73F0, 0x6BAF, 0x73CF, 0x73AF, 0x6BAF, 0x73CF, 0x5ACB, 0x2103, 0x3185, 0x20E3, 0x18A2, 0x20E3,
    0x2944, 0x3165, 0x2945, 0x20E3, 0x18C2, 0x2924, 0x41E7, 0x5248, 0x41E7, 0x39A5, 0x41E6, 0x4A07, 0x39C6, 0x39A5, 0x2923, 0x2923,
    0x3164, 0x3985, 0x3165, 0x3144, 0x20E3, 0x3144, 0x3165, 0x20C2, 0x20E3, 0x2924, 0x2903, 0x3165, 0x3185, 0x39C6, 0x3185, 0x2103,
    0x18E2, 0x18C2, 0x0861, 0x0861, 0x1081, 0x1082, 0x1082, 0x20E3, 0x2924, 0x2945, 0x41E7, 0x5269, 0x5249, 0x5A8A, 0x62CA, 0x5A89,
    0x4A48, 0x5269, 0x4A08, 0x39A6, 0x39C6, 0x41E7, 0x39A6, 0x2944, 0x2924, 0x3145, 0x3165, 0x2924, 0x39A6, 0x5269, 0x5269, 0x3986,
    0x20E3, 0x2904, 0x41E7, 0x4A08, 0x41C7, 0x39C7, 0x41E7, 0x4208, 0x4208, 0x4A48, 0x4A08, 0x41E7, 0x4A08, 0x5289, 0x5AAA, 0x4A48,
    0x41C7, 0x4A28, 0x4A28, 0x41E7, 0x5AAA, 0x7BAE, 0x738D, 0x5AAA, 0x4A28, 0x5249, 0x4A48, 0x5AEB, 0x5289, 0x4A48, 0x2924, 0x39C7,
    0x41E7, 0x39A6, 0x39A6, 0x4A49, 0x41E7, 0x39C7, 0x20C3, 0x4208, 0x4A49, 0x5ACB, 0x3986, 0x4A49, 0x6B0C, 0x3166, 0x3166, 0x41C7,
    0x3185, 0x1882, 0x4A28, 0x4208, 0x4A49, 0x39A6, 0x39A6, 0x3165, 0x3165, 0x41C7, 0x41C7, 0x3986, 0x39A6, 0x3165, 0x2904, 0x4A28,
    0x41E7, 0x528A, 0x52AA, 0x4208, 0x31A6, 0x31A6, 0x3166, 0x31A6, 0x31A6, 0x736D, 0x630C, 0x528A, 0x5AEC, 0x5ACB, 0x4A49, 0x3A08,
    0x4249, 0x4249, 0x3A08, 0x4249, 0x1904, 0x0000, 0x0000, 0x0000, 0x0000, 0x0000, 0x0000, 0x0000, 0x0000, 0x0000, 0x0000, 0x0020,
    0x0000, 0x0000, 0x0000, 0x0000, 0x0000, 0x0000, 0x0000, 0x0000, 0x0000, 0x0000, 0x0000, 0x0000, 0x0000, 0x0000, 0x0000, 0x0000,
    0x0000, 0x0000, 0x0000, 0x0000, 0x0000, 0x0000, 0x0000, 0x0000, 0x0000, 0x0000, 0x0000, 0x0000, 0x0000, 0x0000, 0x0000, 0x0000,
    0x9D75, 0x29A6, 0x1924, 0x2165, 0x1945, 0x5B4D, 0xBE38, 0xA595, 0x4228, 0x39E7, 0x52CA, 0x8492, 0xADD6, 0xADF7, 0xADB6, 0xA596,
    0x9D34, 0xA575, 0x8CB2, 0x4A29, 0x4A49, 0x4A69, 0x4A69, 0x7C10, 0x8472, 0x29A7, 0x426A, 0x8CD3, 0xCEDC, 0x8CD4, 0x5B4D, 0x638F,
    0x638E, 0x8492, 0xCEBB, 0xADD7, 0x6B8E, 0x73CF, 0x73CF, 0x73AF, 0x73AF, 0x73AF, 0x39E7, 0x2944, 0x2103, 0x18C2, 0x2924, 0x3165,
    0x2944, 0x20E3, 0x18C3, 0x3165, 0x4A08, 0x62CA, 0x5A89, 0x4A28, 0x4A27, 0x4A27, 0x49E7, 0x41C6, 0x41C6, 0x39A5, 0x3144, 0x3165,
    0x3165, 0x3165, 0x3165, 0x2924, 0x3144, 0x3165, 0x20C3, 0x18A2, 0x2924, 0x2924, 0x3985, 0x3185, 0x39A6, 0x3985, 0x2103, 0x2124,
    0x2123, 0x10A2, 0x10A1, 0x10A1, 0x10A2, 0x1082, 0x18C3, 0x2104, 0x3165, 0x39A6, 0x4208, 0x4A28, 0x5249, 0x5269, 0x4A28, 0x41E7,
    0x41C6, 0x39A6, 0x41C7, 0x41E7, 0x39C6, 0x3185, 0x2924, 0x3165, 0x39A6, 0x3185, 0x2924, 0x4207, 0x5AAA, 0x4A28, 0x2944, 0x2103,
    0x3165, 0x4207, 0x41C7, 0x3185, 0x3986, 0x41E7, 0x4208, 0x4A08, 0x4A48, 0x39A6, 0x39A6, 0x39C6, 0x41E7, 0x5249, 0x4207, 0x39C6,
    0x4A28, 0x5AAA, 0x4A08, 0x5AAA, 0x7BAE, 0x736D, 0x62EB, 0x5269, 0x5AAA, 0x5ACA, 0x630B, 0x4228, 0x4A69, 0x39C6, 0x4207, 0x4A48,
    0x5289, 0x41E7, 0x4208, 0x5ACB, 0x4A49, 0x39A7, 0x39A6, 0x4A69, 0x526A, 0x6B2C, 0x41E8, 0x62CB, 0x4A08, 0x39A6, 0x39C7, 0x4A08,
    0x2904, 0x20E3, 0x5289, 0x4A08, 0x39A6, 0x39C7, 0x3186, 0x39A6, 0x41E7, 0x39C7, 0x3145, 0x3165, 0x39C7, 0x2924, 0x39A6, 0x5269,
    0x4208, 0x5269, 0x39C6, 0x4208, 0x2965, 0x39E7, 0x39A6, 0x39C7, 0x39C7, 0x4A49, 0x630C, 0x4A49, 0x4A69, 0x630C, 0x4208, 0x4A49,
    0x52AA, 0x52CB, 0x52CB, 0x4228, 0x0882, 0x0000, 0x0000, 0x0000, 0x0000, 0x0000, 0x0000, 0x0000, 0x0000, 0x0020, 0x0020, 0x0020,
    0x0000, 0x0000, 0x0000, 0x0000, 0x0000, 0x0000, 0x0000, 0x0000, 0x0000, 0x0000, 0x0000, 0x0000, 0x0000, 0x0000, 0x0000, 0x0000,
    0x0000, 0x0000, 0x0000, 0x0000, 0x0000, 0x0000, 0x0000, 0x0000, 0x0000, 0x0000, 0x0000, 0x0000, 0x0000, 0x0000, 0x0000, 0x0000,
    0x9D54, 0x3207, 0x2986, 0x31E7, 0x31C7, 0x2186, 0x7C71, 0xC699, 0x636D, 0x2986, 0x4248, 0x73EF, 0xA5B6, 0xA595, 0xA575, 0x8CB2,
    0x8492, 0x8CF3, 0xADB6, 0x7C10, 0x52EB, 0x52AB, 0x5B2D, 0xA576, 0x73D0, 0x29A7, 0x4ACB, 0x9535, 0xD6FC, 0xADF8, 0x7C72, 0x7410,
    0x7C51, 0xB618, 0xDF1C, 0x8451, 0x6B8F, 0x73D0, 0x73D0, 0x73CF, 0x7BD0, 0x738E, 0x4229, 0x2944, 0x18E2, 0x2924, 0x3185, 0x39A6,
    0x39C6, 0x4A07, 0x5289, 0x62EB, 0x5A89, 0x4A28, 0x4A07, 0x5A89, 0x5228, 0x41E6, 0x5248, 0x4A07, 0x39A5, 0x3164, 0x3124, 0x3144,
    0x2924, 0x3185, 0x3165, 0x3144, 0x39A6, 0x2924, 0x18A2, 0x20E3, 0x2944, 0x39A6, 0x3185, 0x39A6, 0x41E7, 0x2903, 0x2103, 0x2944,
    0x18E2, 0x1081, 0x0861, 0x10A1, 0x18C2, 0x18E3, 0x2104, 0x2945, 0x39A6, 0x41C7, 0x41E7, 0x5249, 0x4A28, 0x4A28, 0x41C7, 0x41C6,
    0x4A07, 0x41C6, 0x3965, 0x39A6, 0x39A6, 0x3165, 0x41E7, 0x39C6, 0x2944, 0x2103, 0x4A48, 0x5ACA, 0x39C6, 0x3145, 0x3185, 0x39A6,
    0x39C6, 0x39A6, 0x39C6, 0x41E7, 0x39C6, 0x3986, 0x41E7, 0x41E7, 0x2924, 0x2944, 0x41C7, 0x41C7, 0x5269, 0x5269, 0x39A6, 0x41C7,
    0x4A08, 0x41E7, 0x4A49, 0x5ACA, 0x5ACA, 0x4A48, 0x5249, 0x5ACA, 0x62EB, 0x528A, 0x4A28, 0x5ACA, 0x4207, 0x4228, 0x4A28, 0x3186,
    0x4208, 0x20E3, 0x39E7, 0x5ACB, 0x41E8, 0x2945, 0x4A28, 0x4A49, 0x5AAA, 0x528A, 0x39A7, 0x5A8A, 0x41E8, 0x5AAA, 0x3165, 0x39A7,
    0x2103, 0x41E7, 0x5AAA, 0x3185, 0x4208, 0x5249, 0x41C7, 0x41C7, 0x3186, 0x3186, 0x2924, 0x39A6, 0x39A6, 0x3186, 0x3986, 0x39C7,
    0x3986, 0x39C7, 0x3186, 0x4208, 0x3165, 0x2965, 0x3186, 0x41E8, 0x39C7, 0x4208, 0x4A49, 0x4A28, 0x4A69, 0x528A, 0x2965, 0x3A08,
    0x4A69, 0x4A69, 0x4249, 0x3A08, 0x0882, 0x0000, 0x0000, 0x0000, 0x0000, 0x0000, 0x0000, 0x0020, 0x0020, 0x0020, 0x0000, 0x0000,
    0x0000, 0x0020, 0x0000, 0x0000, 0x0000, 0x0000, 0x0000, 0x0000, 0x0000, 0x0000, 0x0000, 0x0000, 0x0000, 0x0000, 0x0000, 0x0000,
    0x0000, 0x0000, 0x0000, 0x0000, 0x0000, 0x0000, 0x0000, 0x0000, 0x0000, 0x0000, 0x0000, 0x0000, 0x0000, 0x0000, 0x0000, 0x0000,
    0x9D75, 0x6BCF, 0x2186, 0x31C7, 0x31E7, 0x29A6, 0x63CE, 0xC6BA, 0xA575, 0x4A8A, 0x2165, 0x31E7, 0x4AAA, 0x4ACB, 0x4ACB, 0x3A28,
    0x4269, 0x3208, 0x8CB2, 0xADB7, 0x9D35, 0x8CD3, 0xA576, 0x8CB3, 0x3208, 0x3229, 0x5B2D, 0xA5B7, 0xDF7E, 0xCF1C, 0xB619, 0xADB7,
    0xBE7A, 0xDF3D, 0x9D14, 0x636E, 0x73AF, 0x73B0, 0x7BD0, 0x7BD0, 0x7BF1, 0x630D, 0x528A, 0x2965, 0x3165, 0x5289, 0x5289, 0x5269,
    0x5269, 0x5AAA, 0x4A28, 0x41E7, 0x41E7, 0x4A07, 0x5A89, 0x5227, 0x41C6, 0x5248, 0x4A27, 0x3985, 0x3144, 0x3144, 0x3144, 0x3165,
    0x3985, 0x3165, 0x3145, 0x39A6, 0x3144, 0x1881, 0x20E3, 0x2924, 0x3185, 0x39A6, 0x39C6, 0x39C6, 0x3144, 0x2103, 0x2944, 0x2124,
    0x1081, 0x0860, 0x0861, 0x10A2, 0x18E3, 0x20E3, 0x2924, 0x3986, 0x3185, 0x41E7, 0x5248, 0x49E7, 0x4A07, 0x41E7, 0x3145, 0x3185,
    0x39A6, 0x3145, 0x3985, 0x4207, 0x3185, 0x2944, 0x20E3, 0x18A2, 0x2924, 0x5AAA, 0x5AAA, 0x3986, 0x3145, 0x3986, 0x41E7, 0x39C6,
    0x41E7, 0x4207, 0x41E7, 0x39A6, 0x41C7, 0x41E7, 0x39A6, 0x20E3, 0x3145, 0x39C6, 0x39A6, 0x4A28, 0x4A28, 0x39A6, 0x39A6, 0x39C6,
    0x3986, 0x4207, 0x5A8A, 0x4A28, 0x4A28, 0x4207, 0x62EB, 0x630B, 0x5269, 0x39C7, 0x5ACA, 0x4A69, 0x4228, 0x4228, 0x2965, 0x4A48,
    0x2924, 0x3186, 0x5ACB, 0x5ACB, 0x2965, 0x39A7, 0x5AAA, 0x4A28, 0x526A, 0x39A6, 0x526A, 0x5A8A, 0x4208, 0x39A7, 0x2945, 0x39A6,
    0x2104, 0x62CB, 0x4A49, 0x39C6, 0x5A8A, 0x5269, 0x4A08, 0x39A6, 0x39C7, 0x3986, 0x39A6, 0x41E7, 0x39C7, 0x3145, 0x3165, 0x3986,
    0x39A6, 0x39A6, 0x3186, 0x31A6, 0x2965, 0x2965, 0x31A6, 0x4A49, 0x3186, 0x4228, 0x4208, 0x4228, 0x5AEB, 0x4228, 0x3186, 0x4228,
    0x31C6, 0x4A69, 0x4228, 0x31C7, 0x0882, 0x0000, 0x0000, 0x0000, 0x0020, 0x0020, 0x0020, 0x0020, 0x0000, 0x0000, 0x0000, 0x0000,
    0x0000, 0x0000, 0x0000, 0x0000, 0x0000, 0x0000, 0x0000, 0x0000, 0x0000, 0x0000, 0x0000, 0x0000, 0x0000, 0x0000, 0x0000, 0x0000,
    0x0000, 0x0000, 0x0000, 0x0000, 0x0000, 0x0000, 0x0000, 0x0000, 0x0000, 0x0000, 0x0000, 0x0000, 0x0000, 0x0000, 0x0000, 0x0000,
    0x9513, 0xA5B6, 0x6BCE, 0x3228, 0x31E7, 0x3A48, 0x84D2, 0xCF3C, 0xC6DA, 0x9D55, 0x6BEF, 0x530B, 0x42AA, 0x428A, 0x3208, 0x21A6,
    0x2186, 0x2186, 0x29A6, 0x530C, 0x7C31, 0x8471, 0x636D, 0x31E8, 0x3208, 0x42AB, 0x7C52, 0xCEFC, 0xBE7A, 0x9D76, 0xA596, 0xADD8,
    0xADD7, 0x8492, 0x6B6E, 0x6B8F, 0x73AF, 0x73D0, 0x7BD0, 0x7BD0, 0x7BB0, 0x6B2D, 0x41E7, 0x41E7, 0x528A, 0x41E7, 0x39A6, 0x4A48,
    0x5A8A, 0x5249, 0x4207, 0x4A07, 0x62EA, 0x5AA9, 0x41E6, 0x4A07, 0x5247, 0x4A07, 0x39A5, 0x39A5, 0x3144, 0x3964, 0x3965, 0x3165,
    0x3164, 0x3985, 0x39A6, 0x2924, 0x1881, 0x20C2, 0x3165, 0x2944, 0x39A6, 0x4207, 0x39C6, 0x39C6, 0x2924, 0x2944, 0x2944, 0x18C2,
    0x0840, 0x0840, 0x10C2, 0x18E3, 0x20E3, 0x2104, 0x3185, 0x39A6, 0x41E7, 0x39C6, 0x41C6, 0x3986, 0x3185, 0x3165, 0x3144, 0x3985,
    0x3165, 0x3165, 0x41C7, 0x2944, 0x18C2, 0x18C2, 0x18C2, 0x39A6, 0x6B2C, 0x5289, 0x3185, 0x3165, 0x41E7, 0x4207, 0x39C6, 0x39C6,
    0x4207, 0x39C6, 0x39C6, 0x39C6, 0x39A6, 0x3165, 0x20E3, 0x39A6, 0x4A48, 0x39A6, 0x4207, 0x3165, 0x2924, 0x3165, 0x39A6, 0x41E7,
    0x41E7, 0x4A28, 0x39C6, 0x41E7, 0x41C7, 0x4A48, 0x4A28, 0x5269, 0x5A8A, 0x4207, 0x41E7, 0x52AA, 0x5289, 0x2124, 0x5269, 0x4208,
    0x2924, 0x39C7, 0x6B4D, 0x528A, 0x4208, 0x4208, 0x4A49, 0x5269, 0x4208, 0x4A08, 0x6B0C, 0x526A, 0x5269, 0x39C7, 0x4208, 0x39A7,
    0x2945, 0x5269, 0x5A8A, 0x5269, 0x4A28, 0x4A08, 0x39C7, 0x41E8, 0x3186, 0x3165, 0x41C7, 0x39C7, 0x2945, 0x20E3, 0x3986, 0x3165,
    0x39C7, 0x39C7, 0x3186, 0x3185, 0x3165, 0x2945, 0x39A7, 0x4208, 0x41E7, 0x41E7, 0x39C7, 0x39C7, 0x528A, 0x4207, 0x2965, 0x5289,
    0x52AA, 0x52AA, 0x4228, 0x31C7, 0x0861, 0x0000, 0x0020, 0x0020, 0x0020, 0x0000, 0x0000, 0x0000, 0x0000, 0x0000, 0x0000, 0x0000,
    0x0000, 0x0000, 0x0000, 0x0000, 0x0000, 0x0000, 0x0000, 0x0000, 0x0000, 0x0000, 0x0000, 0x0000, 0x0000, 0x0000, 0x0000, 0x0000,
    0x0000, 0x0000, 0x0000, 0x0000, 0x0000, 0x0000, 0x0000, 0x0000, 0x0000, 0x0000, 0x0000, 0x0000, 0x0000, 0x0000, 0x0000, 0x0000,
    0x532C, 0xA5B6, 0xBE58, 0x9534, 0x7C91, 0x9D74, 0xCF1B, 0xC6FA, 0xB658, 0xBE59, 0xBE58, 0xBE38, 0xADD6, 0x9D75, 0x84B2, 0x63CF,
    0x4AEB, 0x2A08, 0x21A6, 0x2186, 0x31E7, 0x3A08, 0x3A28, 0x3A29, 0x4ACB, 0x7C51, 0xC69A, 0xBE7A, 0x636E, 0x532D, 0x5B4E, 0x634E,
    0x5B2D, 0x634E, 0x6B8F, 0x6B8F, 0x73AF, 0x73B0, 0x7BD0, 0x73CF, 0x7BF0, 0x630C, 0x41E7, 0x4207, 0x2924, 0x2924, 0x4207, 0x5269,
    0x5ACB, 0x5A89, 0x5269, 0x5AA9, 0x5268, 0x49E6, 0x4A27, 0x5A68, 0x5248, 0x41C6, 0x41C5, 0x3985, 0x3985, 0x3985, 0x3985, 0x3144,
    0x3165, 0x3165, 0x20E3, 0x18A2, 0x20C2, 0x3985, 0x3986, 0x39A6, 0x41E7, 0x3985, 0x41E7, 0x3185, 0x2944, 0x3165, 0x2124, 0x18A2,
    0x18C2, 0x18E3, 0x2944, 0x2964, 0x2965, 0x3185, 0x39A6, 0x41E7, 0x41E7, 0x39A6, 0x39A6, 0x3124, 0x3185, 0x3165, 0x2924, 0x2103,
    0x2924, 0x3985, 0x20E3, 0x1061, 0x20E3, 0x3185, 0x5249, 0x6B2C, 0x5269, 0x3185, 0x3185, 0x5249, 0x5269, 0x4A28, 0x41E7, 0x39C6,
    0x39C6, 0x41C7, 0x39A6, 0x3145, 0x3165, 0x3165, 0x39C6, 0x41E7, 0x3185, 0x39A6, 0x3165, 0x2924, 0x3165, 0x39A6, 0x41E7, 0x4A48,
    0x4207, 0x41E7, 0x41E7, 0x41C6, 0x39C6, 0x39C6, 0x4A48, 0x4A48, 0x41C7, 0x41E7, 0x52AA, 0x5289, 0x2124, 0x52CA, 0x4A28, 0x2103,
    0x3186, 0x4A49, 0x5ACB, 0x4208, 0x39C7, 0x4208, 0x5269, 0x4A49, 0x41E8, 0x630C, 0x4A49, 0x5269, 0x5249, 0x5269, 0x4208, 0x4208,
    0x39A7, 0x528A, 0x6B2C, 0x5269, 0x41E8, 0x41E7, 0x4A29, 0x3986, 0x39A7, 0x41C7, 0x3986, 0x3166, 0x2104, 0x2104, 0x39A6, 0x3165,
    0x4208, 0x39A6, 0x3165, 0x3186, 0x3165, 0x41C7, 0x4A08, 0x3166, 0x41E8, 0x4A28, 0x4A08, 0x41E8, 0x4A48, 0x31A6, 0x39C6, 0x5289,
    0x4228, 0x4208, 0x4A49, 0x4249, 0x2104, 0x0861, 0x0020, 0x0000, 0x0000, 0x0000, 0x0000, 0x0000, 0x0000, 0x0000, 0x0000, 0x0000,
    0x0000, 0x0000, 0x0000, 0x0000, 0x0000, 0x0000, 0x0000, 0x0000, 0x0000, 0x0000, 0x0000, 0x0000, 0x0000, 0x0000, 0x0000, 0x0000,
    0x0000, 0x0000, 0x0000, 0x0000, 0x0000, 0x0000, 0x0000, 0x0000, 0x0000, 0x0000, 0x0000, 0x0000, 0x0000, 0x0000, 0x0000, 0x0000,
    0x2986, 0x4249, 0x8CB2, 0xADF7, 0xB658, 0xA5D6, 0x7C71, 0x4ACA, 0x4228, 0x4249, 0x52EB, 0x8CB2, 0xBE58, 0xD71C, 0xCF1C, 0xC6DA,
    0xAE17, 0x84B2, 0x42CB, 0x3228, 0x428A, 0x4AAB, 0x4AAB, 0x530C, 0x8CD3, 0xCEDB, 0xD75D, 0x7C72, 0x530C, 0x6BAF, 0x6B8F, 0x6B8F,
    0x6B6F, 0x6B8F, 0x6B8F, 0x738F, 0x73AF, 0x73B0, 0x7BD0, 0x7BCF, 0x73AE, 0x5269, 0x39A6, 0x2103, 0x2924, 0x5269, 0x5AAA, 0x5AAA,
    0x5AAA, 0x62CA, 0x5A89, 0x41C6, 0x4A07, 0x4A07, 0x5A89, 0x5227, 0x49E6, 0x49E6, 0x3985, 0x41C6, 0x49E6, 0x39A5, 0x39A5, 0x3164,
    0x3165, 0x20E3, 0x20C2, 0x20C2, 0x3144, 0x3165, 0x3986, 0x41E7, 0x39A6, 0x39C6, 0x39A6, 0x2944, 0x3165, 0x2924, 0x20E3, 0x10A2,
    0x1082, 0x2103, 0x2944, 0x2965, 0x3185, 0x39A6, 0x39A6, 0x39A6, 0x3985, 0x3145, 0x20E3, 0x2904, 0x3985, 0x18C2, 0x1081, 0x2903,
    0x3165, 0x2904, 0x20C2, 0x2944, 0x41E7, 0x5289, 0x62EB, 0x4A48, 0x39A6, 0x39C6, 0x4A48, 0x4A28, 0x39C6, 0x41E7, 0x41E7, 0x41C7,
    0x39A6, 0x3165, 0x2944, 0x3986, 0x39C6, 0x39C6, 0x39C6, 0x3185, 0x39C6, 0x39C6, 0x3185, 0x3185, 0x39C6, 0x4A28, 0x4A28, 0x41E7,
    0x41C6, 0x4207, 0x39C6, 0x2944, 0x3185, 0x41C7, 0x41E7, 0x2944, 0x41E7, 0x5AAA, 0x4A28, 0x31A6, 0x5ACA, 0x5AEB, 0x3185, 0x4A48,
    0x528A, 0x5ACB, 0x4A29, 0x3166, 0x41E8, 0x39C7, 0x526A, 0x4208, 0x528A, 0x41E8, 0x39C7, 0x4A08, 0x528A, 0x528A, 0x4208, 0x4228,
    0x4A49, 0x5AAB, 0x5249, 0x5269, 0x4A08, 0x5269, 0x39C7, 0x39A6, 0x5269, 0x3986, 0x41E8, 0x3165, 0x2904, 0x3145, 0x39A6, 0x41C7,
    0x4A49, 0x39A6, 0x3986, 0x3165, 0x3186, 0x5249, 0x3166, 0x3986, 0x41C7, 0x4208, 0x4A29, 0x41E8, 0x41E7, 0x3185, 0x39E7, 0x4207,
    0x39E7, 0x39C7, 0x4A49, 0x39C7, 0x2966, 0x18E3, 0x0841, 0x0000, 0x0000, 0x0000, 0x0000, 0x0000, 0x0000, 0x0000, 0x0000, 0x0000,
    0x0000, 0x0000, 0x0000, 0x0000, 0x0000, 0x0000, 0x0000, 0x0000, 0x0000, 0x0000, 0x0000, 0x0000, 0x0000, 0x0000, 0x0000, 0x0000,
    0x0000, 0x0000, 0x0000, 0x0000, 0x0000, 0x0000, 0x0000, 0x0000, 0x0000, 0x0000, 0x0000, 0x0000, 0x0000, 0x0000, 0x0000, 0x0000,
    0x39E7, 0x2985, 0x4248, 0x5B2C, 0x52EB, 0x29A6, 0x1904, 0x31A6, 0x39E7, 0x39A7, 0x2124, 0x2145, 0x4269, 0x8CD3, 0xC69A, 0xD73C,
    0xD75D, 0xBEDA, 0x9D96, 0x7430, 0x7C51, 0x8492, 0x8492, 0xA596, 0xD73C, 0xCEFC, 0x9D76, 0x530D, 0x636E, 0x638F, 0x636F, 0x6B6F,
    0x6B6F, 0x6B6F, 0x6B8F, 0x738F, 0x73AF, 0x73B0, 0x7BCF, 0x73AE, 0x5289, 0x2944, 0x1081, 0x2103, 0x4A27, 0x4A28, 0x4A68, 0x5ACA,
    0x62EB, 0x5248, 0x3144, 0x4A07, 0x4A07, 0x49E6, 0x5248, 0x4A07, 0x4A27, 0x41C6, 0x39A5, 0x5248, 0x41E6, 0x3985, 0x3144, 0x3144,
    0x2103, 0x20E3, 0x18C2, 0x2924, 0x3986, 0x3185, 0x39C6, 0x3185, 0x39C6, 0x3986, 0x3185, 0x3165, 0x2944, 0x2944, 0x18C3, 0x18A2,
    0x2924, 0x3165, 0x3185, 0x39C6, 0x39C6, 0x3185, 0x2944, 0x2923, 0x3164, 0x2904, 0x18C2, 0x2924, 0x2103, 0x20C3, 0x2924, 0x3165,
    0x2944, 0x3185, 0x39A6, 0x4A28, 0x5269, 0x5ACA, 0x4207, 0x3185, 0x41E7, 0x4A48, 0x4207, 0x4207, 0x41E7, 0x39A6, 0x3165, 0x2944,
    0x3185, 0x39A6, 0x41E7, 0x4A28, 0x41E7, 0x3165, 0x2924, 0x3185, 0x4A28, 0x41C6, 0x39C6, 0x4A07, 0x4A28, 0x4A28, 0x41E7, 0x41C7,
    0x4A07, 0x3985, 0x2924, 0x39A6, 0x41E7, 0x2924, 0x20C2, 0x41E7, 0x5AAA, 0x4A07, 0x41C7, 0x5AAA, 0x6B4C, 0x630B, 0x5AEB, 0x4A69,
    0x4A28, 0x5A8A, 0x4208, 0x4208, 0x39C7, 0x41E7, 0x4A49, 0x4A49, 0x4208, 0x41E8, 0x5269, 0x4A49, 0x5AAA, 0x528A, 0x52AA, 0x528A,
    0x6B2C, 0x5AAA, 0x4A28, 0x526A, 0x4208, 0x39A6, 0x39C7, 0x39C7, 0x39A7, 0x5269, 0x4208, 0x2925, 0x3166, 0x41C7, 0x41C7, 0x41E7,
    0x4A28, 0x39C7, 0x3165, 0x39A6, 0x41E7, 0x39A6, 0x3986, 0x39C7, 0x41C7, 0x39C7, 0x4A29, 0x41C7, 0x39A7, 0x39C6, 0x39C7, 0x39A6,
    0x39E7, 0x41E7, 0x526A, 0x3186, 0x3166, 0x1062, 0x0861, 0x0000, 0x0000, 0x0000, 0x0000, 0x0000, 0x0000, 0x0000, 0x0000, 0x0000,
    0x0000, 0x0000, 0x0000, 0x0000, 0x0000, 0x0000, 0x0000, 0x0000, 0x0000, 0x0000, 0x0000, 0x0000, 0x0000, 0x0000, 0x0000, 0x0000,
    0x0000, 0x0000, 0x0000, 0x0000, 0x0000, 0x0000, 0x0000, 0x0000, 0x0000, 0x0000, 0x0000, 0x0000, 0x0000, 0x0000, 0x0000, 0x0000,
    0x4A89, 0x636D, 0xAD95, 0x8CB2, 0x8C91, 0x7C0F, 0x4AAA, 0x31C7, 0x4208, 0x39E7, 0x3186, 0x29A6, 0x2166, 0x29A6, 0x6BAE, 0xB638,
    0xCF1B, 0xD75D, 0xC6FB, 0xC6BA, 0xCEFB, 0xCEFB, 0xCF1C, 0xCF1C, 0x84B3, 0x4AEC, 0x428B, 0x52EC, 0x636E, 0x636F, 0x636F, 0x6B6F,
    0x636E, 0x6B6F, 0x6B6F, 0x738F, 0x738F, 0x73AF, 0x7BCF, 0x5AAA, 0x2923, 0x18C1, 0x2923, 0x5288, 0x4A27, 0x4A48, 0x5289, 0x5ACA,
    0x5248, 0x41C6, 0x5268, 0x5248, 0x49E7, 0x49E7, 0x4A07, 0x49E7, 0x4A07, 0x41C6, 0x49E7, 0x4A07, 0x39A5, 0x3164, 0x2903, 0x20E3,
    0x20E3, 0x20E3, 0x2924, 0x2944, 0x3165, 0x3986, 0x39A6, 0x39C6, 0x41E7, 0x2944, 0x39C6, 0x3165, 0x2944, 0x2944, 0x20E3, 0x3185,
    0x3185, 0x39C6, 0x4207, 0x3185, 0x3165, 0x2923, 0x2903, 0x18C2, 0x2103, 0x20E3, 0x1081, 0x20E3, 0x2103, 0x2944, 0x3185, 0x39A6,
    0x41E7, 0x41E7, 0x39C6, 0x5269, 0x5269, 0x3986, 0x39A6, 0x4207, 0x4A48, 0x4A08, 0x4A08, 0x41C7, 0x3165, 0x2924, 0x3165, 0x41C7,
    0x39C6, 0x39C6, 0x4207, 0x39A6, 0x2924, 0x2904, 0x3165, 0x41E7, 0x41E7, 0x41C7, 0x4A07, 0x4A28, 0x5248, 0x4A07, 0x41E7, 0x4A07,
    0x3985, 0x2924, 0x39A6, 0x3985, 0x2924, 0x20E3, 0x3165, 0x4A28, 0x5A8A, 0x4A28, 0x5269, 0x630B, 0x6B4C, 0x5289, 0x39C6, 0x39A6,
    0x630C, 0x6B4D, 0x5269, 0x4208, 0x39C7, 0x5269, 0x4A49, 0x4A28, 0x4A49, 0x5AEB, 0x5AEB, 0x5ACB, 0x52AA, 0x528A, 0x52AA, 0x632C,
    0x62EC, 0x4A49, 0x5269, 0x5269, 0x31A6, 0x39E7, 0x4228, 0x2925, 0x5269, 0x528A, 0x31A6, 0x3165, 0x39C7, 0x41E8, 0x4207, 0x4A28,
    0x4A48, 0x3165, 0x39A6, 0x4208, 0x39C7, 0x39C7, 0x3166, 0x41E7, 0x39C7, 0x4A08, 0x41E8, 0x39A6, 0x41E7, 0x41E7, 0x39A6, 0x2945,
    0x3165, 0x4208, 0x41E7, 0x39A7, 0x2945, 0x1082, 0x1082, 0x0841, 0x0841, 0x0000, 0x0000, 0x0000, 0x0000, 0x0000, 0x0000, 0x0000,
    0x0000, 0x0000, 0x0000, 0x0000, 0x0000, 0x0000, 0x0000, 0x0000, 0x0000, 0x0000, 0x0000, 0x0000, 0x0000, 0x0000, 0x0000, 0x0000,
    0x0000, 0x0000, 0x0000, 0x0000, 0x0000, 0x0000, 0x0000, 0x0000, 0x0000, 0x0000, 0x0000, 0x0000, 0x0000, 0x0000, 0x0000, 0x0000,
    0x740F, 0x94F3, 0xA575, 0x3A07, 0x638D, 0x9D14, 0x9D14, 0x5B2C, 0x31C7, 0x39E7, 0x2986, 0x2966, 0x31A7, 0x3A08, 0x29A6, 0x5B4D,
    0xADF7, 0xCEFB, 0xCF1C, 0xC6DA, 0xCF1B, 0xD75C, 0xC6DB, 0x6BD0, 0x3209, 0x3A29, 0x426B, 0x5AED, 0x634E, 0x634E, 0x634E, 0x634E,
    0x636E, 0x6B6F, 0x6B6F, 0x6B6F, 0x738F, 0x7BCF, 0x6B4D, 0x3185, 0x18A1, 0x20E2, 0x4A27, 0x41E6, 0x4A27, 0x5268, 0x4207, 0x4A27,
    0x4A28, 0x5269, 0x5248, 0x4A27, 0x41E6, 0x4A07, 0x5248, 0x49E7, 0x41E6, 0x4207, 0x4207, 0x39A6, 0x3165, 0x20E3, 0x2103, 0x2924,
    0x2924, 0x2103, 0x2944, 0x2904, 0x2924, 0x39A6, 0x39A6, 0x4A28, 0x3165, 0x3165, 0x3185, 0x2944, 0x2924, 0x3165, 0x3185, 0x39A6,
    0x4207, 0x41E7, 0x3144, 0x2924, 0x2103, 0x18C2, 0x18A2, 0x18A2, 0x20E3, 0x18C2, 0x18C2, 0x2944, 0x2944, 0x3185, 0x41E7, 0x4A28,
    0x39C6, 0x41E7, 0x5289, 0x5248, 0x3165, 0x39A6, 0x5269, 0x5ACA, 0x4A48, 0x41E7, 0x3165, 0x2924, 0x3185, 0x39C6, 0x41E7, 0x39C6,
    0x39A6, 0x3185, 0x3185, 0x3165, 0x39A6, 0x39A6, 0x41C7, 0x4A08, 0x41E7, 0x4A28, 0x4A28, 0x5248, 0x5248, 0x41C7, 0x39A6, 0x3165,
    0x3165, 0x41E7, 0x3165, 0x18A2, 0x3144, 0x41C7, 0x41E7, 0x5269, 0x5249, 0x4A28, 0x41E7, 0x39C6, 0x39C6, 0x2103, 0x2924, 0x5269,
    0x6B4D, 0x528A, 0x4A49, 0x3186, 0x41E8, 0x5269, 0x4A29, 0x4A49, 0x5ACB, 0x5AEB, 0x5AEB, 0x526A, 0x4A49, 0x52AA, 0x5AEB, 0x5ACB,
    0x4208, 0x41E7, 0x4A08, 0x39C7, 0x31A6, 0x4A69, 0x39C7, 0x528A, 0x62EB, 0x5ACB, 0x4A49, 0x39A6, 0x39A7, 0x4A29, 0x4207, 0x4A28,
    0x4208, 0x39A6, 0x4A49, 0x41E7, 0x39C7, 0x39A7, 0x3186, 0x4A08, 0x4208, 0x4A08, 0x41E7, 0x41E8, 0x4A28, 0x39C6, 0x2945, 0x3185,
    0x39C6, 0x41E7, 0x39A6, 0x39C7, 0x3166, 0x18A3, 0x1062, 0x1062, 0x0021, 0x0000, 0x0000, 0x0000, 0x0000, 0x0000, 0x0000, 0x0000,
    0x0000, 0x0000, 0x0000, 0x0000, 0x0000, 0x0000, 0x0000, 0x0000, 0x0000, 0x0000, 0x0000, 0x0000, 0x0000, 0x0000, 0x0000, 0x0000,
    0x0000, 0x0000, 0x0000, 0x0000, 0x0000, 0x0000, 0x0000, 0x0000, 0x0000, 0x0000, 0x0000, 0x0000, 0x0000, 0x0000, 0x0000, 0x0000,
    0x8451, 0xA575, 0x9D55, 0x3A28, 0x31E7, 0x52CB, 0x94F3, 0xA555, 0x5AEB, 0x31A7, 0x2986, 0x2965, 0x31A7, 0x3A29, 0x3A29, 0x3228,
    0x84D2, 0xCF1C, 0x9D96, 0x5BAE, 0xAE38, 0xCF1C, 0x6C31, 0x29E8, 0x426B, 0x426B, 0x4A8B, 0x5AED, 0x634E, 0x634E, 0x634F, 0x634E,
    0x634E, 0x636F, 0x6B8F, 0x6B8F, 0x73AF, 0x73AF, 0x4208, 0x20C2, 0x20C1, 0x39C5, 0x41C6, 0x4206, 0x4A27, 0x39C5, 0x39A5, 0x39C6,
    0x4A07, 0x4A07, 0x5268, 0x4A27, 0x41C6, 0x41E6, 0x5228, 0x5248, 0x4A07, 0x39A6, 0x39A6, 0x2924, 0x18A2, 0x2924, 0x3144, 0x3144,
    0x2924, 0x3185, 0x3145, 0x2924, 0x3185, 0x39A6, 0x39A6, 0x39C6, 0x3165, 0x3165, 0x2944, 0x2924, 0x3145, 0x39C6, 0x4A28, 0x4207,
    0x3165, 0x20E3, 0x20E3, 0x2103, 0x18C2, 0x20E3, 0x20E3, 0x2103, 0x2924, 0x20E3, 0x2103, 0x3144, 0x3165, 0x3985, 0x3985, 0x3185,
    0x4A28, 0x5269, 0x4207, 0x39A6, 0x4A28, 0x5289, 0x5289, 0x41E7, 0x3185, 0x2924, 0x2924, 0x4207, 0x4A28, 0x39A6, 0x3185, 0x41E7,
    0x39C6, 0x3185, 0x3185, 0x3165, 0x3145, 0x3185, 0x4207, 0x41C7, 0x4207, 0x5269, 0x5A8A, 0x4A28, 0x41E7, 0x41C6, 0x3985, 0x39A6,
    0x39A6, 0x3145, 0x18A2, 0x2924, 0x4A28, 0x5269, 0x5249, 0x5269, 0x3165, 0x2924, 0x20E3, 0x3986, 0x3165, 0x39A6, 0x4208, 0x528A,
    0x4A28, 0x5269, 0x39C7, 0x4208, 0x528A, 0x4208, 0x4A29, 0x5269, 0x5A8A, 0x4A49, 0x528A, 0x4A49, 0x4A49, 0x52AA, 0x632C, 0x5269,
    0x2945, 0x39C7, 0x41E7, 0x39A6, 0x39A6, 0x3165, 0x4228, 0x6B4D, 0x4A29, 0x738E, 0x4228, 0x39A6, 0x4A28, 0x4A49, 0x39A6, 0x4A49,
    0x41C7, 0x62CB, 0x6B0C, 0x41E7, 0x39C7, 0x3165, 0x39C7, 0x4A08, 0x41E8, 0x4A28, 0x4A49, 0x4A29, 0x41E8, 0x3186, 0x39A6, 0x39C6,
    0x3186, 0x4207, 0x39C7, 0x4208, 0x3166, 0x1062, 0x0821, 0x0000, 0x0020, 0x0020, 0x0000, 0x0000, 0x0000, 0x0000, 0x0000, 0x0000,
    0x0000, 0x0000, 0x0000, 0x0000, 0x0000, 0x0000, 0x0000, 0x0000, 0x0000, 0x0000, 0x0000, 0x0000, 0x0000, 0x0000, 0x0000, 0x0000,
    0x0000, 0x0000, 0x0000, 0x0000, 0x0000, 0x0000, 0x0000, 0x0000, 0x0000, 0x0000, 0x0000, 0x0000, 0x0000, 0x0000, 0x0000, 0x0000,
    0x638D, 0xA555, 0xADD7, 0x52CB, 0x4AAA, 0x4A8A, 0x5B0C, 0xA575, 0x8CB3, 0x31C7, 0x2986, 0x2966, 0x31C7, 0x4249, 0x428A, 0x7410,
    0xBE59, 0xD73C, 0xA5F7, 0x7471, 0xB659, 0xC6FB, 0x6BF0, 0x29E9, 0x3A4B, 0x424B, 0x426B, 0x52ED, 0x634F, 0x6B6F, 0x6B4F, 0x634F,
    0x634E, 0x636F, 0x6B8F, 0x6B8F, 0x73D0, 0x632D, 0x2123, 0x18A1, 0x3123, 0x39A5, 0x4A07, 0x4A27, 0x3985, 0x3164, 0x41E6, 0x41C6,
    0x41E7, 0x5268, 0x5269, 0x4A07, 0x5A89, 0x62CA, 0x5A89, 0x39A6, 0x28E3, 0x2924, 0x20E3, 0x1061, 0x20E3, 0x3144, 0x20E3, 0x20E3,
    0x3165, 0x3165, 0x3165, 0x39A6, 0x39A6, 0x39A6, 0x39A6, 0x2944, 0x2944, 0x2103, 0x2924, 0x39A6, 0x41E7, 0x4A28, 0x4207, 0x2924,
    0x18C2, 0x18C2, 0x20E3, 0x18C2, 0x20E3, 0x20E3, 0x18C2, 0x18A2, 0x20E3, 0x20E3, 0x2103, 0x2944, 0x39A6, 0x39C6, 0x39C6, 0x4A48,
    0x4A48, 0x39A6, 0x3165, 0x4A28, 0x5269, 0x4A48, 0x41C7, 0x3145, 0x3185, 0x39C6, 0x4207, 0x4A08, 0x4207, 0x39C6, 0x41E7, 0x39A6,
    0x39A6, 0x39C6, 0x3165, 0x3145, 0x3165, 0x39C6, 0x41E7, 0x5269, 0x5AAA, 0x5248, 0x41C7, 0x39A6, 0x41C7, 0x41C6, 0x41C6, 0x3145,
    0x20E3, 0x2903, 0x41C6, 0x41E7, 0x39A6, 0x41C7, 0x4A28, 0x2904, 0x2903, 0x3165, 0x3165, 0x39A6, 0x39A6, 0x4A08, 0x5249, 0x4A08,
    0x5269, 0x5269, 0x4A08, 0x5269, 0x4207, 0x4A49, 0x5269, 0x5269, 0x62CB, 0x62EB, 0x5269, 0x528A, 0x5ACB, 0x738E, 0x5AAB, 0x3165,
    0x3186, 0x41E8, 0x4A08, 0x2924, 0x2945, 0x39A6, 0x630C, 0x5ACB, 0x4A28, 0x62EB, 0x4A28, 0x4A49, 0x5AAA, 0x41E8, 0x4A49, 0x5ACB,
    0x4A28, 0x6B2D, 0x5269, 0x4208, 0x2945, 0x4A08, 0x3166, 0x4A29, 0x4A49, 0x4A29, 0x4A28, 0x4A08, 0x39A7, 0x3166, 0x39C7, 0x3986,
    0x3986, 0x4207, 0x39A6, 0x4A28, 0x41C7, 0x1062, 0x0821, 0x0021, 0x0021, 0x0021, 0x0000, 0x0000, 0x0000, 0x0000, 0x0000, 0x0000,
    0x0000, 0x0000, 0x0000, 0x0000, 0x0000, 0x0000, 0x0000, 0x0000, 0x0000, 0x0000, 0x0000, 0x0000, 0x0000, 0x0000, 0x0000, 0x0000,
    0x0000, 0x0000, 0x0000, 0x0000, 0x0000, 0x0000, 0x0000, 0x0000, 0x0000, 0x0000, 0x0000, 0x0000, 0x0000, 0x0000, 0x0000, 0x0000,
    0x3207, 0x8471, 0xBE18, 0x73EF, 0x7C51, 0x7C30, 0x3A08, 0x8471, 0xADB6, 0x4269, 0x2145, 0x2986, 0x39E8, 0x4A8A, 0x73F0, 0xBE79,
    0xD73C, 0xCF1C, 0xCF1B, 0xBEBA, 0xCF3C, 0xCF1C, 0xADF8, 0x4B0D, 0x3209, 0x3A4B, 0x426B, 0x52ED, 0x6B4F, 0x6B6F, 0x632F, 0x6B4F,
    0x632E, 0x632E, 0x6B6F, 0x6B6F, 0x73D0, 0x528A, 0x2103, 0x39A5, 0x3985, 0x4A07, 0x41E6, 0x3985, 0x3144, 0x41E6, 0x4207, 0x5268,
    0x5269, 0x5248, 0x4A08, 0x4A07, 0x5269, 0x5A69, 0x39A6, 0x3144, 0x20C2, 0x18A2, 0x20C2, 0x2924, 0x2903, 0x20E3, 0x2924, 0x3165,
    0x2103, 0x2904, 0x3165, 0x39A6, 0x39C6, 0x39A6, 0x3165, 0x3165, 0x2924, 0x2944, 0x39A6, 0x4207, 0x39C6, 0x3165, 0x20E3, 0x18A2,
    0x18A2, 0x20E3, 0x18C2, 0x18A2, 0x18A2, 0x18C2, 0x18C2, 0x2924, 0x2924, 0x3165, 0x39A6, 0x39C6, 0x41E6, 0x4207, 0x4A07, 0x39C6,
    0x39A5, 0x4207, 0x4207, 0x4A07, 0x41E7, 0x3185, 0x39A6, 0x39C6, 0x41C7, 0x4207, 0x4A28, 0x41E7, 0x39A6, 0x41E7, 0x39C6, 0x3185,
    0x3185, 0x2944, 0x2944, 0x3185, 0x41E7, 0x4A28, 0x4A28, 0x4A28, 0x4A28, 0x3986, 0x41C6, 0x41E7, 0x41C7, 0x39A6, 0x2924, 0x3165,
    0x41C7, 0x41C7, 0x39A6, 0x3165, 0x20E3, 0x3985, 0x41E7, 0x3145, 0x41E7, 0x3986, 0x39A6, 0x3986, 0x41C6, 0x4A08, 0x4A28, 0x4A28,
    0x41C7, 0x39C7, 0x5289, 0x41E7, 0x4207, 0x5A8A, 0x4A08, 0x5A8A, 0x62CB, 0x528A, 0x4A29, 0x528A, 0x62EB, 0x5ACB, 0x3165, 0x2945,
    0x4A29, 0x4A08, 0x2945, 0x20E4, 0x4A49, 0x4A49, 0x62CB, 0x4A28, 0x4208, 0x528A, 0x5AAA, 0x4A49, 0x528A, 0x5269, 0x5A8A, 0x5AAB,
    0x5ACB, 0x5AAB, 0x5269, 0x41C7, 0x41E7, 0x4A29, 0x41C7, 0x5A8A, 0x3166, 0x5A8A, 0x41E7, 0x5269, 0x41C7, 0x39A7, 0x39C7, 0x3165,
    0x39C6, 0x4A28, 0x39A6, 0x4A49, 0x5249, 0x20E4, 0x0841, 0x0841, 0x0021, 0x0022, 0x0001, 0x0001, 0x0001, 0x0001, 0x0001, 0x0001,
    0x0001, 0x0001, 0x0001, 0x0001, 0x0001, 0x0001, 0x0001, 0x0001, 0x0001, 0x0000, 0x0000, 0x0000, 0x0000, 0x0000, 0x0000, 0x0000,
    0x0000, 0x0000, 0x0000, 0x0000, 0x0000, 0x0000, 0x0000, 0x0000, 0x0000, 0x0000, 0x0000, 0x0000, 0x0000, 0x0000, 0x0000, 0x0000,
    0x29C6, 0x4269, 0xAD96, 0xA555, 0x8CB3, 0x636D, 0x2986, 0x638E, 0xB5F7, 0x5B0C, 0x1945, 0x29A7, 0x3A49, 0x6BCF, 0xBE79, 0xD73C,
    0xCEDB, 0xCEDB, 0x9D55, 0xA5B6, 0xCEFB, 0xD75D, 0xC6DB, 0x9D56, 0x3A6B, 0x320A, 0x426B, 0x52CD, 0x636F, 0x73D1, 0x73F1, 0x636F,
    0x73D1, 0x73D0, 0x6B90, 0x6B8F, 0x6BAF, 0x4207, 0x39A5, 0x4A27, 0x41C6, 0x41E6, 0x39A5, 0x3164, 0x39C5, 0x41C6, 0x5248, 0x5A89,
    0x4A48, 0x4A07, 0x5249, 0x4A28, 0x41C6, 0x3144, 0x2903, 0x2924, 0x2903, 0x2904, 0x2904, 0x20C2, 0x20E3, 0x3165, 0x3165, 0x2903,
    0x2944, 0x3165, 0x2944, 0x3165, 0x39C6, 0x39A6, 0x3185, 0x3986, 0x41C7, 0x4207, 0x41C7, 0x2924, 0x18C2, 0x18C2, 0x18A2, 0x18A2,
    0x2103, 0x2103, 0x20E3, 0x20E3, 0x2924, 0x20E3, 0x2103, 0x39A6, 0x3185, 0x39C6, 0x3164, 0x3164, 0x39A5, 0x3985, 0x3165, 0x3185,
    0x4A27, 0x4A48, 0x4A07, 0x39C6, 0x39A6, 0x4207, 0x41E7, 0x4207, 0x4A08, 0x4207, 0x41E7, 0x3185, 0x41C7, 0x39C6, 0x3986, 0x3185,
    0x2944, 0x2103, 0x3185, 0x4A28, 0x5ACA, 0x5269, 0x41C7, 0x41A6, 0x3986, 0x41C6, 0x4A28, 0x41C6, 0x3965, 0x2924, 0x41A6, 0x41C6,
    0x3165, 0x2903, 0x20C2, 0x1882, 0x20E3, 0x41E7, 0x3985, 0x39A6, 0x3165, 0x39A6, 0x3986, 0x39A6, 0x41C6, 0x4A07, 0x5269, 0x41E7,
    0x41C7, 0x5249, 0x41E7, 0x41C7, 0x5269, 0x5249, 0x62CB, 0x5249, 0x39A7, 0x4A28, 0x4A08, 0x526A, 0x5ACB, 0x41E7, 0x3166, 0x3986,
    0x39A7, 0x3165, 0x2925, 0x4A49, 0x4208, 0x4A28, 0x4A29, 0x4208, 0x41E8, 0x62CB, 0x4A49, 0x4A49, 0x5AAA, 0x4A49, 0x62CB, 0x5AAA,
    0x6B2C, 0x526A, 0x4A29, 0x3166, 0x528A, 0x5AAB, 0x62EB, 0x41C7, 0x3165, 0x5ACB, 0x4A08, 0x5ACB, 0x41C7, 0x41E7, 0x3166, 0x2925,
    0x39A6, 0x4A28, 0x41C7, 0x4A28, 0x5AAA, 0x3986, 0x18A3, 0x18A4, 0x1083, 0x1084, 0x1083, 0x1083, 0x0863, 0x0863, 0x0842, 0x0863,
    0x0843, 0x0843, 0x0843, 0x0843, 0x0843, 0x0843, 0x0843, 0x0843, 0x0043, 0x0043, 0x0043, 0x0023, 0x0022, 0x0022, 0x0022, 0x0022,
    0x0022, 0x0022, 0x0022, 0x0022, 0x0022, 0x0022, 0x0022, 0x0021, 0x0021, 0x0001, 0x0001, 0x0001, 0x0001, 0x0001, 0x0001, 0x0001,
    0x638D, 0x1924, 0x7C30, 0xADD6, 0x8492, 0x73EF, 0x4269, 0x5B4D, 0xB618, 0x4AAA, 0x2165, 0x3A28, 0x6BAE, 0xB659, 0xCF1C, 0xCEFB,
    0xC6BA, 0x7C51, 0x29E7, 0x530C, 0xA5D7, 0xCEFB, 0xD73D, 0xBE9B, 0x7C73, 0x3209, 0x424B, 0x52CD, 0x636F, 0x84B4, 0x9536, 0x7C53,
    0x8CF4, 0x9535, 0x8493, 0x8CD4, 0x7C31, 0x4207, 0x4A27, 0x5248, 0x41E6, 0x4A27, 0x41C6, 0x4A07, 0x4A07, 0x41C6, 0x4A07, 0x4A07,
    0x4A07, 0x5A89, 0x4A28, 0x3165, 0x2924, 0x2103, 0x2103, 0x18C3, 0x20E3, 0x20E3, 0x20E3, 0x2924, 0x3165, 0x20E3, 0x1882, 0x2924,
    0x39A6, 0x3165, 0x3165, 0x39A6, 0x39A6, 0x39A6, 0x41E7, 0x4207, 0x3985, 0x2903, 0x20E3, 0x20E3, 0x20C3, 0x20C2, 0x20C3, 0x20E3,
    0x2924, 0x20E3, 0x2903, 0x2924, 0x20E3, 0x2904, 0x3185, 0x3165, 0x2903, 0x2103, 0x2924, 0x41C6, 0x39A6, 0x3185, 0x41C6, 0x41E7,
    0x41E7, 0x4A07, 0x39C6, 0x3985, 0x39C6, 0x39A6, 0x3165, 0x41E7, 0x39A6, 0x3165, 0x3185, 0x39C6, 0x41C6, 0x3165, 0x3144, 0x39A6,
    0x2903, 0x39A6, 0x4A48, 0x5269, 0x5269, 0x41C7, 0x41A6, 0x41A6, 0x41C6, 0x41C7, 0x4A08, 0x39A6, 0x3985, 0x3185, 0x2924, 0x20E3,
    0x18A2, 0x18A2, 0x18A2, 0x20E3, 0x3986, 0x41E7, 0x3986, 0x3165, 0x39A6, 0x3986, 0x39A6, 0x4A28, 0x41E7, 0x5248, 0x4A28, 0x4A08,
    0x5269, 0x41E7, 0x41E7, 0x5269, 0x41E7, 0x41E7, 0x4A08, 0x3145, 0x4A08, 0x4207, 0x4208, 0x5AAA, 0x4A28, 0x39A6, 0x3165, 0x3145,
    0x2945, 0x2925, 0x4A28, 0x4A08, 0x4A08, 0x5269, 0x4A49, 0x526A, 0x4A49, 0x5A8A, 0x41E7, 0x4A49, 0x62EB, 0x5ACB, 0x6B2C, 0x6B2C,
    0x62CB, 0x5269, 0x4A28, 0x41E8, 0x4A28, 0x6B4D, 0x4A29, 0x3166, 0x41E7, 0x5AAA, 0x5269, 0x62EC, 0x41E8, 0x3986, 0x20E4, 0x2945,
    0x39A6, 0x4208, 0x39A6, 0x4207, 0x5AAB, 0x4A08, 0x18A3, 0x1883, 0x1063, 0x1063, 0x1063, 0x1063, 0x1063, 0x1063, 0x1063, 0x1083,
    0x1083, 0x1083, 0x1083, 0x1084, 0x1084, 0x1084, 0x1085, 0x1085, 0x1085, 0x1085, 0x1085, 0x1085, 0x1085, 0x1085, 0x1085, 0x1084,
    0x1084, 0x1084, 0x1084, 0x1084, 0x0884, 0x0864, 0x0864, 0x0864, 0x0864, 0x0864, 0x0864, 0x0863, 0x0863, 0x0863, 0x0862, 0x0842,
    0x9D54, 0x29A6, 0x4269, 0xA575, 0x9514, 0x6BCF, 0x7430, 0x9D55, 0x8492, 0x29A6, 0x3208, 0x638E, 0xB638, 0xCF1C, 0xC6FB, 0xB638,
    0x5B4D, 0x29C7, 0x3A49, 0x31E9, 0x5B6E, 0xA5F8, 0xC6FC, 0xCF3C, 0xB659, 0x63AF, 0x3A2A, 0x52EE, 0x638F, 0x8493, 0xA5B8, 0x9515,
    0x9535, 0xB639, 0xA5B7, 0xB639, 0xA555, 0x4A28, 0x4A07, 0x41A6, 0x39A5, 0x41E6, 0x3164, 0x39A5, 0x41C6, 0x5248, 0x5248, 0x5268,
    0x4A07, 0x3985, 0x2944, 0x2103, 0x20E3, 0x2924, 0x2103, 0x2924, 0x3145, 0x3165, 0x3165, 0x3145, 0x20E3, 0x20C3, 0x20E4, 0x3966,
    0x3986, 0x3165, 0x3986, 0x41C7, 0x39A6, 0x3986, 0x3165, 0x2904, 0x20E3, 0x20E3, 0x20E3, 0x20E3, 0x20C2, 0x20C2, 0x20C3, 0x20E3,
    0x20E3, 0x2924, 0x2944, 0x2904, 0x2944, 0x2924, 0x2924, 0x20C2, 0x18A2, 0x3144, 0x41C6, 0x3165, 0x3145, 0x39A6, 0x41C6, 0x39A6,
    0x3165, 0x3144, 0x3165, 0x39A6, 0x3165, 0x3144, 0x3985, 0x3165, 0x3145, 0x3165, 0x3985, 0x3165, 0x3144, 0x2924, 0x3986, 0x3985,
    0x41C6, 0x4A08, 0x4A08, 0x4A07, 0x3986, 0x39A6, 0x41A6, 0x3165, 0x3965, 0x41A6, 0x3165, 0x2924, 0x2103, 0x20E3, 0x18C2, 0x2103,
    0x18C2, 0x20E3, 0x2103, 0x2924, 0x41C6, 0x41C6, 0x3145, 0x3145, 0x3145, 0x39A6, 0x4A28, 0x41C6, 0x4A28, 0x5289, 0x41E7, 0x4A08,
    0x39A6, 0x41C7, 0x4A08, 0x41C7, 0x41E7, 0x4A28, 0x41C7, 0x49E8, 0x4A08, 0x39C6, 0x5269, 0x5289, 0x39A6, 0x2924, 0x2925, 0x3165,
    0x2945, 0x41C7, 0x4A08, 0x5269, 0x62EB, 0x4A08, 0x4A49, 0x4A49, 0x4A28, 0x4A08, 0x4A08, 0x5ACB, 0x5AAA, 0x6B4D, 0x734D, 0x6B4D,
    0x5AAA, 0x528A, 0x4A28, 0x5249, 0x5AAA, 0x5269, 0x41C7, 0x4208, 0x62CB, 0x5249, 0x4A49, 0x5A8A, 0x4A08, 0x4A29, 0x3166, 0x2925,
    0x41E7, 0x39A6, 0x39A6, 0x41E7, 0x5A8A, 0x4A29, 0x20C4, 0x1863, 0x1042, 0x1021, 0x1022, 0x1022, 0x1001, 0x1002, 0x1022, 0x1022,
    0x1022, 0x1021, 0x1021, 0x1021, 0x1022, 0x1042, 0x1042, 0x1042, 0x1042, 0x1043, 0x1043, 0x1043, 0x1043, 0x1063, 0x1063, 0x1063,
    0x1063, 0x1063, 0x1063, 0x1063, 0x1063, 0x1063, 0x1063, 0x1083, 0x1084, 0x1084, 0x1084, 0x1084, 0x1084, 0x18C5, 0x2966, 0x3187,
    0xAD96, 0x5B4D, 0x1945, 0x8471, 0xA596, 0x530C, 0x636D, 0x638E, 0x31E7, 0x3208, 0x638D, 0xB618, 0xCF1C, 0xCEFB, 0x9D96, 0x3A6A,
    0x2166, 0x31C8, 0x31E9, 0x3A2A, 0x3A2A, 0x63B0, 0xAE18, 0xCF1C, 0xC71C, 0x9DB7, 0x4AEC, 0x52ED, 0x7C32, 0x9D56, 0xB63A, 0x9D56,
    0xA597, 0xB619, 0x9556, 0xBE7A, 0xB5B6, 0x4A07, 0x41C6, 0x41A5, 0x39A5, 0x3144, 0x41A5, 0x4A07, 0x5248, 0x4A27, 0x41E6, 0x41C6,
    0x20C2, 0x20C2, 0x20E3, 0x2924, 0x2924, 0x2944, 0x2103, 0x2924, 0x3186, 0x2924, 0x2904, 0x20E3, 0x18C3, 0x2924, 0x3986, 0x3986,
    0x3165, 0x3966, 0x3165, 0x3145, 0x3125, 0x2904, 0x20E3, 0x18A2, 0x18A2, 0x18A2, 0x18A2, 0x18C2, 0x2103, 0x2924, 0x3145, 0x3165,
    0x2924, 0x2103, 0x20E3, 0x2103, 0x2103, 0x20E3, 0x20E3, 0x3144, 0x41C6, 0x3144, 0x18A2, 0x2924, 0x3985, 0x39A6, 0x3985, 0x3165,
    0x2924, 0x2924, 0x2903, 0x2903, 0x3144, 0x3985, 0x3985, 0x3144, 0x3165, 0x3145, 0x3165, 0x2924, 0x3144, 0x3985, 0x4A07, 0x4A07,
    0x41E7, 0x3986, 0x41C7, 0x39A6, 0x39A6, 0x3965, 0x3145, 0x3145, 0x3986, 0x3124, 0x20C3, 0x18A2, 0x20E3, 0x20E3, 0x2103, 0x20E3,
    0x18A2, 0x20E3, 0x2103, 0x3165, 0x41C7, 0x3145, 0x2904, 0x3165, 0x3986, 0x5269, 0x4A28, 0x41C6, 0x5249, 0x5269, 0x41C7, 0x3165,
    0x3966, 0x3986, 0x3986, 0x39A6, 0x39A6, 0x41E7, 0x5269, 0x41E7, 0x3165, 0x4A69, 0x5ACA, 0x39C6, 0x2924, 0x3165, 0x39C7, 0x2924,
    0x41E8, 0x41E8, 0x4208, 0x5A8A, 0x5A8A, 0x4A29, 0x5A8A, 0x5AAA, 0x4A08, 0x526A, 0x734D, 0x6B2D, 0x5269, 0x6B2D, 0x7B8E, 0x5269,
    0x62CB, 0x4A49, 0x526A, 0x6B4D, 0x5AAA, 0x526A, 0x526A, 0x4A29, 0x62EB, 0x5249, 0x5A8A, 0x4A29, 0x41E7, 0x5A8A, 0x4A08, 0x3165,
    0x39A6, 0x3986, 0x39C7, 0x4A08, 0x5A8A, 0x5249, 0x3146, 0x2063, 0x2063, 0x2063, 0x1842, 0x1842, 0x1822, 0x1822, 0x1822, 0x1822,
    0x1822, 0x1001, 0x1001, 0x1001, 0x1001, 0x1001, 0x1001, 0x1001, 0x1001, 0x1001, 0x1001, 0x1001, 0x1001, 0x1001, 0x1001, 0x1001,
    0x1001, 0x1021, 0x1021, 0x1021, 0x1001, 0x1021, 0x1021, 0x1021, 0x1022, 0x1022, 0x1022, 0x1022, 0x0802, 0x20A4, 0x5A8A, 0x6B4D,
    0x7C10, 0x4ACB, 0x10E4, 0x4AAB, 0xA596, 0x638E, 0x1945, 0x29C7, 0x3A49, 0x5B8D, 0xAE18, 0xD71C, 0xC6BB, 0x8492, 0x31E8, 0x2987,
    0x31C9, 0x31A9, 0x39CA, 0x39EB, 0x424C, 0x424B, 0x7412, 0xB639, 0xCF3D, 0xBEDB, 0x8CF4, 0x4AAC, 0x7C53, 0xADD8, 0xBE5B, 0xB619,
    0xC6BB, 0xB639, 0x9D97, 0xADF8, 0x94D2, 0x3984, 0x41C5, 0x41A5, 0x3123, 0x39A5, 0x4A27, 0x5248, 0x4A07, 0x3985, 0x2924, 0x20C2,
    0x1881, 0x20C2, 0x2924, 0x2924, 0x2944, 0x2924, 0x20E3, 0x2924, 0x20E3, 0x20E3, 0x20E3, 0x28E4, 0x3145, 0x39A6, 0x3165, 0x2924,
    0x2904, 0x20E3, 0x20C3, 0x18A2, 0x18A2, 0x20E3, 0x20E3, 0x20E3, 0x18C3, 0x20E3, 0x2924, 0x3165, 0x3145, 0x2924, 0x20E3, 0x18C2,
    0x18C2, 0x18A2, 0x20C3, 0x20E3, 0x20E3, 0x2904, 0x39A6, 0x39A6, 0x20E3, 0x20C2, 0x39A6, 0x41E7, 0x39A6, 0x3145, 0x2924, 0x20E3,
    0x20C2, 0x20C3, 0x2903, 0x3165, 0x3165, 0x3144, 0x2924, 0x3145, 0x3165, 0x3986, 0x3165, 0x3145, 0x4A07, 0x4A07, 0x41E7, 0x41C6,
    0x3986, 0x41C6, 0x41C6, 0x39A6, 0x3165, 0x2924, 0x3165, 0x3986, 0x3144, 0x20C3, 0x20C2, 0x20C3, 0x3165, 0x2924, 0x18C2, 0x18A2,
    0x2924, 0x3165, 0x2924, 0x3185, 0x39C6, 0x39A6, 0x41C7, 0x39C6, 0x4A28, 0x5A8A, 0x41E7, 0x41E7, 0x5A8A, 0x3986, 0x2904, 0x2925,
    0x3986, 0x41C7, 0x3986, 0x2924, 0x39A6, 0x4A08, 0x41A7, 0x39A6, 0x5249, 0x5AAA, 0x39C7, 0x20E3, 0x2924, 0x39C7, 0x39A7, 0x3186,
    0x4A29, 0x4208, 0x4A49, 0x4A28, 0x39C7, 0x6B2C, 0x5A8A, 0x5269, 0x62CB, 0x736E, 0x736D, 0x4A28, 0x5ACB, 0x6B4D, 0x738E, 0x5AAB,
    0x630C, 0x5A8A, 0x62EB, 0x62EC, 0x4208, 0x62CB, 0x4A49, 0x528A, 0x62EC, 0x4A29, 0x5249, 0x5249, 0x526A, 0x62CB, 0x41E7, 0x39A6,
    0x39A6, 0x39C7, 0x39A6, 0x4A28, 0x4A49, 0x5249, 0x49A7, 0x2883, 0x2883, 0x2042, 0x1801, 0x1822, 0x1822, 0x1001, 0x1001, 0x1822,
    0x1842, 0x1822, 0x1001, 0x1001, 0x1001, 0x1001, 0x1002, 0x1002, 0x1002, 0x1001, 0x1001, 0x1001, 0x1001, 0x1001, 0x1001, 0x1001,
    0x1001, 0x1001, 0x1001, 0x1001, 0x1001, 0x1001, 0x1001, 0x1001, 0x1001, 0x1001, 0x1001, 0x1021, 0x1021, 0x1021, 0x4A07, 0x83CE,
    0x1924, 0x1924, 0x1925, 0x1945, 0x4A8A, 0x3A28, 0x29C7, 0x3228, 0x5B8D, 0xADF7, 0xD73C, 0xBE79, 0x63AF, 0x29A7, 0x31C8, 0x31C9,
    0x31A9, 0x31CA, 0x39EB, 0x3A0C, 0x422D, 0x424D, 0x426C, 0x7C72, 0xB67A, 0xC75D, 0xB69A, 0x7C52, 0x5B0E, 0x8CB4, 0xADF9, 0xBE5A,
    0xB63A, 0xB63A, 0xBE5A, 0xADD8, 0x636C, 0x3984, 0x41C6, 0x41C6, 0x49E7, 0x5228, 0x49E7, 0x39A5, 0x3144, 0x20E3, 0x20C2, 0x20C2,
    0x20E2, 0x3144, 0x3185, 0x20E3, 0x2103, 0x20E3, 0x2945, 0x2924, 0x2904, 0x20E3, 0x20E3, 0x3145, 0x3165, 0x3145, 0x2924, 0x28E4,
    0x18C3, 0x18C3, 0x20E3, 0x18C3, 0x18C3, 0x18C3, 0x20E3, 0x18C2, 0x18A2, 0x2103, 0x2104, 0x20E3, 0x18A2, 0x18A2, 0x18A2, 0x18C2,
    0x18A2, 0x18A2, 0x2924, 0x2103, 0x3145, 0x39A6, 0x39A6, 0x20C3, 0x2924, 0x4A28, 0x4A28, 0x3165, 0x2924, 0x20C3, 0x18A2, 0x2903,
    0x3144, 0x3165, 0x3165, 0x3165, 0x2924, 0x2903, 0x3144, 0x2904, 0x3165, 0x41C6, 0x41C7, 0x4A08, 0x4A08, 0x41C6, 0x39A6, 0x39A6,
    0x41E7, 0x41E7, 0x3165, 0x2903, 0x2903, 0x2924, 0x2944, 0x3165, 0x2924, 0x2103, 0x2944, 0x3165, 0x2103, 0x18A2, 0x1061, 0x18C3,
    0x2965, 0x2944, 0x2965, 0x39A6, 0x4228, 0x39E7, 0x3986, 0x4207, 0x4A08, 0x4207, 0x41E7, 0x4A08, 0x3165, 0x3986, 0x3165, 0x39A6,
    0x41C7, 0x39A6, 0x2924, 0x3966, 0x5229, 0x4A08, 0x41C7, 0x62CB, 0x526A, 0x3986, 0x20C3, 0x2944, 0x2924, 0x39A6, 0x4A28, 0x41E7,
    0x4A49, 0x62EB, 0x5A8A, 0x39A6, 0x4A29, 0x5ACB, 0x5269, 0x5AAA, 0x7BAE, 0x7BCE, 0x5269, 0x4A28, 0x738E, 0x630B, 0x4208, 0x630B,
    0x5269, 0x630B, 0x5269, 0x5249, 0x4A08, 0x5AAA, 0x528A, 0x62CB, 0x62CB, 0x4208, 0x4A49, 0x4A49, 0x5A8A, 0x5269, 0x4A08, 0x4A08,
    0x41E7, 0x39A6, 0x41E7, 0x4A48, 0x4A28, 0x5A8A, 0x49E8, 0x30C4, 0x3063, 0x2842, 0x2022, 0x1801, 0x1822, 0x1822, 0x1001, 0x1001,
    0x1001, 0x1842, 0x1001, 0x1001, 0x1001, 0x1001, 0x1002, 0x1002, 0x1002, 0x1002, 0x1002, 0x1001, 0x1001, 0x1001, 0x1001, 0x1001,
    0x1001, 0x1001, 0x1001, 0x1001, 0x1001, 0x1001, 0x1001, 0x1001, 0x1001, 0x1001, 0x1021, 0x1021, 0x1821, 0x1001, 0x1861, 0x5248,
    0x1925, 0x1925, 0x1925, 0x2145, 0x1925, 0x2186, 0x3208, 0x534D, 0xADF7, 0xD73C, 0xADF7, 0x4AEB, 0x2166, 0x31E8, 0x31C9, 0x31C9,
    0x31AA, 0x39EB, 0x422C, 0x422D, 0x424E, 0x4A4E, 0x4A6E, 0x4AAE, 0x84B3, 0xB69A, 0xC73C, 0xAE39, 0x73F1, 0x5B4F, 0x73F1, 0x73F1,
    0x6BD1, 0x7C52, 0x7C32, 0x8C72, 0x5288, 0x41A5, 0x41A5, 0x3985, 0x4A08, 0x41C7, 0x3145, 0x2944, 0x2923, 0x2103, 0x28E3, 0x2924,
    0x3965, 0x3985, 0x3165, 0x2103, 0x2944, 0x39A6, 0x3185, 0x2904, 0x20C3, 0x20E3, 0x3186, 0x3986, 0x3165, 0x3125, 0x20E4, 0x20E3,
    0x2104, 0x2944, 0x2945, 0x2945, 0x20E3, 0x1061, 0x1061, 0x18C3, 0x2944, 0x2104, 0x1082, 0x18A2, 0x18A2, 0x20E3, 0x20C3, 0x18C2,
    0x18C2, 0x2924, 0x3165, 0x41E7, 0x4A28, 0x39A6, 0x2924, 0x39A6, 0x5249, 0x41E7, 0x3165, 0x20C2, 0x1881, 0x20C2, 0x3144, 0x3165,
    0x3145, 0x2924, 0x20C3, 0x3145, 0x39A6, 0x41C7, 0x41C6, 0x41E7, 0x5269, 0x5A89, 0x4A08, 0x41C6, 0x41C6, 0x41C6, 0x3986, 0x3165,
    0x3144, 0x3144, 0x18A2, 0x18A2, 0x2924, 0x3185, 0x39A6, 0x2944, 0x20E3, 0x2924, 0x2104, 0x18A2, 0x1061, 0x0840, 0x1061, 0x20E3,
    0x2124, 0x3185, 0x31A6, 0x4207, 0x31A6, 0x3185, 0x39A6, 0x41E7, 0x3165, 0x39A6, 0x41E7, 0x3985, 0x41C6, 0x4A08, 0x3965, 0x39A6,
    0x41C7, 0x2924, 0x3125, 0x49E8, 0x4A08, 0x5A6A, 0x5249, 0x5269, 0x3165, 0x3145, 0x3186, 0x39A6, 0x3186, 0x4A49, 0x4A28, 0x41C7,
    0x41E8, 0x4A28, 0x41E7, 0x3986, 0x4A28, 0x5A8A, 0x6B0C, 0x62EB, 0x736D, 0x736D, 0x4A48, 0x62EB, 0x6B6D, 0x4A28, 0x4228, 0x62EB,
    0x5ACB, 0x630C, 0x4A08, 0x4A49, 0x5269, 0x5249, 0x528A, 0x5AAB, 0x5A8A, 0x4A28, 0x526A, 0x5A8A, 0x4A28, 0x526A, 0x41C7, 0x526A,
    0x41E7, 0x3185, 0x4A07, 0x5269, 0x5248, 0x6B0C, 0x5209, 0x30C4, 0x38C4, 0x3083, 0x30A4, 0x2842, 0x2022, 0x2863, 0x2042, 0x1001,
    0x1001, 0x1822, 0x1822, 0x1001, 0x1001, 0x1001, 0x1002, 0x1001, 0x1001, 0x1001, 0x1001, 0x1001, 0x1001, 0x1001, 0x1001, 0x1001,
    0x1001, 0x1001, 0x1001, 0x1001, 0x1001, 0x1001, 0x1001, 0x1001, 0x1001, 0x1001, 0x1821, 0x1001, 0x1801, 0x1021, 0x1020, 0x20C2,
    0x2166, 0x2166, 0x2166, 0x2986, 0x29A7, 0x3208, 0x532C, 0xADF7, 0xD73C, 0x9555, 0x3A49, 0x2186, 0x3208, 0x4ACC, 0x426B, 0x2988,
    0x31CA, 0x3A0C, 0x420C, 0x3A0C, 0x422E, 0x4A4E, 0x5290, 0x52D0, 0x530F, 0x84D5, 0xBE9B, 0xC71C, 0xA5B7, 0x6BB0, 0x6350, 0x6B90,
    0x6390, 0x638F, 0x6B91, 0x6B6E, 0x4A26, 0x41C5, 0x3985, 0x41C6, 0x41C6, 0x3165, 0x2924, 0x20E3, 0x2923, 0x3144, 0x2903, 0x3985,
    0x3965, 0x20E3, 0x20E3, 0x3165, 0x39C6, 0x3185, 0x2104, 0x18C3, 0x3165, 0x41E7, 0x41E7, 0x3186, 0x3145, 0x2924, 0x2104, 0x2104,
    0x2924, 0x2104, 0x20E3, 0x20E3, 0x18A2, 0x1082, 0x18E3, 0x2124, 0x2124, 0x2124, 0x18C3, 0x1082, 0x18A2, 0x20E3, 0x20E3, 0x2904,
    0x2924, 0x3185, 0x4207, 0x39A6, 0x3165, 0x2903, 0x3986, 0x41E7, 0x3165, 0x20C3, 0x1061, 0x1882, 0x2924, 0x39A6, 0x3165, 0x20E3,
    0x20C3, 0x2904, 0x3144, 0x3144, 0x2924, 0x3165, 0x2924, 0x3165, 0x3165, 0x2924, 0x2924, 0x3165, 0x3165, 0x2924, 0x20E3, 0x20E3,
    0x2904, 0x18A2, 0x18A2, 0x2924, 0x2924, 0x2924, 0x2924, 0x2103, 0x2944, 0x2103, 0x1081, 0x1061, 0x1081, 0x18A2, 0x2103, 0x2904,
    0x2944, 0x3165, 0x2965, 0x39E7, 0x3185, 0x3185, 0x2945, 0x2924, 0x3985, 0x3185, 0x3185, 0x41E7, 0x4A08, 0x41C7, 0x3145, 0x3966,
    0x3966, 0x3145, 0x41C7, 0x4A28, 0x5A8A, 0x5249, 0x41C7, 0x2924, 0x20E3, 0x3145, 0x3165, 0x39A6, 0x39A6, 0x3185, 0x41E7, 0x3166,
    0x4A29, 0x5ACB, 0x4A29, 0x39A6, 0x528A, 0x6B0C, 0x62EC, 0x62CB, 0x5ACA, 0x62CB, 0x5269, 0x738D, 0x5ACB, 0x4228, 0x5289, 0x6B2C,
    0x6B4C, 0x5AAA, 0x39A6, 0x5AAA, 0x5269, 0x39A7, 0x5ACB, 0x6B2C, 0x5249, 0x4A08, 0x5AAB, 0x5249, 0x39C7, 0x4A49, 0x39A7, 0x5AAA,
    0x41E7, 0x3185, 0x5269, 0x5AAA, 0x5269, 0x62CB, 0x5208, 0x30C4, 0x3905, 0x38E4, 0x38C4, 0x38A4, 0x3063, 0x2843, 0x2863, 0x2001,
    0x1801, 0x1801, 0x1822, 0x1801, 0x1801, 0x1001, 0x1001, 0x1001, 0x1001, 0x1001, 0x1001, 0x1001, 0x1001, 0x1001, 0x1001, 0x1001,
    0x1001, 0x1001, 0x1001, 0x1001, 0x1001, 0x1001, 0x1001, 0x1001, 0x1001, 0x1001, 0x1821, 0x1001, 0x1801, 0x1001, 0x1000, 0x1861,
    0x29A7, 0x29A7, 0x29A7, 0x31C7, 0x3A08, 0x5B2D, 0xADF8, 0xCEFB, 0x7C71, 0x29C7, 0x29E8, 0x31E8, 0x426A, 0x8493, 0x9515, 0x424B,
    0x31CA, 0x424C, 0x3A0C, 0x31CC, 0x420E, 0x4A70, 0x52B0, 0x5B11, 0x6BD4, 0x6BF3, 0x84D5, 0xC6DC, 0xC6FB, 0x9515, 0x6BB1, 0x7C33,
    0x7C53, 0x7C53, 0x8C74, 0x7BF0, 0x4205, 0x39A5, 0x41A6, 0x3985, 0x3965, 0x3965, 0x2904, 0x2924, 0x3165, 0x2924, 0x2903, 0x3165,
    0x20E3, 0x20E3, 0x3185, 0x39C6, 0x3986, 0x20E3, 0x20E3, 0x3185, 0x41E7, 0x39A6, 0x2944, 0x2924, 0x2924, 0x18C3, 0x18C3, 0x20E3,
    0x2103, 0x2124, 0x18C3, 0x18C3, 0x18C3, 0x2104, 0x2124, 0x18C2, 0x2103, 0x2924, 0x3165, 0x2104, 0x2924, 0x2945, 0x2924, 0x2924,
    0x41E7, 0x4A07, 0x39A6, 0x2924, 0x3165, 0x41E6, 0x41E7, 0x2903, 0x1081, 0x18A2, 0x2903, 0x3165, 0x3185, 0x2904, 0x20C2, 0x2904,
    0x3185, 0x3185, 0x3165, 0x3986, 0x2944, 0x3144, 0x3165, 0x3165, 0x2924, 0x2924, 0x2944, 0x2924, 0x2924, 0x2103, 0x2103, 0x2903,
    0x20E3, 0x1882, 0x2904, 0x20C3, 0x1061, 0x18A2, 0x2944, 0x2904, 0x20E3, 0x18A2, 0x18A2, 0x18C2, 0x20E3, 0x2124, 0x2944, 0x2944,
    0x3185, 0x2944, 0x2965, 0x31A6, 0x2924, 0x2924, 0x2103, 0x2924, 0x3165, 0x39A6, 0x3986, 0x3986, 0x3185, 0x3986, 0x3986, 0x39A6,
    0x41C7, 0x41E7, 0x5249, 0x5269, 0x41C7, 0x3165, 0x3165, 0x28E4, 0x2904, 0x3124, 0x3986, 0x39A6, 0x3165, 0x39A6, 0x4208, 0x4208,
    0x6B4D, 0x4A08, 0x39A7, 0x4A08, 0x62CB, 0x5AAB, 0x5269, 0x5AAA, 0x5AAA, 0x5269, 0x5AAA, 0x630C, 0x5289, 0x4207, 0x528A, 0x62EB,
    0x528A, 0x4A28, 0x4A28, 0x62EC, 0x39C7, 0x41E7, 0x630C, 0x62CB, 0x39A6, 0x528A, 0x5A8A, 0x4A49, 0x39A7, 0x4208, 0x4A49, 0x62CB,
    0x4207, 0x39A6, 0x5AAA, 0x4A28, 0x5269, 0x5A8A, 0x5A69, 0x4186, 0x4166, 0x4966, 0x30A4, 0x3083, 0x3884, 0x3884, 0x3083, 0x3063,
    0x2842, 0x2022, 0x2883, 0x1801, 0x1801, 0x1801, 0x1001, 0x1001, 0x1001, 0x1001, 0x1001, 0x1001, 0x1001, 0x1001, 0x1001, 0x1001,
    0x1001, 0x1001, 0x1001, 0x1001, 0x1001, 0x1001, 0x1001, 0x1001, 0x1801, 0x1822, 0x1822, 0x1801, 0x1801, 0x1801, 0x1821, 0x1821,
    0x31C7, 0x31A7, 0x31C8, 0x3A09, 0x530C, 0xADD7, 0xBE7A, 0x63AF, 0x3208, 0x4ACB, 0x42AB, 0x530C, 0x3A4A, 0x8472, 0xADD8, 0x7432,
    0x31EA, 0x4A8D, 0x4A8E, 0x3A0D, 0x422F, 0x4A90, 0x4AB0, 0x5B12, 0x9519, 0x9D79, 0x5B91, 0x9537, 0xCF1C, 0xBE7A, 0x8CD5, 0x8454,
    0x94F7, 0xA558, 0xB5D9, 0x94B3, 0x39C5, 0x3964, 0x3964, 0x3164, 0x3164, 0x3144, 0x3145, 0x2944, 0x2924, 0x3165, 0x3185, 0x3165,
    0x2924, 0x3165, 0x3145, 0x2924, 0x2944, 0x3165, 0x3185, 0x39A6, 0x3185, 0x2944, 0x2924, 0x2104, 0x18C3, 0x18C3, 0x18C3, 0x2924,
    0x2965, 0x18E3, 0x18C3, 0x18E3, 0x18E3, 0x2124, 0x2124, 0x2944, 0x2944, 0x2103, 0x2924, 0x39A6, 0x41E7, 0x3165, 0x3165, 0x41C6,
    0x41C6, 0x3985, 0x39A5, 0x41E6, 0x4207, 0x39A5, 0x2903, 0x20C2, 0x2924, 0x3165, 0x3165, 0x2924, 0x20C3, 0x20E3, 0x20E3, 0x2104,
    0x20E3, 0x18C2, 0x18A2, 0x1061, 0x1061, 0x18C2, 0x2103, 0x20E3, 0x20E3, 0x20E3, 0x1882, 0x18C3, 0x20E3, 0x18C2, 0x18A2, 0x20E3,
    0x20C3, 0x20E3, 0x18A2, 0x1882, 0x18C3, 0x2104, 0x20E3, 0x20C3, 0x18C3, 0x18E3, 0x2124, 0x2944, 0x2965, 0x2944, 0x2944, 0x2124,
    0x2965, 0x2103, 0x2944, 0x2944, 0x18C2, 0x2924, 0x3165, 0x2945, 0x3986, 0x3186, 0x2945, 0x3165, 0x2924, 0x39A7, 0x3186, 0x3165,
    0x3986, 0x41C7, 0x5229, 0x41C7, 0x3145, 0x3966, 0x20E3, 0x2904, 0x2904, 0x3165, 0x3165, 0x2924, 0x3165, 0x41E7, 0x4A29, 0x5269,
    0x41E8, 0x41E8, 0x4A08, 0x5AAB, 0x4A49, 0x4A08, 0x4A49, 0x528A, 0x5249, 0x41E7, 0x5AAA, 0x39C7, 0x41E7, 0x39A6, 0x528A, 0x528A,
    0x4208, 0x41E7, 0x4A49, 0x5269, 0x4A29, 0x5AAA, 0x5A8A, 0x4208, 0x39C7, 0x5ACB, 0x528A, 0x528A, 0x3186, 0x4A29, 0x5249, 0x5ACB,
    0x41E7, 0x39C6, 0x5AAA, 0x4A28, 0x62EB, 0x5A8A, 0x5269, 0x5249, 0x3945, 0x51C8, 0x4125, 0x38E4, 0x38A3, 0x3063, 0x3063, 0x3883,
    0x3063, 0x3063, 0x38E5, 0x2042, 0x1822, 0x1822, 0x1801, 0x1822, 0x1822, 0x1822, 0x1822, 0x1822, 0x1001, 0x1001, 0x1001, 0x1001,
    0x1001, 0x1001, 0x1001, 0x1801, 0x1801, 0x1801, 0x1801, 0x1801, 0x1822, 0x1822, 0x1822, 0x1801, 0x1801, 0x1822, 0x1841, 0x1841,
    0x31A7, 0x29A7, 0x31C7, 0x52AB, 0xADB7, 0xB5F8, 0x4ACB, 0x3208, 0x7410, 0x9D55, 0x6BCF, 0x9514, 0x7C51, 0x530D, 0x9535, 0xA597,
    0x4AED, 0x4ACE, 0x7C34, 0x6BB3, 0x3A4E, 0x52D1, 0x4AB1, 0x4290, 0x73F5, 0xA59A, 0x8496, 0x5B51, 0xA5B9, 0xC6FD, 0xAE3A, 0x94D6,
    0xA558, 0xBE3B, 0xCE9B, 0xA534, 0x39A5, 0x3944, 0x3124, 0x3144, 0x39A5, 0x3165, 0x3165, 0x3165, 0x2103, 0x3165, 0x41E7, 0x39A6,
    0x3186, 0x3986, 0x2944, 0x3145, 0x39A6, 0x3165, 0x3986, 0x3165, 0x2103, 0x2103, 0x20E3, 0x18C3, 0x20E3, 0x18E3, 0x2945, 0x2945,
    0x18E3, 0x18C3, 0x2104, 0x18E3, 0x2124, 0x3165, 0x2924, 0x2124, 0x3185, 0x3165, 0x3986, 0x39A6, 0x39A6, 0x41C7, 0x4A28, 0x39A6,
    0x3165, 0x3165, 0x39A5, 0x39C6, 0x3185, 0x2923, 0x2924, 0x3144, 0x3165, 0x2924, 0x2904, 0x20E3, 0x20C3, 0x18C2, 0x18A2, 0x18A2,
    0x1061, 0x0820, 0x0820, 0x1061, 0x18C2, 0x1081, 0x18A2, 0x18C2, 0x18C3, 0x18A2, 0x18C2, 0x20E3, 0x18C2, 0x18A2, 0x20E3, 0x2104,
    0x18C3, 0x18A2, 0x1882, 0x20C3, 0x2104, 0x18C3, 0x18A2, 0x20E3, 0x2924, 0x3165, 0x3165, 0x2944, 0x2924, 0x2103, 0x20E3, 0x2103,
    0x18C2, 0x18A2, 0x2104, 0x2103, 0x2124, 0x3165, 0x3165, 0x3185, 0x3145, 0x2924, 0x3165, 0x3145, 0x3165, 0x3165, 0x2924, 0x2924,
    0x3145, 0x39A6, 0x41A7, 0x3986, 0x3165, 0x2924, 0x2904, 0x2924, 0x3165, 0x3165, 0x3165, 0x39A6, 0x4A08, 0x39A6, 0x41E8, 0x4A28,
    0x3166, 0x4208, 0x5249, 0x528A, 0x4207, 0x4A49, 0x4207, 0x5249, 0x4A08, 0x5249, 0x39C7, 0x39C7, 0x3145, 0x4A08, 0x5269, 0x4208,
    0x4A28, 0x4A28, 0x4A08, 0x4A29, 0x4A08, 0x4A08, 0x4A49, 0x39C7, 0x5269, 0x4A49, 0x526A, 0x5269, 0x3165, 0x4A49, 0x4A29, 0x630C,
    0x4A28, 0x39A6, 0x5289, 0x4A48, 0x630B, 0x62CB, 0x5248, 0x62CB, 0x3966, 0x49C7, 0x4146, 0x3925, 0x4125, 0x38E4, 0x40E4, 0x40C4,
    0x3083, 0x3063, 0x4146, 0x2883, 0x2043, 0x1822, 0x1801, 0x2063, 0x1822, 0x1822, 0x1822, 0x1822, 0x1822, 0x1822, 0x1801, 0x1001,
    0x1801, 0x1801, 0x1801, 0x1801, 0x1801, 0x1001, 0x1001, 0x1822, 0x1822, 0x1801, 0x1822, 0x1822, 0x1822, 0x1822, 0x1842, 0x1842,
    0x2166, 0x2986, 0x39E8, 0x94F4, 0x94F4, 0x3208, 0x29A7, 0x4AEB, 0xA5B7, 0xADD7, 0x9D35, 0xC69A, 0xA596, 0x63AF, 0x9D76, 0xA597,
    0x7C93, 0x63B1, 0xADFA, 0x8CD7, 0x5311, 0x7416, 0x7416, 0x5B33, 0x52F2, 0x9D5A, 0xA5BB, 0x63B3, 0x6BD3, 0xADFA, 0xC6BC, 0xADDA,
    0xA598, 0xBE3B, 0xD6DC, 0x8C91, 0x2943, 0x3144, 0x3144, 0x41C6, 0x4207, 0x39A6, 0x3144, 0x2103, 0x2904, 0x2103, 0x3986, 0x39A6,
    0x3165, 0x2924, 0x2944, 0x39A6, 0x3185, 0x3165, 0x3165, 0x20E3, 0x20E3, 0x18C2, 0x18A2, 0x18A2, 0x2104, 0x31A6, 0x2924, 0x10A2,
    0x10A2, 0x20E3, 0x2124, 0x2124, 0x2965, 0x2124, 0x18E3, 0x2965, 0x39C6, 0x39A6, 0x39C6, 0x41C7, 0x39C7, 0x3165, 0x2944, 0x2924,
    0x3144, 0x3185, 0x3165, 0x3144, 0x2944, 0x2924, 0x2923, 0x2903, 0x2903, 0x2103, 0x18C2, 0x1882, 0x1882, 0x1061, 0x0841, 0x0841,
    0x0841, 0x1061, 0x20E3, 0x20E3, 0x1081, 0x18A2, 0x18C3, 0x18C2, 0x18A2, 0x18C2, 0x20C3, 0x18C3, 0x18C2, 0x18A2, 0x20E3, 0x18C3,
    0x1082, 0x20C3, 0x20E3, 0x20C3, 0x20C3, 0x20E3, 0x2924, 0x3986, 0x39C7, 0x3185, 0x3165, 0x2944, 0x20E3, 0x18A2, 0x18A2, 0x18C2,
    0x1081, 0x18A2, 0x2103, 0x2924, 0x3185, 0x2944, 0x2944, 0x2924, 0x3145, 0x39A6, 0x3165, 0x3186, 0x3165, 0x2104, 0x2904, 0x3165,
    0x3186, 0x3165, 0x20E3, 0x2904, 0x2904, 0x2924, 0x2904, 0x3145, 0x3145, 0x3966, 0x41E7, 0x3986, 0x2924, 0x39A7, 0x4A29, 0x4A08,
    0x4A08, 0x5269, 0x4A28, 0x4A08, 0x4A28, 0x4207, 0x41E7, 0x39C6, 0x39A6, 0x41E7, 0x39A6, 0x39A6, 0x3165, 0x4A49, 0x4208, 0x3165,
    0x39C7, 0x4A08, 0x41E7, 0x4208, 0x4A08, 0x41C7, 0x4A28, 0x4A29, 0x526A, 0x4208, 0x5269, 0x4A08, 0x39C7, 0x5249, 0x5249, 0x7BAF,
    0x39C6, 0x39A6, 0x62CB, 0x5249, 0x62EB, 0x6B2C, 0x5248, 0x5A8A, 0x41C7, 0x41A7, 0x3945, 0x3924, 0x49A7, 0x5A08, 0x6249, 0x6249,
    0x51A7, 0x4946, 0x4987, 0x30C4, 0x30A4, 0x2863, 0x2863, 0x30A4, 0x1802, 0x1801, 0x1802, 0x1802, 0x1801, 0x1001, 0x1822, 0x2042,
    0x1822, 0x1801, 0x1801, 0x1001, 0x1001, 0x1001, 0x1822, 0x1822, 0x1822, 0x1822, 0x1822, 0x1822, 0x1842, 0x1842, 0x1842, 0x1842,
    0x2125, 0x2125, 0x4A8A, 0x6B8F, 0x2166, 0x2186, 0x29C7, 0x7410, 0xADF7, 0x9D75, 0x9535, 0xADF8, 0xA5B7, 0x9535, 0x9D76, 0x7C93,
    0x9D97, 0x8D16, 0xB61A, 0x84B6, 0x7C75, 0xA59B, 0x9519, 0x8CB8, 0x7415, 0x9D7A, 0x9D59, 0x9518, 0x6372, 0x7C55, 0xB61A, 0xBE7C,
    0xB61A, 0xB61A, 0xCE9B, 0x73CE, 0x18E2, 0x3164, 0x3985, 0x3164, 0x41C6, 0x3144, 0x20E3, 0x20E3, 0x2103, 0x3165, 0x2944, 0x2103,
    0x20E3, 0x2103, 0x3145, 0x3185, 0x2944, 0x2103, 0x18A2, 0x18C2, 0x18C2, 0x10A2, 0x18E3, 0x2103, 0x2944, 0x2945, 0x2103, 0x2103,
    0x18E3, 0x18C3, 0x2124, 0x2103, 0x2103, 0x2924, 0x2944, 0x39A6, 0x39C7, 0x39C7, 0x4207, 0x41E7, 0x3185, 0x2123, 0x2103, 0x2103,
    0x2103, 0x2924, 0x2103, 0x20C3, 0x20C3, 0x2103, 0x2103, 0x18A2, 0x18A2, 0x18A2, 0x1041, 0x1061, 0x1082, 0x0841, 0x1061, 0x1062,
    0x10A2, 0x18E3, 0x18C3, 0x18A2, 0x18E3, 0x18A2, 0x18C2, 0x20C3, 0x20E3, 0x18C3, 0x20E3, 0x18C2, 0x18A2, 0x18A2, 0x20E3, 0x18A2,
    0x20E3, 0x20E3, 0x20E3, 0x2904, 0x2904, 0x3145, 0x3186, 0x3186, 0x3185, 0x2924, 0x2103, 0x20E3, 0x18A2, 0x1061, 0x18C2, 0x20E3,
    0x20E3, 0x2944, 0x3145, 0x3986, 0x3165, 0x2924, 0x2924, 0x2104, 0x3165, 0x3165, 0x3165, 0x2924, 0x20E3, 0x20E3, 0x3145, 0x3145,
    0x3986, 0x2924, 0x2104, 0x3125, 0x20C3, 0x2924, 0x3145, 0x3165, 0x41C7, 0x3986, 0x3145, 0x20E4, 0x3966, 0x4A29, 0x4A08, 0x41C7,
    0x5249, 0x4A28, 0x49E7, 0x41E7, 0x41C6, 0x41E7, 0x41E7, 0x3165, 0x41C7, 0x3145, 0x41C6, 0x39A6, 0x4A08, 0x41E7, 0x3145, 0x3165,
    0x3165, 0x39A6, 0x41C7, 0x4208, 0x41C7, 0x4A29, 0x4A49, 0x5249, 0x39C7, 0x4207, 0x4A48, 0x41E7, 0x4A08, 0x4A08, 0x62EB, 0x7BAE,
    0x39C6, 0x4207, 0x62EB, 0x5A8A, 0x5AAA, 0x630B, 0x4A28, 0x5249, 0x3966, 0x4186, 0x49A7, 0x4186, 0x49A6, 0x4986, 0x4166, 0x4986,
    0x3905, 0x4966, 0x4966, 0x4966, 0x4126, 0x38E5, 0x38C4, 0x38C5, 0x3084, 0x2042, 0x2022, 0x1802, 0x1802, 0x1801, 0x1001, 0x1822,
    0x1842, 0x1802, 0x1802, 0x1001, 0x1001, 0x1822, 0x1822, 0x1001, 0x1822, 0x1822, 0x1842, 0x1842, 0x2042, 0x2042, 0x1842, 0x1842,
    0x2125, 0x1905, 0x2145, 0x2145, 0x2166, 0x2987, 0x3A09, 0x6BCF, 0x9D55, 0x9534, 0x8492, 0x9535, 0xADB7, 0xADF8, 0x8CF4, 0x7C72,
    0x9556, 0xA5D9, 0x9577, 0x84B5, 0x84F7, 0x9559, 0x9559, 0x9D7A, 0xA5BB, 0x84B6, 0x8CD6, 0xADBA, 0x7C35, 0x6393, 0x8CB6, 0xB63B,
    0xBE7B, 0xBE1A, 0xC639, 0x5289, 0x20E2, 0x3144, 0x3985, 0x41C6, 0x3985, 0x3124, 0x2924, 0x3165, 0x2944, 0x3165, 0x2924, 0x20E3,
    0x2103, 0x2944, 0x2944, 0x2103, 0x18C2, 0x1081, 0x18C2, 0x18C2, 0x1081, 0x20E3, 0x2924, 0x2103, 0x2104, 0x2104, 0x18C2, 0x18C2,
    0x2104, 0x2924, 0x2965, 0x2965, 0x3186, 0x2965, 0x39A6, 0x39C7, 0x3165, 0x2945, 0x2945, 0x2123, 0x2103, 0x18E3, 0x20E3, 0x20E3,
    0x2103, 0x2104, 0x2904, 0x2104, 0x20E3, 0x20E3, 0x18A2, 0x18A2, 0x1061, 0x0841, 0x1082, 0x1082, 0x1082, 0x1082, 0x1082, 0x18A3,
    0x2104, 0x10A3, 0x18C3, 0x2104, 0x18C2, 0x18C3, 0x20E3, 0x2924, 0x2924, 0x20E3, 0x18C2, 0x18A2, 0x18A2, 0x20E3, 0x20E3, 0x18C3,
    0x20E3, 0x20C3, 0x20E3, 0x2104, 0x2924, 0x3186, 0x3165, 0x2104, 0x18C3, 0x20E3, 0x2103, 0x20E3, 0x20E3, 0x2904, 0x2944, 0x3145,
    0x3145, 0x3165, 0x3185, 0x3145, 0x2103, 0x20E3, 0x20E3, 0x3145, 0x3165, 0x3145, 0x2924, 0x20C3, 0x2904, 0x2945, 0x3165, 0x3165,
    0x2945, 0x2904, 0x2924, 0x28E4, 0x20E3, 0x2904, 0x3125, 0x39A6, 0x41C7, 0x2904, 0x3145, 0x41C7, 0x4A08, 0x39A6, 0x39A6, 0x4A28,
    0x4A28, 0x4A07, 0x41C6, 0x39A6, 0x3986, 0x4A08, 0x3986, 0x39A6, 0x3145, 0x39A6, 0x41C7, 0x4A28, 0x41C7, 0x3986, 0x2924, 0x3186,
    0x2945, 0x3165, 0x41E7, 0x41E8, 0x39A6, 0x4A49, 0x528A, 0x5249, 0x41C7, 0x4A28, 0x4A48, 0x4207, 0x5249, 0x4A49, 0x6B0C, 0x5A8A,
    0x4A28, 0x5249, 0x5AAA, 0x5289, 0x62EB, 0x62EB, 0x5249, 0x4A28, 0x41A6, 0x3125, 0x49C7, 0x4166, 0x41A6, 0x4145, 0x4145, 0x4986,
    0x4145, 0x38E4, 0x4105, 0x38C4, 0x38C4, 0x38C5, 0x4105, 0x38A4, 0x3064, 0x3884, 0x3043, 0x2823, 0x2022, 0x1802, 0x1801, 0x1822,
    0x1802, 0x1802, 0x1801, 0x1822, 0x1842, 0x1822, 0x1001, 0x1801, 0x1822, 0x1822, 0x1842, 0x1842, 0x1842, 0x1842, 0x1842, 0x2042,
    0x1925, 0x1905, 0x2145, 0x2966, 0x2986, 0x2166, 0x31C7, 0x5B2D, 0x8CF4, 0xA5B7, 0x7410, 0x7C52, 0x9515, 0xA5B7, 0x8CF4, 0x8CF4,
    0x9556, 0xADF9, 0x9557, 0x9557, 0x84B6, 0x9D9A, 0x9538, 0x8CF8, 0xADDB, 0x8D17, 0x8CF6, 0xADBA, 0x9D18, 0x6B73, 0x7C15, 0xB5DA,
    0xC69C, 0xCE7B, 0xC619, 0x4227, 0x20E2, 0x3985, 0x3165, 0x3165, 0x20E2, 0x20C3, 0x2904, 0x2903, 0x18C2, 0x18C2, 0x2103, 0x2924,
    0x2103, 0x2103, 0x20E3, 0x18A2, 0x18C2, 0x18C2, 0x18C2, 0x18C2, 0x2124, 0x2124, 0x2103, 0x2104, 0x2124, 0x1081, 0x0861, 0x1082,
    0x18E3, 0x31A6, 0x39C6, 0x31A6, 0x39C7, 0x39C6, 0x39A6, 0x3165, 0x2904, 0x2924, 0x2924, 0x2103, 0x18E2, 0x18E3, 0x2103, 0x2923,
    0x2904, 0x2103, 0x18C3, 0x18C3, 0x18A2, 0x1081, 0x1082, 0x1082, 0x1061, 0x1082, 0x1082, 0x1082, 0x10A2, 0x10A2, 0x18C3, 0x2104,
    0x18C3, 0x18E3, 0x20E4, 0x18C3, 0x18C2, 0x2103, 0x2944, 0x2944, 0x2124, 0x18C2, 0x18A2, 0x18C2, 0x2103, 0x2944, 0x2924, 0x2924,
    0x2904, 0x2904, 0x2904, 0x2945, 0x3165, 0x2924, 0x20C3, 0x18C3, 0x20E3, 0x18A2, 0x20E3, 0x2103, 0x3165, 0x3165, 0x2944, 0x2904,
    0x20E3, 0x2944, 0x3145, 0x20E3, 0x20E3, 0x2944, 0x3185, 0x3165, 0x2945, 0x2924, 0x3165, 0x3145, 0x20E3, 0x2104, 0x20C3, 0x20E3,
    0x2104, 0x2925, 0x20E3, 0x20C3, 0x2904, 0x3125, 0x2904, 0x3966, 0x3124, 0x3985, 0x4A28, 0x5269, 0x41C6, 0x39A6, 0x4A28, 0x4A07,
    0x41E7, 0x41C6, 0x3986, 0x41C7, 0x4A07, 0x3165, 0x3986, 0x3145, 0x3165, 0x39A6, 0x4A07, 0x41E7, 0x39A6, 0x2904, 0x3145, 0x3186,
    0x2945, 0x39A6, 0x4A08, 0x39A6, 0x41E7, 0x4A29, 0x4A49, 0x41E7, 0x3986, 0x39C6, 0x5269, 0x41E7, 0x5249, 0x4A49, 0x5ACB, 0x4A49,
    0x5269, 0x4A48, 0x62EB, 0x5289, 0x62EB, 0x5A89, 0x5269, 0x4A28, 0x5269, 0x2904, 0x3145, 0x3104, 0x3966, 0x3965, 0x4166, 0x4145,
    0x4145, 0x4125, 0x4925, 0x38C4, 0x40E5, 0x4126, 0x4926, 0x48E5, 0x40A5, 0x40C5, 0x4084, 0x3864, 0x3844, 0x3043, 0x2823, 0x2843,
    0x1802, 0x1801, 0x1822, 0x1842, 0x1822, 0x1001, 0x1801, 0x1802, 0x1822, 0x1822, 0x1822, 0x1822, 0x2042, 0x2063, 0x2063, 0x2083,
    0x1905, 0x1904, 0x2125, 0x2146, 0x2146, 0x2966, 0x2146, 0x39E8, 0x7C31, 0x7431, 0x52EC, 0x7C31, 0x9D36, 0x6BD0, 0x73F1, 0x9515,
    0xA598, 0x94F5, 0x9D57, 0x84B5, 0x6C14, 0x9D7A, 0x9518, 0x8CB7, 0x9538, 0x84B6, 0x94F7, 0xB5DB, 0x9D18, 0x7393, 0x7C15, 0xAD99,
    0xCE7C, 0xD6DD, 0xBDF8, 0x3185, 0x20E2, 0x3985, 0x3985, 0x2903, 0x18A2, 0x18A2, 0x18C2, 0x18A2, 0x18A2, 0x18A2, 0x18E3, 0x2104,
    0x18C3, 0x18A2, 0x18A2, 0x18A2, 0x2103, 0x2103, 0x20E3, 0x2924, 0x2924, 0x2103, 0x2945, 0x2945, 0x10A2, 0x10A2, 0x18C3, 0x18C2,
    0x10A2, 0x2124, 0x39C6, 0x2924, 0x2124, 0x2124, 0x2924, 0x2924, 0x20E3, 0x20E3, 0x20E3, 0x10A2, 0x10A2, 0x18E3, 0x20E3, 0x18E3,
    0x18E3, 0x18A2, 0x18A2, 0x18A2, 0x1082, 0x18C2, 0x10A2, 0x0841, 0x10A2, 0x10A2, 0x10A2, 0x18E3, 0x18E3, 0x18C3, 0x2124, 0x2104,
    0x2924, 0x2945, 0x20E3, 0x2103, 0x2945, 0x2924, 0x2924, 0x3165, 0x2904, 0x2924, 0x3185, 0x3165, 0x3165, 0x2924, 0x2924, 0x2924,
    0x2945, 0x2945, 0x20C3, 0x18A2, 0x18C3, 0x20E3, 0x20E3, 0x20E4, 0x20E3, 0x2904, 0x3145, 0x3985, 0x3144, 0x3165, 0x3145, 0x20E3,
    0x20E3, 0x2103, 0x2103, 0x2924, 0x3185, 0x3986, 0x3185, 0x3165, 0x3145, 0x2944, 0x3165, 0x3165, 0x3165, 0x2104, 0x1081, 0x2924,
    0x2944, 0x20E3, 0x2904, 0x2904, 0x3145, 0x3144, 0x3165, 0x39A6, 0x3986, 0x39A6, 0x41C7, 0x41C6, 0x41C6, 0x4A07, 0x4A07, 0x41C7,
    0x39A6, 0x3985, 0x41E7, 0x4A08, 0x3986, 0x39A6, 0x41E7, 0x39A6, 0x41C6, 0x41C6, 0x41E7, 0x41C6, 0x2924, 0x20E3, 0x3145, 0x3165,
    0x3165, 0x4A08, 0x39A6, 0x41C7, 0x526A, 0x4A29, 0x39C7, 0x39A6, 0x3986, 0x4207, 0x4A28, 0x41C7, 0x41E7, 0x5A8A, 0x5ACB, 0x4A49,
    0x4A28, 0x4A28, 0x6B2C, 0x5AAA, 0x62EB, 0x5269, 0x5A8A, 0x41C7, 0x5269, 0x3145, 0x3166, 0x3125, 0x28E4, 0x3104, 0x4165, 0x4166,
    0x38E4, 0x4946, 0x4925, 0x40E5, 0x48E5, 0x4905, 0x40C5, 0x40A4, 0x40C5, 0x40A4, 0x4064, 0x4064, 0x48A5, 0x4084, 0x4084, 0x3884,
    0x3064, 0x2063, 0x2022, 0x1822, 0x1822, 0x1822, 0x1822, 0x1802, 0x2022, 0x2043, 0x2843, 0x2843, 0x2863, 0x2883, 0x28A4, 0x28A4,
    0x1905, 0x1905, 0x2125, 0x2146, 0x2146, 0x2966, 0x2967, 0x2967, 0x31C8, 0x29A8, 0x29A7, 0x4A8B, 0x52CC, 0x3A0A, 0x3A4B, 0x5B0E,
    0x52CD, 0x426C, 0x6350, 0x4A8D, 0x5310, 0x6BB3, 0x6B92, 0x7414, 0x5B31, 0x6371, 0x8C96, 0x94D7, 0x7BF4, 0x6B93, 0x73D4, 0x9D17,
    0xBE1B, 0xCE7B, 0xAD35, 0x2102, 0x2923, 0x2903, 0x3124, 0x2903, 0x18C2, 0x18A2, 0x18A2, 0x10A2, 0x18C2, 0x2104, 0x2103, 0x20E3,
    0x10A2, 0x18E3, 0x18C3, 0x18C3, 0x2924, 0x2945, 0x2104, 0x18C3, 0x2924, 0x3186, 0x2924, 0x1082, 0x1061, 0x18C3, 0x18C2, 0x10A2,
    0x20E3, 0x39C7, 0x2965, 0x10A2, 0x2103, 0x18C3, 0x18C3, 0x18C3, 0x18C3, 0x18A2, 0x18C3, 0x18E3, 0x1903, 0x18C2, 0x10A2, 0x18E3,
    0x18C3, 0x18C3, 0x18E3, 0x18C3, 0x10A2, 0x1082, 0x18A3, 0x18C3, 0x18C3, 0x18C3, 0x18E3, 0x20E4, 0x18C3, 0x2104, 0x18E3, 0x2104,
    0x2924, 0x2104, 0x2924, 0x3165, 0x3165, 0x3165, 0x3185, 0x2924, 0x2924, 0x3165, 0x3145, 0x2944, 0x2924, 0x3165, 0x3986, 0x3165,
    0x2924, 0x18A2, 0x18A2, 0x20E4, 0x20E4, 0x20C3, 0x20C3, 0x20C3, 0x18C3, 0x20E3, 0x2103, 0x2903, 0x3145, 0x3145, 0x3165, 0x3985,
    0x3165, 0x20E3, 0x2103, 0x3185, 0x39A6, 0x3165, 0x3165, 0x2944, 0x2103, 0x2924, 0x2924, 0x2924, 0x3165, 0x39C7, 0x39C6, 0x41E7,
    0x39C6, 0x39A6, 0x3185, 0x39A6, 0x41C7, 0x41C7, 0x41C6, 0x41C6, 0x39A6, 0x3986, 0x3986, 0x41C6, 0x4A07, 0x4A27, 0x41E7, 0x41C6,
    0x3986, 0x41C6, 0x3985, 0x3985, 0x41E7, 0x41C6, 0x3986, 0x41C6, 0x41C6, 0x41C7, 0x41C6, 0x3185, 0x2904, 0x2924, 0x3145, 0x3165,
    0x39C7, 0x41E7, 0x3165, 0x4A28, 0x526A, 0x4208, 0x3186, 0x2924, 0x4A28, 0x4A28, 0x4A08, 0x4A28, 0x5269, 0x5ACA, 0x5AAA, 0x4A29,
    0x4A28, 0x41E7, 0x630C, 0x62EB, 0x6B4D, 0x5249, 0x5269, 0x41C6, 0x41E7, 0x41E8, 0x39A7, 0x3145, 0x20C3, 0x2904, 0x3965, 0x51E7,
    0x4987, 0x4966, 0x4105, 0x5126, 0x5126, 0x4905, 0x40E5, 0x40C5, 0x40C5, 0x48C5, 0x48A5, 0x4885, 0x50C5, 0x50C5, 0x50C6, 0x50A6,
    0x40A5, 0x2042, 0x1802, 0x1822, 0x1822, 0x1822, 0x1822, 0x2022, 0x2843, 0x3884, 0x4085, 0x48A5, 0x48C5, 0x48E6, 0x4906, 0x4105,
    0x18E4, 0x18E4, 0x1905, 0x2126, 0x2966, 0x3187, 0x3187, 0x2967, 0x3187, 0x31A8, 0x31C8, 0x3A09, 0x3A0A, 0x420A, 0x3A0B, 0x31CA,
    0x31A9, 0x31AA, 0x39CA, 0x39EB, 0x3A0B, 0x422C, 0x424D, 0x4A6E, 0x426E, 0x424D, 0x4A8E, 0x5B10, 0x7372, 0x7BB3, 0x7BD4, 0x8C75,
    0x9CF7, 0xB599, 0x9CD3, 0x2903, 0x2902, 0x3124, 0x2903, 0x20E3, 0x18C2, 0x1881, 0x18C2, 0x18A2, 0x18E3, 0x2124, 0x18E3, 0x2104,
    0x18E3, 0x2104, 0x20E3, 0x18C3, 0x2104, 0x18A2, 0x18A2, 0x20E3, 0x2104, 0x18C3, 0x1082, 0x1061, 0x18A2, 0x20E3, 0x10A2, 0x18C2,
    0x3186, 0x3186, 0x18C2, 0x2124, 0x3185, 0x2104, 0x20E3, 0x20E3, 0x18C3, 0x20E3, 0x18E3, 0x1903, 0x18E3, 0x18E2, 0x2124, 0x18E3,
    0x10A2, 0x10A2, 0x1082, 0x18E3, 0x10A2, 0x1082, 0x18E3, 0x20E3, 0x20E4, 0x2104, 0x2104, 0x18C3, 0x2104, 0x2124, 0x2124, 0x2104,
    0x2104, 0x2104, 0x2925, 0x3165, 0x2924, 0x3165, 0x2924, 0x2103, 0x2103, 0x20E3, 0x2924, 0x3165, 0x3986, 0x3165, 0x20E3, 0x18C3,
    0x18A3, 0x20C3, 0x20E3, 0x18C3, 0x18A2, 0x18A2, 0x18A2, 0x1082, 0x18C3, 0x20E3, 0x20E3, 0x20C3, 0x2103, 0x3165, 0x39A6, 0x39C6,
    0x3185, 0x41E7, 0x4A28, 0x3185, 0x2944, 0x3185, 0x3165, 0x2944, 0x2944, 0x2924, 0x2924, 0x2924, 0x2924, 0x3165, 0x39A6, 0x41E7,
    0x39C6, 0x39C6, 0x39C6, 0x41E7, 0x39A6, 0x39A6, 0x39A6, 0x39A6, 0x39A6, 0x39A6, 0x41A6, 0x41E7, 0x4A07, 0x41C6, 0x3985, 0x3165,
    0x39A5, 0x3165, 0x3164, 0x3185, 0x3145, 0x3144, 0x39A6, 0x3986, 0x39A6, 0x39A6, 0x3985, 0x2924, 0x2924, 0x2904, 0x3986, 0x41C7,
    0x41E7, 0x3186, 0x39A6, 0x5249, 0x5249, 0x3986, 0x3165, 0x2924, 0x41E8, 0x41C7, 0x4A28, 0x5AAB, 0x5AAA, 0x5AAB, 0x526A, 0x4208,
    0x5269, 0x41E8, 0x5ACB, 0x6B2D, 0x6B4D, 0x4A29, 0x526A, 0x4A08, 0x4A08, 0x4A08, 0x39A7, 0x3986, 0x3125, 0x1882, 0x3145, 0x3966,
    0x4186, 0x5A28, 0x51C8, 0x5187, 0x5166, 0x4926, 0x61E9, 0x5147, 0x5126, 0x50E5, 0x50C5, 0x5085, 0x58A5, 0x58E6, 0x50A5, 0x5085,
    0x4064, 0x2863, 0x1822, 0x1802, 0x1822, 0x1822, 0x2022, 0x2843, 0x3884, 0x48C5, 0x50C6, 0x58A5, 0x7948, 0x89EA, 0x8A2B, 0x824C,
    0x10C4, 0x18E4, 0x1905, 0x2146, 0x2967, 0x31A7, 0x3187, 0x2946, 0x2967, 0x31A8, 0x31C8, 0x424A, 0x422B, 0x39EA, 0x39EB, 0x420B,
    0x39EB, 0x39CA, 0x39EB, 0x39CA, 0x3189, 0x31AA, 0x424C, 0x4A4D, 0x420C, 0x420C, 0x422C, 0x5ACF, 0x7392, 0x83F4, 0x7BF4, 0x7BF3,
    0x7BF3, 0x8C54, 0x736E, 0x3123, 0x2923, 0x3144, 0x2903, 0x20E2, 0x18C2, 0x18A2, 0x2103, 0x18E3, 0x20E3, 0x2104, 0x18E3, 0x2945,
    0x2103, 0x2103, 0x18C2, 0x18A2, 0x18C2, 0x18C3, 0x18A2, 0x18C2, 0x18A2, 0x1081, 0x18A2, 0x18A2, 0x18E3, 0x18C2, 0x18C2, 0x3185,
    0x31A6, 0x18C3, 0x18E3, 0x2124, 0x2944, 0x2924, 0x2924, 0x18C3, 0x18C3, 0x20E3, 0x18E3, 0x2124, 0x2144, 0x2103, 0x10A2, 0x0861,
    0x10A2, 0x10A2, 0x18C3, 0x18E3, 0x1082, 0x10A2, 0x18C3, 0x18A3, 0x18C3, 0x20E3, 0x2104, 0x2924, 0x2965, 0x3186, 0x39A6, 0x3165,
    0x3165, 0x3165, 0x3986, 0x3185, 0x3185, 0x2904, 0x2103, 0x2924, 0x2944, 0x3165, 0x3145, 0x2924, 0x20E3, 0x18A2, 0x18A2, 0x18A2,
    0x18A2, 0x18C3, 0x1082, 0x1082, 0x18A2, 0x18C3, 0x18C3, 0x18C3, 0x2104, 0x2104, 0x2104, 0x20C3, 0x20E3, 0x20E3, 0x2103, 0x39A6,
    0x41C7, 0x39A6, 0x3165, 0x41C7, 0x39A6, 0x3185, 0x39C6, 0x41E7, 0x39C6, 0x39C6, 0x39A6, 0x3185, 0x3165, 0x2924, 0x3145, 0x3165,
    0x2944, 0x3185, 0x39A6, 0x3185, 0x39C6, 0x39A6, 0x39C6, 0x39A6, 0x41E7, 0x41E7, 0x39A6, 0x39A6, 0x3185, 0x3165, 0x3165, 0x3185,
    0x2924, 0x3165, 0x3185, 0x2924, 0x2924, 0x3985, 0x3165, 0x39A6, 0x3165, 0x3165, 0x2924, 0x2104, 0x2904, 0x3186, 0x39A6, 0x39C7,
    0x39A6, 0x39A6, 0x4A28, 0x528A, 0x3186, 0x41E7, 0x2104, 0x3166, 0x39C7, 0x41E7, 0x4A29, 0x526A, 0x5A8A, 0x5A8A, 0x4A29, 0x4A29,
    0x4208, 0x41E8, 0x630C, 0x6B0C, 0x6B2C, 0x526A, 0x5249, 0x4A28, 0x39A7, 0x4A08, 0x4A29, 0x39A6, 0x41C7, 0x20E3, 0x3145, 0x3165,
    0x2904, 0x49E7, 0x5A6A, 0x49C7, 0x4146, 0x5187, 0x6A6A, 0x5166, 0x4905, 0x50C5, 0x58C5, 0x60C6, 0x60C6, 0x58C6, 0x5065, 0x5085,
    0x48A5, 0x2843, 0x1001, 0x1801, 0x1801, 0x1822, 0x2863, 0x3084, 0x40A5, 0x50A6, 0x58A5, 0x7065, 0xB129, 0xD9EC, 0xDA6E, 0xCA6E,
    0x10C4, 0x10C4, 0x1905, 0x2146, 0x2987, 0x31A7, 0x3187, 0x2967, 0x2947, 0x3187, 0x31C9, 0x422A, 0x422A, 0x39EA, 0x39CB, 0x39EB,
    0x420B, 0x420C, 0x41EB, 0x39CA, 0x2969, 0x2989, 0x39CA, 0x39EB, 0x39CB, 0x39CB, 0x420C, 0x52AE, 0x6B51, 0x7392, 0x7372, 0x7392,
    0x73D2, 0x7BF2, 0x62CC, 0x3123, 0x3144, 0x3965, 0x20E3, 0x18A2, 0x18C2, 0x18C2, 0x2924, 0x18E3, 0x18C3, 0x2104, 0x20E3, 0x2124,
    0x20E3, 0x20E3, 0x18A2, 0x18C2, 0x18C3, 0x20E3, 0x18C3, 0x18A2, 0x1061, 0x1081, 0x18C3, 0x18C2, 0x18E3, 0x18C3, 0x2945, 0x3186,
    0x18E3, 0x2104, 0x2124, 0x2924, 0x2124, 0x2103, 0x18A2, 0x18C3, 0x2104, 0x2924, 0x2944, 0x2944, 0x18C3, 0x0861, 0x0861, 0x10A2,
    0x18C3, 0x18C3, 0x18E3, 0x10A2, 0x1082, 0x18A2, 0x18C3, 0x18C3, 0x18E3, 0x18C2, 0x18C3, 0x2124, 0x2965, 0x3186, 0x2945, 0x3165,
    0x2945, 0x3165, 0x3186, 0x3186, 0x2924, 0x20E3, 0x2924, 0x2104, 0x18C3, 0x18C2, 0x10A2, 0x0861, 0x10A2, 0x18C2, 0x18C2, 0x18C2,
    0x18A2, 0x1882, 0x1082, 0x20E3, 0x20E3, 0x20E3, 0x20E3, 0x20E3, 0x2104, 0x3165, 0x2924, 0x20E3, 0x20E3, 0x2104, 0x20E3, 0x18C2,
    0x20E3, 0x3165, 0x39A6, 0x3165, 0x39A6, 0x3986, 0x2944, 0x2924, 0x2944, 0x3164, 0x39A5, 0x4207, 0x41E7, 0x39C6, 0x39A6, 0x39A6,
    0x39A6, 0x39A6, 0x3185, 0x39A6, 0x39C6, 0x3986, 0x39A6, 0x3986, 0x41E7, 0x41E7, 0x41C6, 0x3986, 0x3165, 0x39A6, 0x39C6, 0x3185,
    0x3164, 0x2924, 0x2903, 0x2944, 0x39A5, 0x3165, 0x2924, 0x3144, 0x3165, 0x20E3, 0x2924, 0x3165, 0x3165, 0x3986, 0x3986, 0x2945,
    0x3165, 0x41C7, 0x5A8A, 0x4A08, 0x39A6, 0x39C7, 0x20E4, 0x41C7, 0x3186, 0x41E8, 0x41E8, 0x4208, 0x5249, 0x526A, 0x4A29, 0x4A28,
    0x39C7, 0x4A49, 0x736D, 0x5ACB, 0x5AAB, 0x4A29, 0x4A49, 0x41C7, 0x3986, 0x41C7, 0x526A, 0x41C7, 0x3165, 0x2925, 0x2945, 0x39A6,
    0x3165, 0x2904, 0x49E8, 0x49C7, 0x49E7, 0x51E8, 0x6229, 0x59A7, 0x5146, 0x50E5, 0x58E6, 0x58C6, 0x60C6, 0x58A5, 0x58A5, 0x58A5,
    0x3843, 0x1801, 0x1801, 0x1801, 0x1821, 0x2042, 0x30A4, 0x40C5, 0x48A5, 0x58A5, 0x5885, 0x8045, 0xD867, 0xE847, 0xE8C8, 0xC928,
    0x10C4, 0x10C4, 0x1905, 0x2946, 0x2987, 0x31A7, 0x31A7, 0x2967, 0x2947, 0x3167, 0x39C9, 0x422A, 0x422A, 0x39CA, 0x39CB, 0x420C,
    0x4A4D, 0x4A4E, 0x420C, 0x39CB, 0x3189, 0x2968, 0x2969, 0x3189, 0x318A, 0x31AA, 0x39EB, 0x528E, 0x6310, 0x6330, 0x6331, 0x6B71,
    0x7BD2, 0x8413, 0x6B2D, 0x3144, 0x3144, 0x3144, 0x18C2, 0x18A1, 0x18C2, 0x2103, 0x2965, 0x18E3, 0x18C2, 0x2124, 0x2104, 0x2104,
    0x2124, 0x20E3, 0x18A2, 0x20E3, 0x20E3, 0x18C3, 0x18A2, 0x0841, 0x1082, 0x18C2, 0x20E3, 0x18C2, 0x2103, 0x2945, 0x2965, 0x18E3,
    0x2103, 0x2944, 0x2924, 0x2924, 0x20E3, 0x18C3, 0x18C3, 0x2104, 0x20E3, 0x2924, 0x2924, 0x10A2, 0x0841, 0x0841, 0x10A2, 0x18C3,
    0x18C3, 0x18C3, 0x18C3, 0x10A2, 0x18A2, 0x18C3, 0x18E3, 0x10A2, 0x18E3, 0x18C2, 0x2124, 0x3165, 0x3185, 0x2945, 0x2944, 0x3186,
    0x3165, 0x3165, 0x3145, 0x2104, 0x18C3, 0x18A2, 0x18A2, 0x1081, 0x1081, 0x18C3, 0x10A2, 0x1082, 0x18C3, 0x18E3, 0x18C2, 0x10A2,
    0x18A2, 0x18C2, 0x18C2, 0x18C2, 0x18C3, 0x20E3, 0x20E3, 0x2103, 0x2924, 0x2924, 0x2924, 0x18C3, 0x2103, 0x2104, 0x18E3, 0x18C2,
    0x18A2, 0x18A2, 0x2924, 0x3986, 0x39A6, 0x39C6, 0x4207, 0x39C6, 0x39A5, 0x39A5, 0x3185, 0x39A6, 0x41E7, 0x4A28, 0x41E7, 0x41E7,
    0x4207, 0x39C6, 0x41E7, 0x41C7, 0x3185, 0x3165, 0x3986, 0x3985, 0x39A6, 0x3165, 0x3144, 0x2924, 0x3145, 0x3144, 0x2944, 0x2924,
    0x20E3, 0x20E3, 0x3144, 0x3985, 0x2944, 0x2103, 0x2924, 0x2924, 0x20A2, 0x2904, 0x3186, 0x3165, 0x3165, 0x3186, 0x2924, 0x2945,
    0x39A6, 0x4208, 0x5249, 0x39A6, 0x39C7, 0x3145, 0x39A7, 0x3986, 0x39A6, 0x4208, 0x3986, 0x526A, 0x4A29, 0x5ACB, 0x4A29, 0x4A49,
    0x41C7, 0x5ACB, 0x62EB, 0x62EB, 0x5A8A, 0x4A29, 0x528A, 0x3986, 0x41C7, 0x49E8, 0x4A28, 0x4208, 0x3145, 0x20E4, 0x20C3, 0x2924,
    0x39A6, 0x20E3, 0x41E7, 0x49E7, 0x49E7, 0x49A6, 0x51C7, 0x51A7, 0x5987, 0x5126, 0x58E5, 0x58C5, 0x58A5, 0x58A5, 0x58A5, 0x5065,
    0x3843, 0x2001, 0x1801, 0x1801, 0x1821, 0x2042, 0x30A4, 0x40C4, 0x50A5, 0x58A5, 0x5864, 0x9045, 0xE027, 0xE806, 0xE066, 0xD26B,
    0x10C4, 0x18E4, 0x1905, 0x2126, 0x2987, 0x31A8, 0x31A8, 0x3187, 0x2947, 0x2967, 0x39C9, 0x422A, 0x420A, 0x39CA, 0x39CB, 0x41EC,
    0x4A2D, 0x4A4E, 0x41ED, 0x39EC, 0x39AA, 0x2969, 0x3189, 0x31AA, 0x31AA, 0x39AA, 0x420B, 0x528E, 0x6B71, 0x7BF3, 0x7BD3, 0x7BF4,
    0x8414, 0x8C54, 0x73AF, 0x3164, 0x3144, 0x2924, 0x18A2, 0x18A2, 0x20E3, 0x2944, 0x3185, 0x18E3, 0x18E3, 0x2124, 0x18E3, 0x18E3,
    0x2104, 0x18A2, 0x20E3, 0x20C3, 0x18C2, 0x1082, 0x0841, 0x1061, 0x18A2, 0x20E3, 0x18C3, 0x20E3, 0x3186, 0x3165, 0x18E3, 0x18E3,
    0x2104, 0x2944, 0x2124, 0x18C2, 0x1081, 0x18C3, 0x2124, 0x2104, 0x2924, 0x2103, 0x1061, 0x0841, 0x1061, 0x1081, 0x18E3, 0x18E3,
    0x18E3, 0x10A2, 0x10A2, 0x10A2, 0x10A2, 0x2104, 0x18A3, 0x10A2, 0x18E3, 0x18E3, 0x2965, 0x3186, 0x3165, 0x39A6, 0x39A6, 0x2924,
    0x2924, 0x2904, 0x20E3, 0x1081, 0x1082, 0x1082, 0x1082, 0x1082, 0x18A2, 0x18C2, 0x10A2, 0x18C3, 0x18C3, 0x10A2, 0x10A2, 0x18C3,
    0x20E3, 0x18C2, 0x18A2, 0x20E3, 0x20E3, 0x18C3, 0x2104, 0x3185, 0x2924, 0x2945, 0x3165, 0x2945, 0x2104, 0x18C2, 0x10A2, 0x18C3,
    0x20E3, 0x20E3, 0x2103, 0x2924, 0x3145, 0x3145, 0x3165, 0x39A5, 0x41E7, 0x4207, 0x41E6, 0x39A6, 0x39A6, 0x41E7, 0x39C6, 0x39A6,
    0x39C6, 0x3185, 0x3165, 0x3165, 0x3145, 0x3145, 0x2924, 0x20E3, 0x20E3, 0x2903, 0x2904, 0x2924, 0x2944, 0x2944, 0x2904, 0x2103,
    0x2103, 0x3165, 0x3165, 0x2924, 0x20E3, 0x2903, 0x2924, 0x18A2, 0x2904, 0x3966, 0x3165, 0x2924, 0x2945, 0x2945, 0x2945, 0x39A6,
    0x39A6, 0x4A08, 0x4A49, 0x41E8, 0x39A6, 0x3166, 0x39A6, 0x20E4, 0x41E7, 0x41E7, 0x41C7, 0x4A29, 0x4A29, 0x5269, 0x4A08, 0x4208,
    0x4A28, 0x528A, 0x5ACB, 0x736E, 0x528A, 0x4A49, 0x62CB, 0x41C7, 0x39A7, 0x41A7, 0x39A6, 0x4A49, 0x3986, 0x39A7, 0x2904, 0x2904,
    0x4A07, 0x3144, 0x39A5, 0x3985, 0x3965, 0x49E7, 0x5A28, 0x6208, 0x5986, 0x6187, 0x5926, 0x6967, 0x6947, 0x6127, 0x58E6, 0x50C6,
    0x3864, 0x2022, 0x1801, 0x1801, 0x1821, 0x2042, 0x30A4, 0x40C4, 0x50A5, 0x58A5, 0x5864, 0xA046, 0xE827, 0xE026, 0xD98A, 0xE4D4,
    0x10C4, 0x18E5, 0x1905, 0x2105, 0x2967, 0x31C8, 0x31C8, 0x3188, 0x2947, 0x2967, 0x39C9, 0x422A, 0x420A, 0x39CA, 0x31AB, 0x39CC,
    0x420D, 0x420D, 0x39CC, 0x39EC, 0x39CC, 0x318A, 0x318A, 0x31AA, 0x39CB, 0x39CB, 0x420C, 0x528E, 0x73B2, 0x8C75, 0x9496, 0x9496,
    0x8C75, 0x8C74, 0x7BCF, 0x4A47, 0x39A5, 0x20E3, 0x20C2, 0x18C2, 0x2924, 0x3165, 0x3165, 0x18E3, 0x18C2, 0x2124, 0x18E3, 0x18A2,
    0x2103, 0x18E3, 0x20E3, 0x18E3, 0x18A2, 0x1061, 0x1061, 0x1082, 0x18C3, 0x18C2, 0x18E3, 0x2945, 0x2944, 0x18C3, 0x2104, 0x2124,
    0x2124, 0x2103, 0x0861, 0x0861, 0x18C3, 0x2104, 0x2124, 0x2924, 0x18C2, 0x0841, 0x0820, 0x1061, 0x1061, 0x18A2, 0x18E3, 0x2104,
    0x10A2, 0x1082, 0x10A2, 0x10A2, 0x18E3, 0x2104, 0x18A2, 0x18A3, 0x18E3, 0x2124, 0x2945, 0x2965, 0x2104, 0x2103, 0x20E3, 0x2904,
    0x20E3, 0x18C2, 0x1082, 0x1061, 0x1061, 0x1082, 0x10A2, 0x10A2, 0x10A2, 0x18A2, 0x1082, 0x10A2, 0x18C3, 0x18E3, 0x18E3, 0x20E3,
    0x18C3, 0x18C3, 0x20E3, 0x2924, 0x2104, 0x2924, 0x2945, 0x3165, 0x3165, 0x2104, 0x18E3, 0x18C3, 0x18E3, 0x18E3, 0x18C3, 0x18C2,
    0x20E3, 0x20E3, 0x2904, 0x2904, 0x2924, 0x2103, 0x18C3, 0x18E2, 0x20E3, 0x20E2, 0x2103, 0x2904, 0x2924, 0x2904, 0x2924, 0x2924,
    0x2924, 0x2944, 0x2944, 0x3145, 0x3144, 0x2924, 0x20E3, 0x20E3, 0x3145, 0x3144, 0x3145, 0x3144, 0x3144, 0x2944, 0x20E3, 0x2903,
    0x3165, 0x3165, 0x2103, 0x2103, 0x2104, 0x2103, 0x18A2, 0x2103, 0x3986, 0x3165, 0x2945, 0x2924, 0x3986, 0x3165, 0x3165, 0x39C7,
    0x41C7, 0x39A6, 0x4208, 0x41C7, 0x3165, 0x3165, 0x18C3, 0x3165, 0x4A28, 0x41C7, 0x41C7, 0x39C7, 0x4A08, 0x41C7, 0x4A08, 0x41E7,
    0x528A, 0x526A, 0x6B0C, 0x62CB, 0x62CB, 0x5269, 0x41E8, 0x4A08, 0x39A6, 0x3145, 0x3986, 0x41E8, 0x41C7, 0x4A28, 0x3166, 0x2904,
    0x41C6, 0x39A5, 0x39A5, 0x49E6, 0x4185, 0x41C6, 0x51E7, 0x7A8A, 0x5986, 0x61A6, 0x824A, 0x928C, 0x9AAD, 0x822B, 0x69CA, 0x61A9,
    0x40A5, 0x2842, 0x2021, 0x2021, 0x1821, 0x2022, 0x3084, 0x40C5, 0x48C5, 0x50A5, 0x5844, 0xB046, 0xE888, 0xD9AA, 0xEBD2, 0xE5F8,
    0x10C4, 0x18E4, 0x18E5, 0x1905, 0x2966, 0x31A7, 0x31C8, 0x31A8, 0x2947, 0x2947, 0x39C9, 0x422A, 0x422B, 0x39CB, 0x31AB, 0x39CC,
    0x420D, 0x39EC, 0x39CB, 0x39ED, 0x420D, 0x39EC, 0x39CC, 0x39CC, 0x39EC, 0x39EC, 0x420D, 0x52AF, 0x6B71, 0x7BD3, 0x8414, 0x8434,
    0x8414, 0x8433, 0x6B6E, 0x4A48, 0x39A6, 0x18A1, 0x20E2, 0x2903, 0x2944, 0x3165, 0x2944, 0x18E3, 0x18C2, 0x18E3, 0x18C3, 0x18C2,
    0x18E3, 0x2104, 0x18E3, 0x18C2, 0x0861, 0x1082, 0x10A2, 0x10A2, 0x18C3, 0x2104, 0x2945, 0x2104, 0x18C2, 0x2103, 0x2103, 0x20E3,
    0x18E3, 0x1061, 0x1061, 0x18E3, 0x18E3, 0x20E3, 0x2103, 0x10A2, 0x0841, 0x0841, 0x0861, 0x10A2, 0x10A2, 0x18C3, 0x18E3, 0x18C3,
    0x1082, 0x10A2, 0x10A2, 0x18C3, 0x2945, 0x18E3, 0x1082, 0x18A2, 0x2104, 0x2924, 0x2944, 0x10A2, 0x18C3, 0x2104, 0x2945, 0x2924,
    0x18C3, 0x10A2, 0x0861, 0x0841, 0x1061, 0x18C2, 0x18C2, 0x18C2, 0x10A2, 0x10A2, 0x10A2, 0x18C3, 0x20E3, 0x2103, 0x18E3, 0x18C3,
    0x20E3, 0x2103, 0x2924, 0x2924, 0x2924, 0x2103, 0x2103, 0x2945, 0x2924, 0x2924, 0x20E3, 0x18C3, 0x1061, 0x1082, 0x18C2, 0x20E3,
    0x18C3, 0x20E3, 0x2924, 0x2104, 0x18C2, 0x18E3, 0x18E3, 0x18E3, 0x2924, 0x2924, 0x20E3, 0x20E3, 0x20C2, 0x20C2, 0x20E3, 0x18A2,
    0x18A2, 0x18C2, 0x18C2, 0x18A2, 0x18A2, 0x18C2, 0x2903, 0x3144, 0x2924, 0x2924, 0x20E3, 0x2903, 0x2904, 0x2924, 0x2924, 0x3145,
    0x2924, 0x2904, 0x2903, 0x20C2, 0x18A2, 0x20E3, 0x2944, 0x3185, 0x3986, 0x3185, 0x39C6, 0x3186, 0x3186, 0x2904, 0x3145, 0x39A6,
    0x39A6, 0x4A08, 0x41E7, 0x3165, 0x2925, 0x18A3, 0x20C3, 0x4A29, 0x4A28, 0x39A6, 0x41C7, 0x4208, 0x41E7, 0x4208, 0x39C7, 0x4A29,
    0x5AAB, 0x5AAA, 0x6B0C, 0x526A, 0x62CB, 0x5A8A, 0x41E7, 0x41E7, 0x41C7, 0x3166, 0x3986, 0x39A7, 0x41A7, 0x3166, 0x39A7, 0x3145,
    0x3986, 0x3144, 0x4A07, 0x5227, 0x49E6, 0x4A06, 0x5A07, 0x8AAA, 0x8268, 0x69C5, 0xA2EA, 0xBB0B, 0xD3AF, 0xA2CC, 0x828C, 0x726C,
    0x59A8, 0x40E4, 0x30A3, 0x2862, 0x2062, 0x2042, 0x2883, 0x4106, 0x5127, 0x5907, 0x60C5, 0xB8A6, 0xE18A, 0xF495, 0xEDB9, 0xE63A,
    0x10C4, 0x10C4, 0x18E4, 0x2105, 0x2146, 0x2987, 0x31A8, 0x31A8, 0x2967, 0x2947, 0x31A8, 0x422B, 0x422C, 0x39CB, 0x31AB, 0x39CC,
    0x41ED, 0x39CC, 0x31AC, 0x39CD, 0x422E, 0x4A2E, 0x420D, 0x39ED, 0x41ED, 0x420E, 0x422F, 0x5290, 0x6311, 0x5AF0, 0x6311, 0x6B72,
    0x6B51, 0x6B2E, 0x5ACB, 0x5269, 0x3164, 0x2923, 0x2924, 0x2944, 0x3165, 0x3165, 0x2944, 0x18E3, 0x18E3, 0x18E3, 0x18C2, 0x18A2,
    0x10A2, 0x2944, 0x18E3, 0x18C2, 0x1082, 0x18C2, 0x18E3, 0x2104, 0x2944, 0x2945, 0x2104, 0x18C3, 0x18E3, 0x18C3, 0x2124, 0x20E3,
    0x10A2, 0x1082, 0x18C3, 0x2104, 0x2103, 0x20E3, 0x18C2, 0x0841, 0x0840, 0x10A2, 0x1082, 0x18E3, 0x18E3, 0x18E3, 0x18C3, 0x10A2,
    0x1082, 0x18E3, 0x2104, 0x18C3, 0x2945, 0x18C3, 0x0841, 0x18C3, 0x2104, 0x2944, 0x1082, 0x18C2, 0x20E3, 0x2104, 0x2104, 0x1082,
    0x1082, 0x1082, 0x0840, 0x0820, 0x18A2, 0x18E3, 0x18C3, 0x18C2, 0x1082, 0x1082, 0x18A2, 0x18E3, 0x2104, 0x18E3, 0x18E3, 0x2103,
    0x2924, 0x2924, 0x2944, 0x3165, 0x2104, 0x2924, 0x2945, 0x2104, 0x2944, 0x2944, 0x20E3, 0x1081, 0x1081, 0x18C3, 0x18C2, 0x18E3,
    0x2104, 0x20E3, 0x18A2, 0x1082, 0x18C2, 0x2103, 0x18C2, 0x10A2, 0x18E3, 0x18E3, 0x2924, 0x2104, 0x20E3, 0x2903, 0x20E3, 0x2103,
    0x2103, 0x2103, 0x20E3, 0x2904, 0x3165, 0x3185, 0x3145, 0x2903, 0x20E3, 0x20E3, 0x2903, 0x2924, 0x2904, 0x2904, 0x20E3, 0x20C2,
    0x18A2, 0x18A2, 0x20C2, 0x20E3, 0x2103, 0x2944, 0x3185, 0x3165, 0x3165, 0x3185, 0x3986, 0x3165, 0x20E3, 0x20E3, 0x39A6, 0x39A6,
    0x41E7, 0x41E7, 0x39A6, 0x2945, 0x3145, 0x2104, 0x41C7, 0x4A08, 0x3986, 0x39A7, 0x41C7, 0x39C7, 0x4208, 0x3186, 0x3986, 0x5A8A,
    0x526A, 0x62EB, 0x6B2C, 0x528A, 0x630C, 0x528A, 0x41E7, 0x3986, 0x3166, 0x41A7, 0x3986, 0x3145, 0x39A7, 0x39A7, 0x3986, 0x3166,
    0x41C6, 0x3144, 0x5228, 0x41C6, 0x49C6, 0x5227, 0x6248, 0x828A, 0x8ACA, 0x79C5, 0xB2A8, 0xD2E9, 0xDAC9, 0xA227, 0x7A4B, 0x7AEE,
    0x6A29, 0x6166, 0x5965, 0x40E3, 0x2882, 0x2842, 0x3083, 0x49A7, 0x5A4A, 0x6A2A, 0x922A, 0xD168, 0xEA6C, 0xFE1A, 0xF69C, 0xD5D9,
    0x18E4, 0x18C4, 0x18E4, 0x2125, 0x2146, 0x2967, 0x31A8, 0x31A8, 0x2967, 0x2947, 0x31A8, 0x422B, 0x422C, 0x39EC, 0x39AB, 0x39CC,
    0x41ED, 0x31AC, 0x318C, 0x39AD, 0x422F, 0x4A4E, 0x420E, 0x39EE, 0x41EE, 0x420F, 0x4210, 0x4A71, 0x5AD1, 0x6311, 0x5AD0, 0x5AF1,
    0x6330, 0x5ACC, 0x4A68, 0x4207, 0x2924, 0x2944, 0x3164, 0x20E3, 0x3165, 0x3185, 0x2945, 0x18C2, 0x18E3, 0x2103, 0x10A2, 0x10A2,
    0x10A2, 0x2103, 0x20E3, 0x18C3, 0x1082, 0x18C3, 0x2124, 0x2124, 0x2103, 0x20E3, 0x18C3, 0x18C2, 0x18C3, 0x2103, 0x18C3, 0x0861,
    0x1081, 0x18C3, 0x2103, 0x2104, 0x18E3, 0x10A2, 0x0861, 0x0841, 0x1081, 0x18C3, 0x10A2, 0x18E3, 0x18C3, 0x18C3, 0x10A2, 0x10A2,
    0x10A2, 0x2104, 0x18E3, 0x18E3, 0x2124, 0x1082, 0x0861, 0x2104, 0x2945, 0x18C2, 0x18C2, 0x2124, 0x18C3, 0x20E3, 0x18A2, 0x1061,
    0x10A2, 0x1082, 0x0861, 0x0861, 0x18E3, 0x18E3, 0x18C3, 0x1082, 0x10A2, 0x1082, 0x18C3, 0x2124, 0x18E3, 0x18E3, 0x2104, 0x2124,
    0x2104, 0x2104, 0x3186, 0x2924, 0x2945, 0x3165, 0x2945, 0x2924, 0x3165, 0x20E3, 0x18A2, 0x18C2, 0x18C2, 0x18C3, 0x2945, 0x2945,
    0x20E3, 0x1082, 0x18A2, 0x18C3, 0x2124, 0x18E3, 0x1081, 0x1081, 0x1082, 0x1081, 0x18A2, 0x20E3, 0x2104, 0x2104, 0x2924, 0x2944,
    0x2944, 0x2944, 0x3165, 0x3165, 0x3165, 0x3145, 0x2924, 0x2944, 0x3144, 0x3144, 0x3145, 0x2904, 0x20C3, 0x18C2, 0x18A2, 0x18A2,
    0x18A2, 0x2904, 0x2924, 0x2103, 0x2924, 0x3165, 0x3165, 0x2924, 0x2944, 0x2903, 0x2924, 0x1082, 0x2104, 0x39A6, 0x39A6, 0x39A6,
    0x41C7, 0x3186, 0x2945, 0x3165, 0x3145, 0x39A6, 0x39A7, 0x3986, 0x3166, 0x41C7, 0x41E8, 0x41E7, 0x41E7, 0x2924, 0x4A29, 0x526A,
    0x4A08, 0x6B0C, 0x630C, 0x4A29, 0x736E, 0x5A8A, 0x39C7, 0x3986, 0x3986, 0x3966, 0x41C7, 0x3166, 0x39A6, 0x41C7, 0x4A08, 0x41E7,
    0x5248, 0x41E7, 0x62AA, 0x62A9, 0x5A28, 0x62A9, 0x6A89, 0x7A28, 0x8289, 0x7184, 0xB226, 0xE2A8, 0xDA06, 0xA165, 0x8AAD, 0x9370,
    0x8A4A, 0x7924, 0x6903, 0x4881, 0x3841, 0x4022, 0x58C4, 0x722A, 0x7AAC, 0x826A, 0xB26A, 0xE1A8, 0xE1A9, 0xF494, 0xFE7C, 0xD5B9,
    0x18E5, 0x1905, 0x2125, 0x2126, 0x2946, 0x2967, 0x3187, 0x31A8, 0x3188, 0x3167, 0x39C9, 0x422B, 0x422D, 0x41EC, 0x39EC, 0x41ED,
    0x39ED, 0x39AC, 0x39AD, 0x39CE, 0x4A2F, 0x4A6F, 0x420E, 0x39EE, 0x41EF, 0x41EF, 0x4210, 0x4A71, 0x5AD1, 0x6332, 0x6332, 0x6B31,
    0x5AEE, 0x4A49, 0x4227, 0x39C6, 0x3165, 0x2924, 0x2924, 0x18C2, 0x2924, 0x39A6, 0x3165, 0x20E3, 0x20E3, 0x20E3, 0x1082, 0x1082,
    0x10A2, 0x18A2, 0x1082, 0x10A2, 0x18E3, 0x2104, 0x18E3, 0x18C2, 0x18C2, 0x18C2, 0x18C2, 0x18E3, 0x18A2, 0x0840, 0x0020, 0x10A2,
    0x2124, 0x2944, 0x18E3, 0x18C2, 0x1082, 0x1061, 0x0820, 0x0861, 0x10A2, 0x18C3, 0x18E4, 0x18C3, 0x10A2, 0x10A2, 0x10A2, 0x18C3,
    0x2104, 0x2104, 0x1082, 0x2104, 0x2124, 0x18C2, 0x18E3, 0x2944, 0x2103, 0x18C2, 0x2124, 0x2124, 0x20E3, 0x18A2, 0x1061, 0x1082,
    0x10A2, 0x0861, 0x1081, 0x1082, 0x2124, 0x18C3, 0x18E3, 0x10A2, 0x2104, 0x18E3, 0x2104, 0x2944, 0x2124, 0x2103, 0x2104, 0x2103,
    0x2103, 0x2945, 0x2104, 0x2924, 0x2945, 0x2924, 0x2104, 0x2945, 0x2103, 0x18A2, 0x18C3, 0x18C3, 0x20E3, 0x2965, 0x3185, 0x18C2,
    0x1081, 0x18E3, 0x2124, 0x2104, 0x18E3, 0x10A2, 0x10A2, 0x1082, 0x0861, 0x0841, 0x0841, 0x0861, 0x1061, 0x1081, 0x18C2, 0x2924,
    0x2945, 0x2924, 0x20E3, 0x18C3, 0x2124, 0x2124, 0x2103, 0x2924, 0x2104, 0x20E3, 0x18C3, 0x10A2, 0x1082, 0x1082, 0x1082, 0x18C3,
    0x20E3, 0x2924, 0x2924, 0x2924, 0x2924, 0x2904, 0x2904, 0x2103, 0x20C3, 0x2103, 0x20E3, 0x2944, 0x39C6, 0x39A7, 0x3986, 0x3186,
    0x39A6, 0x39A6, 0x3165, 0x3145, 0x2104, 0x3165, 0x39A7, 0x39A6, 0x3986, 0x39A7, 0x41E8, 0x4A08, 0x3186, 0x41C7, 0x4A49, 0x4208,
    0x4A29, 0x630C, 0x528A, 0x4A28, 0x6B0C, 0x4A49, 0x39C7, 0x41C7, 0x39A7, 0x3166, 0x3986, 0x39A7, 0x39A7, 0x3145, 0x5249, 0x62CA,
    0x4A48, 0x5A89, 0x62CA, 0x62CA, 0x49E7, 0x730B, 0x830B, 0x8269, 0x8269, 0x6944, 0xB205, 0xF2A9, 0xE247, 0xA185, 0x8ACD, 0x932E,
    0x91E8, 0x9144, 0x9185, 0x7123, 0x5082, 0x5842, 0x7105, 0x8A6B, 0x8A8C, 0x81A8, 0xB146, 0xE928, 0xE0C6, 0xD188, 0xE516, 0xE5FB,
    0x2105, 0x2946, 0x2967, 0x2967, 0x3187, 0x31A7, 0x31A8, 0x39E9, 0x39E9, 0x39C9, 0x41EA, 0x422B, 0x422D, 0x420D, 0x41ED, 0x41EE,
    0x420F, 0x41EE, 0x41EF, 0x4210, 0x4A50, 0x4A6F, 0x420E, 0x39EE, 0x420F, 0x420F, 0x4210, 0x5270, 0x5AD1, 0x6312, 0x6311, 0x6310,
    0x4A4B, 0x4208, 0x3185, 0x39A6, 0x3185, 0x3144, 0x18C2, 0x20E3, 0x20E3, 0x3185, 0x3165, 0x20E3, 0x18C3, 0x20E3, 0x18A2, 0x1082,
    0x1081, 0x18C2, 0x18C3, 0x2124, 0x2103, 0x18C2, 0x18C2, 0x18A2, 0x18C2, 0x18C3, 0x18E3, 0x18A2, 0x10A2, 0x18C3, 0x2944, 0x2965,
    0x2124, 0x18A2, 0x10A2, 0x10A2, 0x1081, 0x1082, 0x0861, 0x18C3, 0x18E3, 0x18E3, 0x18C3, 0x18C3, 0x18C3, 0x2124, 0x18C3, 0x18C3,
    0x2124, 0x2104, 0x18C3, 0x2945, 0x2124, 0x18C2, 0x2103, 0x2124, 0x18A2, 0x18E3, 0x18C3, 0x18E3, 0x1082, 0x1061, 0x1082, 0x1082,
    0x0861, 0x1081, 0x1081, 0x10A2, 0x2924, 0x18C3, 0x18E3, 0x2124, 0x2944, 0x20E3, 0x2103, 0x2104, 0x18C2, 0x18E3, 0x2945, 0x2104,
    0x20E3, 0x2103, 0x2924, 0x2945, 0x2924, 0x2104, 0x2104, 0x2924, 0x18A2, 0x18C2, 0x18C3, 0x2104, 0x2944, 0x2124, 0x18C2, 0x10A2,
    0x18C3, 0x2124, 0x2965, 0x2104, 0x18E3, 0x18C3, 0x10A2, 0x18C3, 0x10C2, 0x1082, 0x0861, 0x0861, 0x0861, 0x1082, 0x1061, 0x18A2,
    0x18C3, 0x18C3, 0x18C3, 0x18A2, 0x10A2, 0x10A2, 0x10A2, 0x10A2, 0x10A2, 0x10A2, 0x18C2, 0x10A2, 0x18A2, 0x18C2, 0x20E3, 0x2104,
    0x2924, 0x2104, 0x20E3, 0x20C3, 0x18C2, 0x2924, 0x2944, 0x18A2, 0x18A2, 0x2924, 0x3165, 0x39A6, 0x39A6, 0x3986, 0x3165, 0x39A6,
    0x39C7, 0x3186, 0x2904, 0x2925, 0x3145, 0x2924, 0x41C7, 0x39C7, 0x3165, 0x39A6, 0x41E7, 0x3986, 0x4A28, 0x5249, 0x4A08, 0x41C7,
    0x4A28, 0x528A, 0x4A28, 0x528A, 0x62EB, 0x41E7, 0x3986, 0x41C7, 0x3966, 0x3145, 0x3145, 0x3986, 0x41E8, 0x49E8, 0x5249, 0x5AA9,
    0x5AA9, 0x630B, 0x62AA, 0x5248, 0x5207, 0x732B, 0x8B8D, 0x82CA, 0x82AA, 0x5944, 0xA9C5, 0xF268, 0xDA26, 0xA1C6, 0x930F, 0x9B0F,
    0x91E8, 0xA185, 0xBA07, 0xAA26, 0x8945, 0x78C4, 0x7925, 0x826B, 0x826B, 0x7125, 0xA063, 0xE866, 0xE845, 0xD906, 0xECF5, 0xD559,
    0x2146, 0x31A7, 0x31C8, 0x31C8, 0x39C8, 0x39E8, 0x39E9, 0x422A, 0x420A, 0x39E9, 0x420A, 0x422C, 0x422E, 0x420E, 0x420E, 0x4A0F,
    0x4210, 0x4210, 0x41F0, 0x4A11, 0x4A51, 0x4A6F, 0x420E, 0x39CE, 0x41EF, 0x420F, 0x4210, 0x4A70, 0x5AF2, 0x6312, 0x5AF0, 0x5ACE,
    0x4A6B, 0x5269, 0x39A6, 0x41E7, 0x3185, 0x2924, 0x18A2, 0x20E3, 0x20E3, 0x3165, 0x3165, 0x20E3, 0x18C2, 0x18C2, 0x18A2, 0x1082,
    0x20E3, 0x20E3, 0x18E3, 0x20E3, 0x18E3, 0x2103, 0x20E3, 0x18E3, 0x18C3, 0x18C2, 0x18E3, 0x2103, 0x2965, 0x2945, 0x2104, 0x18E3,
    0x1081, 0x10A2, 0x10A2, 0x10A2, 0x18C3, 0x18C3, 0x18A2, 0x18C3, 0x18C3, 0x10A2, 0x18C3, 0x18C3, 0x10A2, 0x2124, 0x18C3, 0x18E3,
    0x2124, 0x2104, 0x2104, 0x2945, 0x2124, 0x18A2, 0x18E3, 0x18C2, 0x18C3, 0x18E3, 0x18E3, 0x1061, 0x1061, 0x1082, 0x18A2, 0x18C2,
    0x1082, 0x10A2, 0x1082, 0x18C3, 0x2124, 0x20E3, 0x2103, 0x18E3, 0x18C2, 0x18C2, 0x2124, 0x2103, 0x2103, 0x2944, 0x18E3, 0x1082,
    0x20E3, 0x2924, 0x2944, 0x2104, 0x2103, 0x2103, 0x2945, 0x20E3, 0x18A2, 0x20E3, 0x2103, 0x2924, 0x20E3, 0x18A2, 0x18C3, 0x2103,
    0x2124, 0x2945, 0x2104, 0x2103, 0x18C3, 0x18C3, 0x18E3, 0x18C3, 0x10C3, 0x10C3, 0x10A2, 0x10A2, 0x1082, 0x1082, 0x1061, 0x1081,
    0x1082, 0x1082, 0x10A2, 0x1081, 0x0861, 0x0861, 0x1082, 0x1082, 0x10A2, 0x1081, 0x1081, 0x10A2, 0x18C3, 0x18C2, 0x18C2, 0x18C3,
    0x1082, 0x1061, 0x1882, 0x18A2, 0x2103, 0x20E3, 0x20E3, 0x2944, 0x3185, 0x3986, 0x2944, 0x39A6, 0x39C7, 0x39A6, 0x39A6, 0x39C7,
    0x41C7, 0x3165, 0x3165, 0x3186, 0x20E3, 0x3986, 0x4A08, 0x3166, 0x3986, 0x41E7, 0x3166, 0x5269, 0x4A29, 0x41C7, 0x4A08, 0x39C7,
    0x5249, 0x41C7, 0x41E8, 0x526A, 0x5269, 0x4A08, 0x3986, 0x39A6, 0x3145, 0x3145, 0x3145, 0x3165, 0x39A6, 0x5A6A, 0x62EB, 0x6B2B,
    0x62CA, 0x5AA9, 0x5A89, 0x5249, 0x5A48, 0x62A9, 0x836D, 0x8B6C, 0x8B2B, 0x6206, 0x91C5, 0xCA67, 0xC267, 0xA289, 0x9370, 0x9B2F,
    0x91A7, 0x9944, 0xC207, 0xC268, 0xA1E7, 0x8165, 0x7187, 0x72AC, 0x6A4A, 0x6124, 0xB0C4, 0xE866, 0xE825, 0xE147, 0xFD77, 0xE61B,
    0x2146, 0x31A8, 0x39C8, 0x39E8, 0x39E8, 0x39E8, 0x3A09, 0x424A, 0x422A, 0x39EA, 0x420A, 0x422C, 0x420E, 0x420E, 0x4A2F, 0x4A0F,
    0x4210, 0x41F0, 0x41D1, 0x41F1, 0x4A31, 0x4A4F, 0x420E, 0x39EE, 0x41EF, 0x4210, 0x4210, 0x4A50, 0x5AF2, 0x6332, 0x5B10, 0x4A8D,
    0x4A6B, 0x4A49, 0x3986, 0x41E7, 0x3144, 0x2924, 0x20C2, 0x20E3, 0x20E3, 0x3144, 0x3144, 0x20E3, 0x18A2, 0x18A2, 0x18A2, 0x1082,
    0x1082, 0x1082, 0x0861, 0x0861, 0x10A2, 0x18E3, 0x18E3, 0x18E3, 0x2124, 0x2944, 0x2103, 0x18C2, 0x18C2, 0x18A2, 0x10A2, 0x1082,
    0x10A2, 0x10A2, 0x18A2, 0x18C3, 0x20E3, 0x18C3, 0x18C2, 0x18C3, 0x18E3, 0x18E3, 0x2104, 0x10A2, 0x18C3, 0x18E3, 0x18A2, 0x2104,
    0x2124, 0x2104, 0x2945, 0x2965, 0x2104, 0x10A2, 0x10A2, 0x18C3, 0x2104, 0x18C3, 0x1081, 0x1061, 0x1082, 0x18C2, 0x18C3, 0x18E3,
    0x10A2, 0x18C2, 0x1082, 0x2104, 0x2104, 0x18C3, 0x10A2, 0x18C2, 0x18C2, 0x20E3, 0x2104, 0x2103, 0x2104, 0x18E3, 0x10A2, 0x18C3,
    0x2924, 0x2924, 0x2924, 0x2904, 0x2104, 0x2924, 0x2103, 0x18A2, 0x18C3, 0x2104, 0x2924, 0x20E3, 0x18E3, 0x2124, 0x2944, 0x2945,
    0x2124, 0x2124, 0x2124, 0x2104, 0x18E3, 0x18E3, 0x18E3, 0x1082, 0x10A2, 0x10C2, 0x10A2, 0x18C3, 0x1082, 0x1082, 0x10A2, 0x10A2,
    0x0861, 0x1061, 0x0861, 0x0841, 0x0841, 0x0841, 0x0020, 0x0000, 0x0841, 0x0841, 0x0861, 0x18C3, 0x18C3, 0x10A2, 0x2124, 0x2965,
    0x2924, 0x3165, 0x3145, 0x3165, 0x3165, 0x3165, 0x3185, 0x3165, 0x3165, 0x3986, 0x39C6, 0x39A6, 0x3185, 0x3185, 0x39A6, 0x3186,
    0x3165, 0x3165, 0x3165, 0x2924, 0x20E4, 0x41E8, 0x41E8, 0x3186, 0x41C7, 0x41E7, 0x4A49, 0x4A49, 0x41E7, 0x41E7, 0x4208, 0x4A08,
    0x4208, 0x3186, 0x4208, 0x41E8, 0x526A, 0x39C7, 0x3186, 0x39A7, 0x3166, 0x2924, 0x2904, 0x3145, 0x3166, 0x5AAA, 0x734C, 0x7BAD,
    0x62CA, 0x5A89, 0x6AEB, 0x5A89, 0x6289, 0x6AEB, 0x838D, 0x8B8D, 0x72A9, 0x6A88, 0x7246, 0xB309, 0xB329, 0xA36D, 0x9BF2, 0x8B0E,
    0x79C7, 0x6902, 0x8165, 0xA248, 0x8A07, 0x6986, 0x6A2A, 0x6ACD, 0x626A, 0x7165, 0xC926, 0xE886, 0xE826, 0xD8E6, 0xEC32, 0xF63B,
    0x2125, 0x31A7, 0x39C8, 0x31C8, 0x31C8, 0x31C8, 0x39C8, 0x39E9, 0x39C9, 0x31A9, 0x39CB, 0x39ED, 0x41CE, 0x41CE, 0x41EF, 0x39CF,
    0x39AF, 0x39B0, 0x39B0, 0x39B1, 0x4A11, 0x4A50, 0x420E, 0x39CF, 0x41F0, 0x41F0, 0x41F0, 0x4A51, 0x52B1, 0x5AF1, 0x5AF0, 0x52CF,
    0x5B0E, 0x526A, 0x4A08, 0x41E7, 0x3124, 0x28E3, 0x28E3, 0x20C2, 0x2903, 0x2924, 0x2924, 0x2103, 0x10A2, 0x10A2, 0x10A2, 0x1082,
    0x1082, 0x10A2, 0x0861, 0x0841, 0x18C3, 0x10A2, 0x10A2, 0x18C3, 0x18E3, 0x18C2, 0x18E3, 0x1081, 0x18C3, 0x18A2, 0x18C3, 0x18C2,
    0x18C3, 0x18C2, 0x18C3, 0x18E3, 0x2924, 0x18E3, 0x2103, 0x18E3, 0x18C3, 0x18A3, 0x18A2, 0x1082, 0x18E3, 0x20E4, 0x10A2, 0x2124,
    0x2124, 0x2945, 0x3186, 0x2965, 0x18E3, 0x1081, 0x18E3, 0x18E3, 0x1081, 0x0820, 0x0861, 0x18A2, 0x18C2, 0x18C3, 0x18E3, 0x18E3,
    0x10A2, 0x18C3, 0x18C3, 0x2104, 0x18C3, 0x18C2, 0x18E3, 0x18C2, 0x10A2, 0x2924, 0x2124, 0x2104, 0x18C3, 0x1082, 0x18C2, 0x18C2,
    0x2944, 0x3165, 0x2104, 0x2904, 0x2924, 0x2103, 0x18A2, 0x1082, 0x20E3, 0x18E3, 0x18C3, 0x18E3, 0x2104, 0x2124, 0x2104, 0x18E3,
    0x2124, 0x2945, 0x2104, 0x2104, 0x18E3, 0x18E3, 0x18C3, 0x10A2, 0x1082, 0x10A2, 0x18C3, 0x1082, 0x0861, 0x10A2, 0x10A2, 0x1082,
    0x1082, 0x1082, 0x1082, 0x1082, 0x1082, 0x0861, 0x0861, 0x0861, 0x0841, 0x0861, 0x18A2, 0x2945, 0x18E3, 0x18C3, 0x2104, 0x2104,
    0x3186, 0x39C7, 0x2925, 0x2924, 0x2945, 0x2945, 0x3165, 0x2925, 0x39A6, 0x39C6, 0x3986, 0x2944, 0x3165, 0x3165, 0x3165, 0x3986,
    0x3186, 0x3145, 0x20E3, 0x20E3, 0x3986, 0x39C7, 0x39A6, 0x3166, 0x39A6, 0x41E7, 0x4A29, 0x41E8, 0x39C6, 0x39A6, 0x4207, 0x39A6,
    0x39A6, 0x39A6, 0x41E7, 0x41E7, 0x4A29, 0x3186, 0x39A7, 0x39A7, 0x3166, 0x2925, 0x20E3, 0x3145, 0x2924, 0x4A07, 0x4A28, 0x62EB,
    0x5A89, 0x4A08, 0x5A89, 0x5228, 0x5A49, 0x730B, 0x836C, 0x8B6C, 0x72A9, 0x6268, 0x7288, 0xABCC, 0xAC4E, 0xA451, 0x93F1, 0x7B0D,
    0x59E7, 0x38A1, 0x2820, 0x3881, 0x5163, 0x59E6, 0x6AAB, 0x6AED, 0x6289, 0x89C6, 0xD947, 0xE866, 0xE826, 0xE0A6, 0xE168, 0xD2AC,
    0x2125, 0x31A7, 0x39C8, 0x31C8, 0x31A8, 0x3188, 0x3188, 0x3188, 0x3188, 0x3189, 0x318B, 0x318D, 0x316F, 0x316F, 0x316F, 0x396F,
    0x316F, 0x3170, 0x3170, 0x3991, 0x41F1, 0x4A50, 0x420F, 0x39AF, 0x41F1, 0x41F1, 0x41F1, 0x4231, 0x52B2, 0x62F2, 0x6311, 0x6351,
    0x6B50, 0x4A4A, 0x4A08, 0x41C6, 0x3164, 0x20C2, 0x20E2, 0x20E3, 0x2903, 0x2903, 0x20E3, 0x2103, 0x1081, 0x10A2, 0x1082, 0x0861,
    0x0881, 0x10A2, 0x0861, 0x0841, 0x18E3, 0x10A2, 0x18C3, 0x18E3, 0x18E3, 0x18C3, 0x2124, 0x18A2, 0x18C3, 0x18A2, 0x20E3, 0x18E3,
    0x18E3, 0x18C3, 0x18E3, 0x2124, 0x2965, 0x2124, 0x2124, 0x10A2, 0x18A2, 0x1082, 0x18C3, 0x18A3, 0x2124, 0x2104, 0x18C3, 0x3186,
    0x2965, 0x2124, 0x2965, 0x2945, 0x10A2, 0x10A2, 0x18C3, 0x0861, 0x0841, 0x1061, 0x10A2, 0x2104, 0x18C3, 0x10A2, 0x18E3, 0x2104,
    0x10A2, 0x18C3, 0x18C3, 0x2124, 0x18C2, 0x10A2, 0x1082, 0x10A2, 0x2104, 0x2124, 0x2103, 0x18E3, 0x1082, 0x10A2, 0x18C2, 0x18C3,
    0x3185, 0x2924, 0x20E3, 0x2945, 0x2924, 0x18A2, 0x1082, 0x18C2, 0x20E3, 0x18C3, 0x18E3, 0x18C3, 0x2104, 0x18E3, 0x18C3, 0x2124,
    0x2124, 0x2124, 0x2124, 0x18E3, 0x18E3, 0x18C3, 0x18E3, 0x1082, 0x10A2, 0x1903, 0x18E3, 0x18C3, 0x1082, 0x20E3, 0x18C3, 0x2104,
    0x20E4, 0x18C3, 0x18C3, 0x18C3, 0x20E4, 0x18C3, 0x10A2, 0x0841, 0x0841, 0x18C3, 0x2925, 0x3166, 0x18C3, 0x2945, 0x2924, 0x20E3,
    0x2104, 0x3165, 0x39C7, 0x39A6, 0x3145, 0x2904, 0x2904, 0x2944, 0x2944, 0x2924, 0x20E3, 0x2944, 0x3165, 0x2103, 0x3986, 0x39A6,
    0x20E3, 0x20E3, 0x20E3, 0x2104, 0x39A6, 0x3986, 0x20E4, 0x3166, 0x4208, 0x4A49, 0x4A08, 0x41C7, 0x3185, 0x39A6, 0x39C6, 0x41E7,
    0x41E7, 0x39C7, 0x39A6, 0x41E7, 0x41E8, 0x39A6, 0x3986, 0x41A7, 0x2904, 0x3145, 0x20E4, 0x3166, 0x2904, 0x3165, 0x3165, 0x5248,
    0x5A89, 0x49E7, 0x5A89, 0x5228, 0x5A49, 0x72EB, 0x7B2B, 0x832B, 0x72C9, 0x51C6, 0x7AE9, 0x9BCC, 0xAC4E, 0x940F, 0x83F0, 0x736D,
    0x5207, 0x30E2, 0x2860, 0x38C0, 0x4962, 0x5A26, 0x72EC, 0x72EC, 0x72A9, 0x9A26, 0xE147, 0xE866, 0xE846, 0xE886, 0xF0A6, 0xD0A5,
    0x2126, 0x31A7, 0x31C8, 0x31A8, 0x2967, 0x2947, 0x2968, 0x3189, 0x31A8, 0x3189, 0x318B, 0x318D, 0x398F, 0x3990, 0x3990, 0x3990,
    0x3990, 0x3170, 0x3170, 0x3150, 0x41D1, 0x4A51, 0x41EF, 0x39B0, 0x39D1, 0x39D0, 0x41F1, 0x4A31, 0x52B2, 0x5AF3, 0x5B12, 0x6331,
    0x6310, 0x526B, 0x39C6, 0x41C6, 0x3965, 0x18A2, 0x20E3, 0x20E3, 0x20C2, 0x2924, 0x2924, 0x2103, 0x18A2, 0x10A2, 0x1081, 0x1081,
    0x0881, 0x10A2, 0x1082, 0x0861, 0x18E3, 0x18E3, 0x18C3, 0x18E3, 0x2104, 0x18E3, 0x20E3, 0x18A2, 0x18C2, 0x18E3, 0x2103, 0x18C3,
    0x18E3, 0x18C2, 0x2103, 0x2924, 0x2944, 0x2124, 0x20E3, 0x1082, 0x18A3, 0x18E3, 0x20E4, 0x20E3, 0x2945, 0x20E4, 0x2104, 0x31A6,
    0x2945, 0x2104, 0x2945, 0x18E3, 0x0861, 0x1061, 0x0841, 0x0841, 0x18A3, 0x18E3, 0x18E3, 0x20E3, 0x18C3, 0x10C2, 0x2124, 0x18E3,
    0x10A2, 0x18C2, 0x2103, 0x2103, 0x1082, 0x1082, 0x18C2, 0x2124, 0x2124, 0x18E3, 0x18C2, 0x18C3, 0x10A2, 0x18C2, 0x18C2, 0x2965,
    0x3165, 0x20E3, 0x2103, 0x2124, 0x18C2, 0x1082, 0x18C3, 0x20E3, 0x18E3, 0x18E3, 0x10A2, 0x18C3, 0x2104, 0x18E3, 0x18E3, 0x2104,
    0x2104, 0x2124, 0x18C3, 0x2104, 0x18C3, 0x18C3, 0x10A2, 0x1082, 0x2124, 0x2945, 0x2124, 0x18C3, 0x18E3, 0x18E3, 0x18C3, 0x18E3,
    0x2124, 0x3166, 0x2945, 0x3186, 0x2104, 0x10A2, 0x18A2, 0x1082, 0x20E3, 0x18E3, 0x39A6, 0x3186, 0x3166, 0x2945, 0x2945, 0x2965,
    0x39A6, 0x2945, 0x2904, 0x2904, 0x3165, 0x41C7, 0x3986, 0x3165, 0x3185, 0x3185, 0x3185, 0x41E7, 0x3165, 0x3165, 0x3165, 0x18A2,
    0x20C3, 0x18C3, 0x1882, 0x3145, 0x3186, 0x2945, 0x3186, 0x41C7, 0x41E7, 0x41E7, 0x41C7, 0x3986, 0x3186, 0x3185, 0x4A28, 0x39C6,
    0x4A28, 0x41E7, 0x3165, 0x4208, 0x4A08, 0x2945, 0x3165, 0x41C7, 0x2904, 0x3125, 0x28E4, 0x3966, 0x2904, 0x3144, 0x3165, 0x4A28,
    0x5248, 0x4A08, 0x5248, 0x5228, 0x5228, 0x6289, 0x72EB, 0x832B, 0x6A89, 0x4984, 0x834B, 0x9C0D, 0x9BED, 0x8BCE, 0x83F0, 0x7B8D,
    0x6248, 0x5964, 0x8205, 0x9AE6, 0x8AE6, 0x7AA7, 0x7B0B, 0x72EB, 0x7AC8, 0xB267, 0xE947, 0xE846, 0xE846, 0xF046, 0xF086, 0xD8A6,
    0x2146, 0x31A7, 0x31C8, 0x3188, 0x2147, 0x2127, 0x2968, 0x31A9, 0x31A9, 0x318A, 0x318B, 0x39AC, 0x41CE, 0x41D0, 0x41D0, 0x41F1,
    0x41F1, 0x39D1, 0x3170, 0x3131, 0x39B1, 0x4A51, 0x41EF, 0x39B0, 0x39D1, 0x39D0, 0x41F1, 0x4A31, 0x52B2, 0x5AF3, 0x5AF2, 0x6311,
    0x6331, 0x5AAC, 0x41E7, 0x39C6, 0x3144, 0x20E3, 0x20E3, 0x18A2, 0x2903, 0x2903, 0x20E3, 0x20E3, 0x18A2, 0x1081, 0x0861, 0x1081,
    0x0881, 0x10A2, 0x18C3, 0x0861, 0x2104, 0x18E3, 0x18C3, 0x18E3, 0x2104, 0x2103, 0x2103, 0x18C2, 0x18E3, 0x18C3, 0x18E3, 0x18E3,
    0x18C3, 0x18C3, 0x2124, 0x2124, 0x2965, 0x2124, 0x2103, 0x10A2, 0x18A3, 0x2124, 0x2104, 0x2104, 0x2965, 0x2124, 0x2124, 0x3186,
    0x2924, 0x2124, 0x2945, 0x1082, 0x0020, 0x0861, 0x0861, 0x0841, 0x20E4, 0x2124, 0x2104, 0x20E4, 0x2104, 0x18E3, 0x2124, 0x18A2,
    0x18C2, 0x18C2, 0x2944, 0x18E3, 0x10A2, 0x18C3, 0x2924, 0x2104, 0x2124, 0x18C2, 0x18C2, 0x18C3, 0x18C2, 0x10A2, 0x2944, 0x39A6,
    0x2124, 0x2103, 0x2104, 0x18A2, 0x18C2, 0x10A2, 0x18E3, 0x18C2, 0x18E3, 0x10A2, 0x10A2, 0x18E3, 0x18C3, 0x18C3, 0x18E3, 0x2104,
    0x2945, 0x2124, 0x2104, 0x2104, 0x18C3, 0x18E3, 0x10A2, 0x2104, 0x2945, 0x2124, 0x18E3, 0x18E3, 0x2124, 0x2104, 0x2124, 0x2104,
    0x2924, 0x2945, 0x2925, 0x2945, 0x20E4, 0x2104, 0x18E3, 0x2104, 0x2104, 0x3166, 0x41E7, 0x31A6, 0x2945, 0x39C7, 0x2965, 0x2104,
    0x39A6, 0x3165, 0x3145, 0x3165, 0x2924, 0x2103, 0x20E3, 0x39A6, 0x3165, 0x2924, 0x39C6, 0x3986, 0x2944, 0x2924, 0x2924, 0x2924,
    0x20E3, 0x2904, 0x39A6, 0x39C6, 0x3186, 0x3165, 0x39A6, 0x41C7, 0x4A28, 0x41C7, 0x3186, 0x39A6, 0x20E3, 0x41E7, 0x41C7, 0x39A6,
    0x4A08, 0x3986, 0x39A6, 0x41C7, 0x39A6, 0x2924, 0x39A6, 0x3165, 0x2904, 0x2924, 0x2904, 0x3166, 0x2904, 0x2924, 0x3165, 0x4A08,
    0x4A28, 0x41C7, 0x5228, 0x5249, 0x5248, 0x6289, 0x6289, 0x7B0A, 0x6227, 0x51C5, 0x8B6B, 0xA42E, 0x8B6B, 0x7B4D, 0x83D0, 0x834D,
    0x7267, 0x8225, 0xAAC6, 0xD40A, 0xD48C, 0xBC6E, 0xA3EF, 0x834C, 0x8B09, 0xC287, 0xE946, 0xE045, 0xE846, 0xE845, 0xE085, 0xD086,
    0x2126, 0x31A7, 0x31A8, 0x2967, 0x2126, 0x2127, 0x3189, 0x39CA, 0x39CA, 0x39CA, 0x39CA, 0x39EB, 0x420E, 0x4A10, 0x4210, 0x4A31,
    0x4A32, 0x41F2, 0x3971, 0x2931, 0x3991, 0x4A31, 0x41F0, 0x39B0, 0x39D1, 0x39D1, 0x41F1, 0x4211, 0x5292, 0x5AF2, 0x5AF2, 0x6B53,
    0x6311, 0x526C, 0x4A28, 0x3985, 0x2923, 0x18A2, 0x18A1, 0x20C2, 0x2903, 0x20C2, 0x20C2, 0x18C2, 0x18E3, 0x1081, 0x0841, 0x1082,
    0x1082, 0x18C3, 0x18E3, 0x1082, 0x2124, 0x18E3, 0x18E3, 0x18E3, 0x2944, 0x2104, 0x18E3, 0x18C3, 0x18E3, 0x18E3, 0x18C3, 0x18E3,
    0x18C3, 0x2104, 0x2104, 0x2124, 0x2945, 0x2124, 0x2124, 0x18A2, 0x18A2, 0x2924, 0x2945, 0x2945, 0x3186, 0x2104, 0x20E4, 0x2945,
    0x2945, 0x2945, 0x2104, 0x1082, 0x0841, 0x0841, 0x1061, 0x0841, 0x2925, 0x2124, 0x2104, 0x2124, 0x2945, 0x2104, 0x20E3, 0x18C3,
    0x18C3, 0x18C3, 0x2124, 0x18C3, 0x18C3, 0x18E3, 0x18C3, 0x2124, 0x18C3, 0x1082, 0x18C3, 0x18C3, 0x18C2, 0x2103, 0x3186, 0x2124,
    0x18C3, 0x18C2, 0x18C3, 0x1081, 0x1082, 0x18C2, 0x18C2, 0x10A2, 0x18E3, 0x10A2, 0x18C3, 0x18C3, 0x10A2, 0x18C3, 0x18E3, 0x2124,
    0x2104, 0x2104, 0x2104, 0x18E3, 0x2124, 0x18E3, 0x2104, 0x2104, 0x18E3, 0x18E3, 0x2945, 0x2124, 0x18E3, 0x2104, 0x20E4, 0x20E3,
    0x2104, 0x2925, 0x2945, 0x2925, 0x2945, 0x2124, 0x2124, 0x2925, 0x2965, 0x31A6, 0x3186, 0x2965, 0x39C7, 0x31A6, 0x2104, 0x3186,
    0x2104, 0x2904, 0x3145, 0x3145, 0x3165, 0x2103, 0x3986, 0x3165, 0x2903, 0x39C6, 0x3165, 0x2103, 0x20E3, 0x2904, 0x2944, 0x2944,
    0x3145, 0x3186, 0x39A6, 0x3185, 0x3986, 0x3186, 0x41E7, 0x4208, 0x39A6, 0x3986, 0x3166, 0x2945, 0x3145, 0x39C7, 0x39A6, 0x41C7,
    0x3165, 0x3986, 0x39A6, 0x41E7, 0x3185, 0x3165, 0x4A48, 0x3986, 0x20E3, 0x2924, 0x2904, 0x3125, 0x2904, 0x3144, 0x3165, 0x41E7,
    0x4A08, 0x41C7, 0x49E7, 0x5228, 0x5A69, 0x5A68, 0x6268, 0x6AA9, 0x5A07, 0x6227, 0x93CD, 0xA44E, 0x7B0A, 0x730C, 0x8390, 0x7B0C,
    0x82C7, 0x92A5, 0xAAE6, 0xD44A, 0xF56F, 0xE5B2, 0xC533, 0xB4B1, 0xA38A, 0xD2A8, 0xF126, 0xE845, 0xE805, 0xD844, 0xE107, 0xD189,
    0x2126, 0x31A7, 0x31A8, 0x2967, 0x2106, 0x2127, 0x31A9, 0x39EA, 0x39CA, 0x39EB, 0x39CB, 0x39EC, 0x420F, 0x4A11, 0x41F2, 0x41F2,
    0x49F3, 0x41D3, 0x3151, 0x2911, 0x3972, 0x4A32, 0x41F0, 0x3190, 0x39B1, 0x39D1, 0x41D1, 0x4212, 0x5292, 0x5AD2, 0x5AD1, 0x6332,
    0x5AD0, 0x528D, 0x49E8, 0x3144, 0x2103, 0x1061, 0x1881, 0x20E3, 0x2924, 0x20E3, 0x20C2, 0x18C3, 0x20E3, 0x10A2, 0x0861, 0x18C2,
    0x10A2, 0x1904, 0x18C3, 0x10A2, 0x2124, 0x2104, 0x18E3, 0x2104, 0x2124, 0x2103, 0x18C3, 0x18C3, 0x18E3, 0x18E3, 0x18A2, 0x2103,
    0x2103, 0x2124, 0x2103, 0x2944, 0x2945, 0x2103, 0x18E3, 0x1082, 0x18A3, 0x2104, 0x20E3, 0x2104, 0x3186, 0x20E4, 0x2104, 0x2945,
    0x2965, 0x2945, 0x18A2, 0x0841, 0x0000, 0x1061, 0x1061, 0x18E3, 0x2124, 0x2104, 0x2104, 0x2945, 0x2924, 0x18E3, 0x18E3, 0x20E3,
    0x10A2, 0x18C3, 0x2104, 0x18E3, 0x20E4, 0x18C3, 0x20E3, 0x18C3, 0x18C2, 0x18C2, 0x18A2, 0x18A2, 0x18A2, 0x3185, 0x2944, 0x2104,
    0x1082, 0x18C3, 0x10A2, 0x1081, 0x10A2, 0x18E3, 0x10A2, 0x18C2, 0x18C2, 0x18C3, 0x18C3, 0x10A2, 0x18C3, 0x18C3, 0x2104, 0x2104,
    0x18C3, 0x2104, 0x18C3, 0x18C3, 0x18E3, 0x18E3, 0x2104, 0x18E3, 0x18C3, 0x2124, 0x2124, 0x18E3, 0x2124, 0x20E3, 0x2104, 0x2924,
    0x2945, 0x3165, 0x2924, 0x3165, 0x2945, 0x2924, 0x2124, 0x2924, 0x3165, 0x3165, 0x31A6, 0x39C7, 0x2124, 0x2124, 0x31A6, 0x2965,
    0x2945, 0x3166, 0x3186, 0x2904, 0x2924, 0x39C6, 0x39A6, 0x3165, 0x41E7, 0x3185, 0x2924, 0x2944, 0x3165, 0x39C6, 0x3165, 0x3165,
    0x39C7, 0x41E7, 0x41E7, 0x41C6, 0x39C6, 0x39A6, 0x3165, 0x2924, 0x2104, 0x3145, 0x3165, 0x2904, 0x39A6, 0x39C7, 0x39A6, 0x3166,
    0x3145, 0x3186, 0x39C7, 0x39A6, 0x3144, 0x39A6, 0x4207, 0x2924, 0x2904, 0x3125, 0x3125, 0x2924, 0x2924, 0x3145, 0x3165, 0x41E7,
    0x41E7, 0x4A07, 0x4A08, 0x49E7, 0x5248, 0x5227, 0x6268, 0x72C9, 0x6268, 0x832B, 0xB490, 0xAC6F, 0x72EA, 0x730D, 0x838F, 0x93AD,
    0xABEB, 0xBBC9, 0xC3C9, 0xDCAC, 0xF5F1, 0xEE13, 0xE5F6, 0xD574, 0xCC4E, 0xD267, 0xE925, 0xE085, 0xD106, 0xCA09, 0xEC51, 0xE514,
    0x2146, 0x3187, 0x31A8, 0x2967, 0x1906, 0x2127, 0x31AA, 0x39CB, 0x39CB, 0x39AB, 0x318C, 0x318E, 0x3991, 0x3953, 0x3133, 0x3133,
    0x3993, 0x41B3, 0x3131, 0x28F2, 0x3152, 0x4A12, 0x41F1, 0x3191, 0x39B1, 0x39B1, 0x39D1, 0x41F2, 0x5273, 0x5AD2, 0x6312, 0x6332,
    0x5AD0, 0x62CE, 0x4A09, 0x3185, 0x20E3, 0x1881, 0x18A2, 0x2103, 0x2903, 0x18C2, 0x20C2, 0x2104, 0x18C2, 0x10A2, 0x1081, 0x10A2,
    0x1082, 0x2104, 0x1082, 0x10A2, 0x2124, 0x2104, 0x18E3, 0x2104, 0x20E3, 0x2103, 0x18C2, 0x20E3, 0x18C3, 0x18E3, 0x1082, 0x2103,
    0x2124, 0x2104, 0x2104, 0x2965, 0x2945, 0x2103, 0x18C2, 0x1082, 0x1082, 0x2124, 0x18C3, 0x2104, 0x2965, 0x2924, 0x2945, 0x3166,
    0x3186, 0x2945, 0x1061, 0x0821, 0x0841, 0x1082, 0x1061, 0x2104, 0x2945, 0x2124, 0x2104, 0x3165, 0x20E4, 0x18C3, 0x2104, 0x1082,
    0x1082, 0x20E4, 0x2124, 0x18E3, 0x18C3, 0x18C3, 0x18E3, 0x18C3, 0x18C2, 0x10A2, 0x10A2, 0x1082, 0x2124, 0x2945, 0x18C3, 0x2103,
    0x1081, 0x18C3, 0x0861, 0x1081, 0x18C3, 0x10A2, 0x18C2, 0x10A2, 0x18E3, 0x18C3, 0x10A2, 0x10A2, 0x18C3, 0x18E3, 0x2104, 0x18E3,
    0x2104, 0x18C3, 0x18C3, 0x18E3, 0x18E3, 0x18C3, 0x2104, 0x18E3, 0x2104, 0x2104, 0x18E3, 0x2104, 0x18C3, 0x2104, 0x2104, 0x2945,
    0x2925, 0x2945, 0x2965, 0x2965, 0x2924, 0x2924, 0x2945, 0x3165, 0x3166, 0x39A6, 0x39C7, 0x3186, 0x3186, 0x39A7, 0x3166, 0x3165,
    0x2925, 0x2945, 0x2904, 0x2104, 0x3165, 0x3185, 0x3185, 0x41E7, 0x3165, 0x2103, 0x2924, 0x2945, 0x2945, 0x3165, 0x2924, 0x2904,
    0x2924, 0x2924, 0x2944, 0x20E3, 0x3165, 0x2944, 0x2103, 0x2924, 0x2945, 0x3166, 0x2945, 0x3165, 0x3186, 0x39A6, 0x3986, 0x3186,
    0x39A6, 0x3986, 0x41C7, 0x3186, 0x2944, 0x39C7, 0x3986, 0x20E3, 0x2924, 0x3145, 0x3145, 0x2904, 0x2924, 0x2925, 0x3165, 0x39A6,
    0x41C6, 0x4A07, 0x41E7, 0x41C7, 0x5A48, 0x5A48, 0x6AA9, 0x6AA9, 0x6A88, 0x93CD, 0xBCD1, 0xAC4F, 0x72EB, 0x732E, 0x93F0, 0xC4D0,
    0xDD71, 0xD50E, 0xDCEE, 0xE54F, 0xEE11, 0xEDF3, 0xDD53, 0xD533, 0xDC8F, 0xDA67, 0xE1E7, 0xE32B, 0xECF2, 0xF698, 0xFFBD, 0xE79C,
    0x2147, 0x3187, 0x31A8, 0x2968, 0x18E6, 0x2127, 0x31A9, 0x39EA, 0x318A, 0x294A, 0x292B, 0x290E, 0x28F2, 0x28B5, 0x28D6, 0x28D5,
    0x3953, 0x4193, 0x3132, 0x28F2, 0x3132, 0x41F2, 0x41D0, 0x3991, 0x39B1, 0x39B1, 0x39B1, 0x41F2, 0x5273, 0x5AF3, 0x5B12, 0x5B12,
    0x5AF1, 0x632F, 0x4A09, 0x3144, 0x2103, 0x18C2, 0x18C2, 0x2924, 0x20E3, 0x18C2, 0x18C2, 0x2124, 0x18E3, 0x10A2, 0x10A2, 0x10A2,
    0x18C3, 0x2104, 0x10A2, 0x10A2, 0x2124, 0x2103, 0x18E3, 0x2124, 0x2104, 0x18C3, 0x10A2, 0x18E3, 0x1082, 0x18C3, 0x10A2, 0x18E3,
    0x2124, 0x2124, 0x2124, 0x2944, 0x2945, 0x2104, 0x18C3, 0x1082, 0x1062, 0x2925, 0x18C3, 0x2945, 0x3166, 0x2945, 0x2945, 0x2945,
    0x3186, 0x20E3, 0x0841, 0x0841, 0x1061, 0x1082, 0x18E3, 0x2924, 0x2924, 0x2104, 0x2124, 0x3165, 0x18C3, 0x18C3, 0x2124, 0x18C3,
    0x2104, 0x2924, 0x20E3, 0x18C3, 0x18C3, 0x1082, 0x18C3, 0x18C3, 0x1082, 0x18C3, 0x1082, 0x2103, 0x3186, 0x18C2, 0x18C3, 0x10A2,
    0x1082, 0x10A2, 0x1081, 0x18C2, 0x18C3, 0x10A2, 0x10A2, 0x10A2, 0x10A2, 0x2104, 0x18E3, 0x10A2, 0x18E3, 0x18C3, 0x18C3, 0x18E3,
    0x18E3, 0x18C3, 0x18E3, 0x18E3, 0x18E3, 0x2104, 0x18C3, 0x2104, 0x2104, 0x18C3, 0x2124, 0x18E3, 0x2104, 0x20E4, 0x2924, 0x2124,
    0x2124, 0x2945, 0x2945, 0x2925, 0x2104, 0x2925, 0x3165, 0x3165, 0x3186, 0x3186, 0x2945, 0x2945, 0x39A6, 0x2945, 0x2924, 0x2104,
    0x2925, 0x2104, 0x3145, 0x3986, 0x3186, 0x3165, 0x39A6, 0x2945, 0x18A2, 0x18C3, 0x18C3, 0x20C3, 0x18C3, 0x18A2, 0x1882, 0x18A2,
    0x20E3, 0x2103, 0x18C2, 0x3165, 0x3185, 0x2103, 0x2924, 0x3165, 0x3986, 0x3166, 0x3166, 0x2924, 0x3165, 0x41E7, 0x3186, 0x39A6,
    0x39A7, 0x39A6, 0x41E7, 0x3986, 0x2924, 0x39A6, 0x3165, 0x2944, 0x2924, 0x2944, 0x3165, 0x2924, 0x3185, 0x2924, 0x3185, 0x3165,
    0x41C6, 0x41C7, 0x41C6, 0x39A5, 0x5A48, 0x5A68, 0x7B4B, 0x6A88, 0x72A9, 0x93CC, 0xC4D0, 0xAC6F, 0x730C, 0x7B8F, 0xB471, 0xDD73,
    0xEE14, 0xDD70, 0xDCEE, 0xE52E, 0xE58F, 0xDD51, 0xD4F2, 0xCD12, 0xCC2D, 0xDA47, 0xDB2B, 0xF5D4, 0xFF7A, 0xFFFF, 0xFFFF, 0xE77C,
    0x2147, 0x3187, 0x39A8, 0x2967, 0x18E6, 0x2127, 0x31A9, 0x39EA, 0x31A9, 0x292A, 0x210B, 0x290E, 0x28F2, 0x28D5, 0x28D5, 0x28D4,
    0x3133, 0x4193, 0x3132, 0x28F2, 0x3131, 0x41D2, 0x39D0, 0x3171, 0x39B1, 0x39B1, 0x39B2, 0x39D2, 0x4A73, 0x5AF3, 0x5AF1, 0x6312,
    0x6352, 0x630F, 0x49E9, 0x3185, 0x20E3, 0x18E2, 0x20E3, 0x2944, 0x18C2, 0x20E3, 0x18E3, 0x2103, 0x2124, 0x10A2, 0x18C3, 0x10A2,
    0x18E3, 0x2104, 0x10A2, 0x10A2, 0x2945, 0x18E3, 0x18E3, 0x2924, 0x2944, 0x1082, 0x18C3, 0x18E3, 0x1082, 0x18C2, 0x10A2, 0x18E3,
    0x2124, 0x2124, 0x2944, 0x2124, 0x2924, 0x20E3, 0x18C3, 0x0861, 0x1062, 0x2924, 0x1082, 0x2925, 0x2924, 0x2124, 0x2104, 0x2945,
    0x3166, 0x18C3, 0x1082, 0x0861, 0x1082, 0x1082, 0x18C3, 0x2124, 0x2945, 0x2104, 0x2945, 0x2104, 0x10A2, 0x18C3, 0x2945, 0x18A2,
    0x2924, 0x20E4, 0x18C3, 0x10A2, 0x1082, 0x1082, 0x2124, 0x18C3, 0x18A2, 0x18E3, 0x18C3, 0x3165, 0x2103, 0x1082, 0x18C2, 0x0861,
    0x18C2, 0x10A2, 0x1081, 0x18C2, 0x1082, 0x1081, 0x1082, 0x10A2, 0x18E3, 0x18E3, 0x18E3, 0x2104, 0x2104, 0x18C3, 0x18E3, 0x18C3,
    0x10A2, 0x18C3, 0x18E3, 0x2104, 0x18E3, 0x18C3, 0x18E3, 0x2104, 0x2104, 0x2104, 0x2124, 0x2124, 0x18E3, 0x18C3, 0x2124, 0x2924,
    0x2124, 0x2924, 0x2965, 0x20E4, 0x2945, 0x3186, 0x3166, 0x3165, 0x3165, 0x3165, 0x2945, 0x2925, 0x2945, 0x2924, 0x20C3, 0x3165,
    0x2904, 0x2925, 0x39C7, 0x3986, 0x39A6, 0x3165, 0x3165, 0x20E3, 0x1082, 0x20E3, 0x2104, 0x18C3, 0x18C3, 0x20C3, 0x2104, 0x20E3,
    0x2904, 0x2945, 0x3185, 0x3165, 0x2103, 0x2924, 0x3165, 0x3186, 0x3186, 0x3145, 0x3145, 0x20E4, 0x3166, 0x39A7, 0x39A7, 0x41E7,
    0x39A7, 0x3186, 0x41E7, 0x39A7, 0x3186, 0x3986, 0x3145, 0x2944, 0x2924, 0x3185, 0x3165, 0x2924, 0x3165, 0x2103, 0x39A6, 0x3165,
    0x41C6, 0x41C6, 0x41C6, 0x41A5, 0x5A69, 0x5A48, 0x7B4B, 0x6A67, 0x7B09, 0x9BED, 0xC4D0, 0xB470, 0x93AE, 0x93F0, 0xCCF3, 0xEDF5,
    0xEDD3, 0xDD0F, 0xD48C, 0xDCAC, 0xDD0D, 0xD4CF, 0xC490, 0xC4D0, 0xCBCC, 0xDA46, 0xE40E, 0xF6F5, 0xF7D7, 0xF7F9, 0xFFFB, 0xE77A,
    0x2967, 0x31A7, 0x39A8, 0x2968, 0x1906, 0x2127, 0x3188, 0x39E9, 0x31A9, 0x2949, 0x292A, 0x314D, 0x3971, 0x3132, 0x3112, 0x3132,
    0x3971, 0x3971, 0x3112, 0x28D2, 0x3132, 0x41B2, 0x39B1, 0x3171, 0x3991, 0x3991, 0x3992, 0x39D2, 0x4A53, 0x5AD3, 0x5AD1, 0x6332,
    0x5AF1, 0x5B0F, 0x4A09, 0x31A5, 0x2103, 0x20E3, 0x2103, 0x2924, 0x18E2, 0x20E3, 0x2103, 0x18E3, 0x2144, 0x18E3, 0x10A2, 0x10A2,
    0x18E3, 0x18E3, 0x10A2, 0x10A2, 0x2965, 0x20E3, 0x18E3, 0x2103, 0x20E3, 0x0861, 0x2103, 0x2124, 0x1081, 0x10A2, 0x10A2, 0x2104,
    0x2124, 0x18E3, 0x2965, 0x2124, 0x2944, 0x18E3, 0x18E3, 0x0841, 0x18A2, 0x20E4, 0x1082, 0x2965, 0x2124, 0x2104, 0x2104, 0x3166,
    0x2124, 0x20E3, 0x1062, 0x1082, 0x18A3, 0x18C3, 0x18A3, 0x2945, 0x3165, 0x2104, 0x2945, 0x18E3, 0x18A3, 0x2924, 0x2124, 0x1082,
    0x2104, 0x18E3, 0x18A2, 0x1082, 0x18E3, 0x18E3, 0x2104, 0x18A3, 0x18A3, 0x18E3, 0x2945, 0x2924, 0x18C2, 0x1082, 0x0861, 0x1081,
    0x18C3, 0x1081, 0x1082, 0x10A2, 0x10A2, 0x10A2, 0x10A2, 0x10A2, 0x10C2, 0x18C3, 0x18E3, 0x18C3, 0x18C3, 0x2104, 0x2104, 0x10A2,
    0x18C3, 0x2124, 0x2104, 0x18E3, 0x18C3, 0x10A2, 0x2104, 0x2104, 0x2104, 0x2104, 0x18E3, 0x18E3, 0x18E3, 0x20E4, 0x2924, 0x2965,
    0x2945, 0x2945, 0x2104, 0x2945, 0x3165, 0x2945, 0x3145, 0x3166, 0x3145, 0x2924, 0x2945, 0x3166, 0x3165, 0x18A2, 0x2904, 0x2925,
    0x3145, 0x39A7, 0x2925, 0x3166, 0x3166, 0x3165, 0x20E3, 0x1062, 0x18A3, 0x2904, 0x20C3, 0x20E3, 0x20E3, 0x2104, 0x2904, 0x2945,
    0x2925, 0x3166, 0x2924, 0x2904, 0x2924, 0x2104, 0x3165, 0x3145, 0x3986, 0x2945, 0x2925, 0x2925, 0x3165, 0x39A6, 0x41C7, 0x41E7,
    0x3166, 0x39A7, 0x41C7, 0x3986, 0x39A6, 0x3165, 0x3165, 0x20E3, 0x2924, 0x3185, 0x2944, 0x2924, 0x2924, 0x2103, 0x39A6, 0x3144,
    0x41E7, 0x49E7, 0x39A5, 0x3985, 0x5207, 0x6289, 0x7B2A, 0x6226, 0x938C, 0xBCD0, 0xCD11, 0xCD12, 0xA450, 0xAC72, 0xD554, 0xF5F5,
    0xE592, 0xC46C, 0xC42A, 0xD48B, 0xD4CC, 0xC48E, 0xB42E, 0xAC0D, 0xCB4A, 0xD246, 0xE4F1, 0xF776, 0xEFD2, 0xEFCF, 0xF7F1, 0xE753,
    0x3188, 0x31A7, 0x3187, 0x2147, 0x1906, 0x2127, 0x2988, 0x31A9, 0x3189, 0x296A, 0x318B, 0x39AC, 0x39AD, 0x39AF, 0x39B0, 0x39B1,
    0x3990, 0x3951, 0x3112, 0x28D3, 0x3113, 0x3992, 0x39B1, 0x3171, 0x3992, 0x3991, 0x3992, 0x39B2, 0x4A53, 0x52B2, 0x5AF2, 0x6313,
    0x5AD1, 0x630F, 0x4A2A, 0x3985, 0x2103, 0x2103, 0x2924, 0x2924, 0x20E3, 0x20E3, 0x2103, 0x2103, 0x2104, 0x2104, 0x18C3, 0x1082,
    0x18E3, 0x18E3, 0x1082, 0x10A2, 0x2965, 0x2103, 0x18E3, 0x2104, 0x18E3, 0x1081, 0x2104, 0x2103, 0x1081, 0x10A2, 0x18C3, 0x2924,
    0x2103, 0x20E3, 0x3165, 0x2104, 0x2924, 0x2103, 0x18C2, 0x0841, 0x20E3, 0x18A2, 0x18C3, 0x2124, 0x2124, 0x2924, 0x2924, 0x2925,
    0x18E3, 0x18C3, 0x1082, 0x0861, 0x18C3, 0x18E3, 0x18E3, 0x3186, 0x3186, 0x2945, 0x2925, 0x18C3, 0x2124, 0x2945, 0x20E3, 0x18A2,
    0x20E3, 0x18C3, 0x10A2, 0x1082, 0x18E3, 0x2104, 0x2104, 0x18C3, 0x18C3, 0x2124, 0x2945, 0x18C3, 0x1082, 0x1082, 0x0841, 0x18A2,
    0x10A2, 0x1082, 0x18C3, 0x10A2, 0x10A2, 0x1082, 0x1082, 0x10A2, 0x10A2, 0x18E3, 0x18E3, 0x18C3, 0x18C3, 0x18E3, 0x10A2, 0x18C3,
    0x2124, 0x18E3, 0x18E3, 0x2104, 0x2104, 0x2124, 0x2104, 0x18E3, 0x18E3, 0x2104, 0x18C3, 0x18C3, 0x2104, 0x2924, 0x2945, 0x2945,
    0x2945, 0x20E4, 0x2945, 0x3165, 0x2945, 0x2924, 0x3165, 0x3165, 0x2104, 0x2924, 0x2945, 0x3145, 0x18C3, 0x20E3, 0x2925, 0x39A6,
    0x3166, 0x2904, 0x3986, 0x3165, 0x2924, 0x20C3, 0x18A2, 0x18A3, 0x20E4, 0x3145, 0x2945, 0x2945, 0x2924, 0x2945, 0x3145, 0x3166,
    0x3166, 0x18A3, 0x20E3, 0x2945, 0x2103, 0x3185, 0x3165, 0x3165, 0x3186, 0x3186, 0x3166, 0x2104, 0x2925, 0x3986, 0x3186, 0x39C7,
    0x39A6, 0x39C7, 0x3986, 0x2945, 0x3165, 0x3165, 0x3145, 0x18A2, 0x2924, 0x3165, 0x3165, 0x2904, 0x2924, 0x2924, 0x39A6, 0x3144,
    0x41A6, 0x49E6, 0x3985, 0x3985, 0x49C6, 0x6AC9, 0x6AA9, 0x7AE9, 0xAC4E, 0xC510, 0xDD93, 0xDD93, 0xB491, 0xB492, 0xD513, 0xEDB4,
    0xBC6E, 0x9307, 0xA347, 0xBC09, 0xC48C, 0xB42E, 0xA3EE, 0xA38B, 0xC2C8, 0xDAC9, 0xFE38, 0xFFBD, 0xFFF9, 0xF7D2, 0xF7D1, 0xE773,
    0x31A8, 0x3187, 0x3167, 0x2167, 0x2127, 0x2947, 0x2988, 0x3189, 0x31AA, 0x39AB, 0x39CC, 0x39CD, 0x39CE, 0x41CF, 0x41D0, 0x41D2,
    0x41B2, 0x3953, 0x30F4, 0x28D5, 0x28F4, 0x3172, 0x39B1, 0x3171, 0x3972, 0x3992, 0x3192, 0x39B2, 0x4A33, 0x52B3, 0x5AF2, 0x5AF2,
    0x5AD1, 0x6330, 0x4A2A, 0x3985, 0x2924, 0x2103, 0x2123, 0x2103, 0x20E3, 0x20E3, 0x2103, 0x2103, 0x18E3, 0x18E3, 0x10A2, 0x10A2,
    0x2104, 0x2104, 0x1082, 0x18C2, 0x2944, 0x2104, 0x2103, 0x2944, 0x2103, 0x10A2, 0x2104, 0x2103, 0x1082, 0x18C2, 0x18E3, 0x2924,
    0x18E3, 0x2124, 0x2965, 0x2103, 0x2103, 0x2104, 0x0861, 0x0841, 0x2104, 0x18A3, 0x2104, 0x2945, 0x2925, 0x2965, 0x2104, 0x2104,
    0x20E3, 0x18C3, 0x1082, 0x10A2, 0x18E3, 0x2104, 0x2965, 0x3166, 0x3186, 0x2945, 0x2104, 0x18E3, 0x2965, 0x2945, 0x18C3, 0x18E3,
    0x2124, 0x18C3, 0x18C3, 0x10A2, 0x18A2, 0x2124, 0x2124, 0x20E3, 0x2104, 0x2965, 0x18C3, 0x1061, 0x1062, 0x1082, 0x1061, 0x18A3,
    0x1082, 0x1082, 0x10A2, 0x18C3, 0x18C3, 0x10A2, 0x1082, 0x10A2, 0x18C3, 0x18E3, 0x18C3, 0x18C3, 0x18E3, 0x18C3, 0x2104, 0x18E3,
    0x1082, 0x18E3, 0x2104, 0x2104, 0x2104, 0x18E3, 0x18C3, 0x18C3, 0x18E3, 0x18C3, 0x18E3, 0x2104, 0x2945, 0x2924, 0x2104, 0x2104,
    0x2104, 0x2945, 0x2924, 0x2924, 0x2945, 0x2945, 0x2945, 0x2904, 0x2104, 0x20E4, 0x20E4, 0x18A3, 0x20C3, 0x2904, 0x3165, 0x3165,
    0x2904, 0x3186, 0x2925, 0x2924, 0x18C3, 0x20C3, 0x20E4, 0x20E4, 0x2904, 0x3186, 0x20E4, 0x2924, 0x3145, 0x2924, 0x3166, 0x3165,
    0x18A2, 0x18A3, 0x2944, 0x2924, 0x2924, 0x3165, 0x2945, 0x3165, 0x3145, 0x3166, 0x2925, 0x20E4, 0x2925, 0x39A7, 0x39A7, 0x39A7,
    0x39C6, 0x39A6, 0x3165, 0x3165, 0x3145, 0x39A6, 0x3165, 0x1082, 0x3165, 0x3165, 0x3165, 0x2103, 0x2924, 0x3185, 0x3185, 0x3164,
    0x3985, 0x41E6, 0x3985, 0x41A5, 0x49E6, 0x6288, 0x5A26, 0x93AC, 0xBCD0, 0xCD31, 0xE5B3, 0xD552, 0xBCB2, 0xB491, 0xBC2F, 0xB3EC,
    0x7A86, 0x8285, 0x9B07, 0xAB88, 0xB3EB, 0xB3EE, 0xB44F, 0xABAB, 0xC2A7, 0xDB8C, 0xFF5C, 0xFFFE, 0xFFFE, 0xFFDB, 0xFFBA, 0xEF5A,
    0x2967, 0x2967, 0x3168, 0x2988, 0x2147, 0x2948, 0x2988, 0x39CA, 0x39EB, 0x39CC, 0x39CC, 0x39CD, 0x41CF, 0x39B0, 0x39B1, 0x3993,
    0x3974, 0x3934, 0x28D4, 0x28D5, 0x28D4, 0x3152, 0x39B1, 0x3151, 0x3172, 0x3172, 0x3172, 0x39B2, 0x4A33, 0x52B2, 0x5AD2, 0x5AD2,
    0x5AF1, 0x6331, 0x5AAD, 0x3165, 0x2944, 0x2924, 0x2123, 0x2103, 0x2103, 0x20E3, 0x2124, 0x18C2, 0x18E3, 0x18E3, 0x10A2, 0x10A2,
    0x2104, 0x2103, 0x1082, 0x18E3, 0x2124, 0x2124, 0x2104, 0x2104, 0x18E3, 0x18C3, 0x2944, 0x18E3, 0x10A2, 0x10A2, 0x18E3, 0x2124,
    0x18E3, 0x2124, 0x2944, 0x18C3, 0x20E3, 0x2103, 0x0841, 0x10A2, 0x2104, 0x20E3, 0x2124, 0x2945, 0x2124, 0x2945, 0x2104, 0x20E4,
    0x18C3, 0x18E3, 0x18A3, 0x20E3, 0x2104, 0x2124, 0x31A6, 0x3166, 0x2965, 0x2945, 0x18C3, 0x2924, 0x2945, 0x18C3, 0x18C3, 0x2945,
    0x2104, 0x18A2, 0x18E3, 0x18C3, 0x18C3, 0x2945, 0x2124, 0x20E3, 0x2124, 0x2104, 0x1082, 0x1082, 0x1061, 0x1082, 0x1082, 0x18C3,
    0x1082, 0x1082, 0x10A2, 0x0861, 0x18E3, 0x18C3, 0x18C3, 0x18E3, 0x2104, 0x18E3, 0x18E3, 0x18E3, 0x18E3, 0x18C3, 0x10A2, 0x10A2,
    0x18E3, 0x2104, 0x18E3, 0x1082, 0x1082, 0x10A2, 0x18C3, 0x18C3, 0x18C3, 0x18E3, 0x2124, 0x2945, 0x2924, 0x20E4, 0x2104, 0x2104,
    0x2945, 0x20E3, 0x18C3, 0x2104, 0x2925, 0x2945, 0x2945, 0x2104, 0x18C3, 0x20E3, 0x2104, 0x20E3, 0x20E3, 0x3166, 0x2945, 0x20C3,
    0x3165, 0x3165, 0x2904, 0x20C3, 0x18A2, 0x18C3, 0x18C3, 0x20E3, 0x2904, 0x20E4, 0x2925, 0x3186, 0x3165, 0x3165, 0x2945, 0x18C3,
    0x18C3, 0x2904, 0x2944, 0x2944, 0x3145, 0x2924, 0x3165, 0x39A6, 0x3186, 0x2945, 0x2904, 0x3186, 0x3186, 0x3986, 0x39A7, 0x39A7,
    0x39C6, 0x39A6, 0x3165, 0x3165, 0x3165, 0x3145, 0x2924, 0x18A2, 0x3165, 0x3165, 0x2924, 0x20E3, 0x2924, 0x39C6, 0x3164, 0x3164,
    0x3985, 0x41A5, 0x3984, 0x41C5, 0x5A68, 0x5A27, 0x6227, 0xAC2E, 0xD551, 0xCD31, 0xDD92, 0xCD11, 0xB471, 0xB471, 0x9B4B, 0x7204,
    0x6A03, 0x82A6, 0x9308, 0x8AC7, 0x9329, 0xABCE, 0xC48F, 0xB3AB, 0xCA86, 0xE42E, 0xFF9D, 0xFFFF, 0xFFFF, 0xFFDF, 0xFFFE, 0xEF5C,
    0x2967, 0x2967, 0x3188, 0x29A8, 0x2147, 0x2147, 0x2968, 0x39CA, 0x39CB, 0x39AB, 0x31AC, 0x39AD, 0x39CF, 0x41B1, 0x3992, 0x3133,
    0x3114, 0x3115, 0x28D5, 0x28B6, 0x28B6, 0x3133, 0x39B1, 0x3151, 0x3152, 0x3172, 0x3152, 0x3992, 0x4213, 0x52B2, 0x52B1, 0x5AD1,
    0x6312, 0x6332, 0x6310, 0x41E8, 0x2944, 0x2924, 0x2103, 0x2923, 0x20E3, 0x20E3, 0x2103, 0x10C2, 0x18E3, 0x2104, 0x1082, 0x18C3,
    0x2124, 0x2103, 0x10A2, 0x2103, 0x2124, 0x2104, 0x2124, 0x20E3, 0x18E3, 0x20E3, 0x2965, 0x18C3, 0x18C2, 0x1082, 0x18C3, 0x18E3,
    0x18E3, 0x2124, 0x2924, 0x10A2, 0x2124, 0x18C2, 0x0841, 0x18C3, 0x18A2, 0x2104, 0x2925, 0x3186, 0x20E4, 0x2945, 0x18C3, 0x2104,
    0x18A2, 0x2104, 0x18A3, 0x2104, 0x2104, 0x2945, 0x3186, 0x2965, 0x2945, 0x2945, 0x10A2, 0x3166, 0x2965, 0x18A2, 0x2104, 0x2945,
    0x10A2, 0x10A2, 0x18C3, 0x18C3, 0x18C3, 0x20E4, 0x18E3, 0x18E3, 0x20E4, 0x1082, 0x1082, 0x1082, 0x1082, 0x1082, 0x1082, 0x1082,
    0x1082, 0x10A2, 0x10A2, 0x10A2, 0x18C3, 0x18C3, 0x18E3, 0x2104, 0x18E3, 0x18C3, 0x18C3, 0x10A2, 0x10A2, 0x10A2, 0x10A2, 0x10A2,
    0x1082, 0x1082, 0x10A2, 0x10A2, 0x10A2, 0x18C3, 0x18A2, 0x18A2, 0x18C3, 0x18E3, 0x2945, 0x2945, 0x2945, 0x2925, 0x2924, 0x2925,
    0x20C3, 0x20E4, 0x20E4, 0x2904, 0x3145, 0x2924, 0x20E4, 0x20C3, 0x20E4, 0x2104, 0x20E3, 0x2104, 0x3165, 0x20E3, 0x18A3, 0x3186,
    0x2924, 0x2924, 0x18C3, 0x1082, 0x1882, 0x18C3, 0x20E3, 0x2104, 0x20E3, 0x2945, 0x3186, 0x2904, 0x2925, 0x2104, 0x18A2, 0x20C3,
    0x2904, 0x2924, 0x2924, 0x3145, 0x3165, 0x3165, 0x3165, 0x2924, 0x3165, 0x3165, 0x3165, 0x3145, 0x3145, 0x3186, 0x3186, 0x39A6,
    0x3186, 0x3165, 0x41E7, 0x2924, 0x3186, 0x3145, 0x2104, 0x18A2, 0x3165, 0x3185, 0x20E3, 0x20E3, 0x3144, 0x39A6, 0x3164, 0x3164,
    0x41C6, 0x3985, 0x3164, 0x41A5, 0x6288, 0x5A06, 0x7AE9, 0xC4F0, 0xD572, 0xDD72, 0xDD92, 0xC4B0, 0xB471, 0xA410, 0x82C9, 0x59A2,
    0x59E3, 0x6204, 0x7225, 0x5983, 0x6A06, 0xA3CD, 0xCC8F, 0xC3AA, 0xD266, 0xE3EC, 0xF6D9, 0xFF7D, 0xFF7D, 0xFFBE, 0xFFFF, 0xEF3C,
    0x2106, 0x2126, 0x2947, 0x2968, 0x2127, 0x2127, 0x2948, 0x3189, 0x39CB, 0x31AC, 0x318C, 0x39AD, 0x41CF, 0x39B1, 0x3152, 0x28F5,
    0x28F5, 0x28F6, 0x20D6, 0x20D7, 0x28D7, 0x3135, 0x39B2, 0x3152, 0x3132, 0x3152, 0x3152, 0x3993, 0x4212, 0x5292, 0x52B1, 0x52D2,
    0x6312, 0x6B52, 0x6311, 0x4A4A, 0x2944, 0x2924, 0x2924, 0x2123, 0x20E3, 0x2924, 0x20E3, 0x1082, 0x18C3, 0x20E4, 0x1082, 0x18C3,
    0x2124, 0x20E3, 0x18C3, 0x2104, 0x2945, 0x2104, 0x2104, 0x2104, 0x18C3, 0x20E3, 0x2104, 0x18C3, 0x18A2, 0x10A2, 0x20E4, 0x18C3,
    0x18E3, 0x2124, 0x2124, 0x1082, 0x2945, 0x1082, 0x1082, 0x18A2, 0x18C3, 0x2124, 0x2104, 0x31A6, 0x2925, 0x2124, 0x18C3, 0x20E3,
    0x18A3, 0x20E4, 0x18A3, 0x2945, 0x2104, 0x2945, 0x39A7, 0x2104, 0x2945, 0x18E3, 0x18E3, 0x3186, 0x2965, 0x10A2, 0x2924, 0x2104,
    0x10A2, 0x10A2, 0x18C3, 0x1082, 0x1082, 0x2104, 0x18E3, 0x18E3, 0x18A3, 0x1082, 0x1082, 0x1082, 0x10A2, 0x1082, 0x1082, 0x1082,
    0x1082, 0x1082, 0x1082, 0x1082, 0x20E3, 0x18C3, 0x18A3, 0x18C3, 0x10A2, 0x18A3, 0x18A3, 0x1082, 0x10A2, 0x18C3, 0x1082, 0x1062,
    0x1082, 0x10A2, 0x18C3, 0x10A2, 0x10A2, 0x18A2, 0x18A2, 0x18E3, 0x2945, 0x2945, 0x2104, 0x2924, 0x2104, 0x2924, 0x20E4, 0x2104,
    0x20E3, 0x20E3, 0x20E4, 0x2925, 0x20E4, 0x18C3, 0x20C3, 0x2904, 0x20E4, 0x20E3, 0x2924, 0x2945, 0x20E3, 0x20E4, 0x3986, 0x2924,
    0x20E3, 0x18A2, 0x1082, 0x18A2, 0x20E3, 0x20E3, 0x2924, 0x3145, 0x3145, 0x3145, 0x2924, 0x2924, 0x18C3, 0x18A3, 0x20E3, 0x18C2,
    0x2103, 0x2103, 0x2103, 0x3145, 0x3165, 0x2924, 0x2924, 0x3165, 0x3165, 0x2945, 0x3165, 0x2925, 0x3166, 0x2945, 0x3145, 0x39A6,
    0x3166, 0x39A6, 0x39A6, 0x2924, 0x3986, 0x3145, 0x20E3, 0x18C3, 0x2945, 0x3165, 0x20E3, 0x20E3, 0x3144, 0x3985, 0x3144, 0x3164,
    0x3965, 0x3944, 0x3144, 0x41A5, 0x49E5, 0x5A26, 0x938B, 0xCD11, 0xCD30, 0xDD92, 0xE572, 0xCCAF, 0xAC51, 0x93AE, 0x6A46, 0x51E3,
    0x51C2, 0x5182, 0x5142, 0x5964, 0x6A27, 0xABCE, 0xD48F, 0xCB8A, 0xDA26, 0xDAA7, 0xDCF0, 0xEE17, 0xE659, 0xF71C, 0xFFDF, 0xEF1C,
    0x18E6, 0x2107, 0x2127, 0x2127, 0x2107, 0x2127, 0x2148, 0x2969, 0x31AB, 0x31AC, 0x318C, 0x39AD, 0x41D0, 0x39B1, 0x3972, 0x3114,
    0x3115, 0x3117, 0x20D6, 0x18D7, 0x28D7, 0x3135, 0x39B2, 0x3152, 0x3133, 0x3132, 0x3153, 0x3993, 0x4212, 0x5292, 0x52B1, 0x52D2,
    0x5AF2, 0x6332, 0x6352, 0x5AEE, 0x2945, 0x2924, 0x2123, 0x2103, 0x2103, 0x2944, 0x20E3, 0x1081, 0x20E3, 0x18C3, 0x18C3, 0x18C3,
    0x2925, 0x2104, 0x18C3, 0x20E3, 0x2925, 0x2124, 0x20E4, 0x2124, 0x2104, 0x2104, 0x2104, 0x18A3, 0x18A3, 0x20E4, 0x2104, 0x20E4,
    0x2104, 0x2104, 0x18E3, 0x18E3, 0x2945, 0x1082, 0x10A2, 0x10A2, 0x2925, 0x2124, 0x2945, 0x3166, 0x18E3, 0x2124, 0x18C3, 0x18C3,
    0x20E4, 0x18A2, 0x2104, 0x2945, 0x2104, 0x2924, 0x3166, 0x20E4, 0x2104, 0x18C3, 0x2104, 0x2945, 0x20E3, 0x18C3, 0x2945, 0x20E4,
    0x1082, 0x10A2, 0x18C3, 0x10A2, 0x18A2, 0x18C3, 0x18A2, 0x18A3, 0x1082, 0x1082, 0x1082, 0x10A2, 0x10A2, 0x10A2, 0x10A2, 0x1082,
    0x1082, 0x1082, 0x1082, 0x18C3, 0x18C3, 0x18C3, 0x18C3, 0x1082, 0x1082, 0x18C3, 0x1062, 0x0861, 0x1062, 0x1082, 0x1062, 0x1082,
    0x10A2, 0x10A2, 0x1062, 0x1082, 0x20E3, 0x20E3, 0x2924, 0x3186, 0x2945, 0x20E4, 0x2104, 0x20C3, 0x20C3, 0x2104, 0x2104, 0x20E4,
    0x18A3, 0x20C3, 0x2925, 0x2924, 0x18C3, 0x20E4, 0x2104, 0x2104, 0x2104, 0x3165, 0x2925, 0x18A2, 0x2924, 0x3986, 0x20C3, 0x20C3,
    0x20E3, 0x20E3, 0x2904, 0x2904, 0x2924, 0x2924, 0x3165, 0x2945, 0x2904, 0x2904, 0x2104, 0x18C3, 0x20E3, 0x2904, 0x18A2, 0x2103,
    0x2924, 0x2904, 0x2924, 0x3165, 0x2924, 0x2924, 0x2945, 0x3165, 0x3165, 0x2925, 0x39C7, 0x3186, 0x3165, 0x3145, 0x3165, 0x41C7,
    0x3986, 0x39A6, 0x2924, 0x3165, 0x3165, 0x2904, 0x18C3, 0x20E3, 0x3145, 0x3145, 0x20C3, 0x18C2, 0x3144, 0x3165, 0x3144, 0x3164,
    0x3144, 0x3124, 0x3144, 0x41A5, 0x5206, 0x6246, 0x9B8B, 0xCCD0, 0xCCF0, 0xDD71, 0xD510, 0xC46F, 0xA430, 0x7B0C, 0x59E4, 0x5A03,
    0x51E2, 0x51A2, 0x5142, 0x7A47, 0x9B2B, 0xC44F, 0xDCAF, 0xD38A, 0xD206, 0xE2CA, 0xD470, 0xEDF8, 0xEE5A, 0xF6BC, 0xFF7E, 0xE6DB,
    0x2127, 0x2127, 0x2127, 0x2127, 0x2127, 0x2128, 0x2948, 0x2968, 0x318A, 0x318C, 0x318C, 0x41CE, 0x41D0, 0x39B1, 0x39B2, 0x4194,
    0x4195, 0x3956, 0x28F7, 0x18D7, 0x20D7, 0x3135, 0x39B3, 0x3153, 0x3133, 0x3132, 0x3153, 0x3173, 0x4212, 0x5292, 0x52B1, 0x52B1,
    0x5AD2, 0x5B12, 0x6332, 0x6B31, 0x3186, 0x2103, 0x2103, 0x2123, 0x2103, 0x2964, 0x18C3, 0x1082, 0x18E3, 0x18C3, 0x18C3, 0x18C3,
    0x2104, 0x20E4, 0x18E3, 0x18C3, 0x2924, 0x2104, 0x2104, 0x2104, 0x2124, 0x2925, 0x20E4, 0x18A3, 0x18A2, 0x2104, 0x2104, 0x18E3,
    0x18E3, 0x18E3, 0x20E3, 0x2104, 0x2104, 0x10A2, 0x10A2, 0x18A2, 0x2945, 0x2924, 0x39A6, 0x2104, 0x18C3, 0x2965, 0x18A2, 0x2104,
    0x2124, 0x1082, 0x3186, 0x2124, 0x20E3, 0x2124, 0x2945, 0x2104, 0x10A2, 0x18E3, 0x2104, 0x3165, 0x10A2, 0x20E3, 0x2104, 0x18E3,
    0x1082, 0x10A2, 0x18C3, 0x18C3, 0x18C3, 0x18C3, 0x18C3, 0x18A3, 0x1082, 0x18C3, 0x18A3, 0x18A3, 0x18C3, 0x18C3, 0x18A2, 0x1082,
    0x18A2, 0x18A3, 0x20E3, 0x2104, 0x18C3, 0x18C3, 0x1082, 0x1082, 0x18A2, 0x1082, 0x0861, 0x1061, 0x1082, 0x1062, 0x1082, 0x1082,
    0x1082, 0x0841, 0x0841, 0x18E3, 0x2124, 0x2924, 0x2924, 0x20C3, 0x18C3, 0x2104, 0x2925, 0x2925, 0x3145, 0x2104, 0x18A3, 0x18A3,
    0x18A2, 0x2104, 0x2924, 0x20E3, 0x20E4, 0x20E3, 0x20E3, 0x2925, 0x2945, 0x20E4, 0x18A3, 0x18C3, 0x20E3, 0x20E4, 0x2904, 0x2104,
    0x2104, 0x2104, 0x20E3, 0x2104, 0x2924, 0x2904, 0x20C3, 0x18A2, 0x2904, 0x2924, 0x1882, 0x18C3, 0x20E3, 0x1882, 0x18C3, 0x2944,
    0x20E3, 0x2924, 0x2924, 0x2924, 0x2924, 0x2945, 0x2924, 0x2924, 0x2904, 0x2925, 0x3165, 0x3186, 0x2925, 0x3145, 0x39A6, 0x3986,
    0x3166, 0x3186, 0x2104, 0x39A6, 0x2924, 0x2104, 0x18C3, 0x2924, 0x3165, 0x2924, 0x20E3, 0x18C2, 0x3145, 0x3165, 0x3144, 0x3144,
    0x3144, 0x2903, 0x3144, 0x4185, 0x6268, 0x72C8, 0x8309, 0xABEC, 0xCCF0, 0xD550, 0xCCCF, 0xBC2E, 0x9BF0, 0x6ACB, 0x51E4, 0x5201,
    0x49E2, 0x4162, 0x61A3, 0xA32A, 0xAB4C, 0xCC70, 0xE530, 0xD38A, 0xDA46, 0xF40E, 0xF5F6, 0xEE5A, 0xEE5B, 0xE63A, 0xF6DC, 0xE67A,
    0x424A, 0x2126, 0x2127, 0x2127, 0x2148, 0x2968, 0x3189, 0x31A9, 0x39AA, 0x39AC, 0x39CC, 0x420E, 0x41F0, 0x41B1, 0x41D2, 0x49F4,
    0x49D4, 0x4197, 0x3137, 0x28F8, 0x28D7, 0x3135, 0x39B3, 0x3153, 0x3133, 0x3133, 0x3133, 0x3173, 0x41F2, 0x5292, 0x52B1, 0x52B1,
    0x52D1, 0x5B12, 0x5B12, 0x5B10, 0x3186, 0x2924, 0x2104, 0x2924, 0x2103, 0x2944, 0x18C2, 0x1082, 0x18C3, 0x18E3, 0x20E3, 0x18C3,
    0x2104, 0x20E3, 0x18E3, 0x18C3, 0x2945, 0x2925, 0x2945, 0x2104, 0x2124, 0x2124, 0x2104, 0x18C3, 0x18C3, 0x2124, 0x2124, 0x18E3,
    0x18E3, 0x18E3, 0x2104, 0x2104, 0x18E3, 0x18E3, 0x10A2, 0x20E4, 0x2945, 0x2945, 0x2965, 0x1082, 0x31A6, 0x2104, 0x10A2, 0x2124,
    0x18C3, 0x18C3, 0x39C7, 0x18E3, 0x18C3, 0x2124, 0x2945, 0x20E3, 0x18C3, 0x18E3, 0x2945, 0x3166, 0x18C3, 0x10A2, 0x18A3, 0x18C3,
    0x1082, 0x10A2, 0x18A3, 0x10A2, 0x20E4, 0x18C3, 0x10A2, 0x10A2, 0x1082, 0x20E3, 0x18A3, 0x10A2, 0x18E3, 0x10A2, 0x1082, 0x18C3,
    0x18C3, 0x18A3, 0x18A3, 0x18A2, 0x18A2, 0x1082, 0x1082, 0x10A2, 0x1062, 0x1062, 0x18C3, 0x18A2, 0x1082, 0x1082, 0x1082, 0x1082,
    0x18A3, 0x18A2, 0x2104, 0x2104, 0x18C3, 0x1082, 0x18C3, 0x2904, 0x2925, 0x2904, 0x2924, 0x2104, 0x20E4, 0x18A2, 0x1082, 0x18A2,
    0x18C3, 0x2104, 0x18C3, 0x18A3, 0x20E3, 0x20E3, 0x2904, 0x2924, 0x18C3, 0x20C3, 0x2104, 0x18C3, 0x18C3, 0x2103, 0x20E3, 0x20E3,
    0x20E3, 0x20E3, 0x2924, 0x2924, 0x20E3, 0x18A2, 0x18C3, 0x2104, 0x20E3, 0x18A2, 0x18C3, 0x18C3, 0x1082, 0x18A3, 0x2104, 0x20E3,
    0x20C3, 0x2924, 0x2104, 0x2944, 0x2924, 0x2104, 0x3145, 0x2924, 0x2104, 0x3145, 0x3165, 0x3145, 0x3145, 0x3166, 0x39A6, 0x3145,
    0x39A6, 0x2924, 0x3165, 0x3165, 0x2103, 0x20E3, 0x18A2, 0x2945, 0x2924, 0x2945, 0x20C3, 0x18A2, 0x3144, 0x3144, 0x3144, 0x3965,
    0x3124, 0x28E3, 0x3164, 0x3964, 0x72E9, 0x72C8, 0x6A25, 0x7A66, 0xA3AB, 0xBC8D, 0xCCCF, 0xB42E, 0x8BCF, 0x62CA, 0x5204, 0x5201,
    0x49E2, 0x4161, 0x69C4, 0xAB8B, 0xBBEE, 0xCCB1, 0xDCF0, 0xDB8A, 0xDA86, 0xEC6E, 0xEE36, 0xF6BA, 0xEE9A, 0xE639, 0xE658, 0xD5D6,
    0x634D, 0x3A09, 0x2127, 0x2948, 0x2948, 0x2968, 0x39CA, 0x39EB, 0x39CB, 0x39CC, 0x39ED, 0x41EE, 0x41D0, 0x41B1, 0x4193, 0x41B4,
    0x4175, 0x3116, 0x1917, 0x10F8, 0x20D7, 0x3136, 0x39B3, 0x3153, 0x3133, 0x3133, 0x3133, 0x3173, 0x41F3, 0x5292, 0x5291, 0x52B1,
    0x52D1, 0x5B12, 0x5B12, 0x52D0, 0x39C8, 0x2924, 0x2924, 0x2924, 0x2944, 0x2944, 0x10A2, 0x1081, 0x18C3, 0x2124, 0x18C3, 0x20E3,
    0x20E4, 0x2104, 0x2104, 0x2104, 0x3165, 0x2945, 0x2945, 0x2104, 0x2104, 0x2925, 0x2924, 0x18C3, 0x2104, 0x2945, 0x2124, 0x2124,
    0x18E3, 0x18C3, 0x2124, 0x2104, 0x18E3, 0x2104, 0x18C3, 0x2124, 0x2945, 0x2924, 0x18C3, 0x2945, 0x39C7, 0x18A3, 0x18E3, 0x2104,
    0x18A3, 0x2124, 0x2965, 0x1082, 0x2124, 0x18E3, 0x2104, 0x18E3, 0x2104, 0x18A2, 0x2945, 0x2124, 0x2104, 0x1082, 0x18C3, 0x18E3,
    0x1082, 0x18A2, 0x18A2, 0x18A2, 0x2124, 0x10A2, 0x10A2, 0x18A2, 0x10A2, 0x20E3, 0x10A2, 0x18E3, 0x18C3, 0x18A2, 0x1082, 0x10A2,
    0x1082, 0x1082, 0x18A2, 0x18A2, 0x1082, 0x10A2, 0x18A2, 0x1082, 0x1082, 0x1082, 0x10A2, 0x18C3, 0x18C3, 0x18C3, 0x18C3, 0x18A3,
    0x10A2, 0x18A3, 0x18C3, 0x18A2, 0x18C3, 0x2924, 0x3145, 0x3145, 0x2924, 0x20E3, 0x18A2, 0x18A2, 0x18A3, 0x20E3, 0x20E4, 0x20E4,
    0x18C3, 0x18A3, 0x18A3, 0x18A3, 0x18A3, 0x20E4, 0x2924, 0x18C3, 0x20E4, 0x20C3, 0x18A2, 0x18C3, 0x20E3, 0x18C2, 0x20E3, 0x2103,
    0x2903, 0x2103, 0x20E3, 0x18A2, 0x20C2, 0x20E3, 0x2904, 0x2104, 0x1882, 0x18A2, 0x20C3, 0x18A2, 0x18A3, 0x20E4, 0x20E3, 0x20E3,
    0x2945, 0x3165, 0x2924, 0x2904, 0x2904, 0x2904, 0x2945, 0x2904, 0x3186, 0x3145, 0x2925, 0x3145, 0x3145, 0x3165, 0x3166, 0x3165,
    0x39A6, 0x3165, 0x3185, 0x2924, 0x2924, 0x20E3, 0x18C3, 0x2945, 0x2904, 0x2924, 0x20C3, 0x18A2, 0x3144, 0x3145, 0x3124, 0x3144,
    0x28E3, 0x2923, 0x3144, 0x41A5, 0x72E9, 0x6245, 0x6A24, 0x7224, 0x8AC7, 0xB40C, 0xB44C, 0xAC70, 0x8BF0, 0x62CA, 0x5244, 0x5242,
    0x4A02, 0x4182, 0x61C4, 0x9B29, 0xA38C, 0xC4D1, 0xDCB0, 0xD2E9, 0xDA68, 0xE450, 0xDDD6, 0xC574, 0xA430, 0xA3AE, 0xBC4F, 0xD510,
    0x7BEF, 0x632D, 0x31A8, 0x2127, 0x2948, 0x2989, 0x39EB, 0x39EB, 0x31AA, 0x31AB, 0x39AC, 0x39AD, 0x41D0, 0x41B2, 0x3953, 0x3934,
    0x3915, 0x28D7, 0x08F8, 0x0118, 0x20F8, 0x3136, 0x39B2, 0x3153, 0x3133, 0x3133, 0x3133, 0x3173, 0x41F3, 0x5293, 0x52B1, 0x5291,
    0x52B1, 0x5B13, 0x4A71, 0x5AF1, 0x41E9, 0x20E3, 0x2924, 0x2944, 0x2924, 0x2904, 0x10A2, 0x1081, 0x18E3, 0x2945, 0x18C3, 0x2104,
    0x2104, 0x18E3, 0x2104, 0x2945, 0x2945, 0x3166, 0x2924, 0x2104, 0x18E3, 0x2124, 0x18C3, 0x18C3, 0x2104, 0x2965, 0x2124, 0x2945,
    0x18C3, 0x18E3, 0x2965, 0x18E3, 0x18E3, 0x2104, 0x18E3, 0x2965, 0x2924, 0x2104, 0x2104, 0x3186, 0x2104, 0x18C3, 0x2104, 0x2104,
    0x10A2, 0x3165, 0x18C3, 0x18C3, 0x2945, 0x0861, 0x18C3, 0x20E3, 0x18C3, 0x10A2, 0x20E4, 0x2925, 0x20E4, 0x10A2, 0x18C3, 0x18C3,
    0x10A2, 0x18C3, 0x18A2, 0x18A3, 0x2925, 0x1082, 0x18E3, 0x18A3, 0x18A2, 0x2104, 0x18A3, 0x2124, 0x18A2, 0x10A2, 0x1082, 0x18A2,
    0x1082, 0x18A2, 0x10A2, 0x10A2, 0x10A2, 0x18C3, 0x1082, 0x1062, 0x1061, 0x10A2, 0x18C3, 0x18C3, 0x1082, 0x1082, 0x18A2, 0x18C3,
    0x2104, 0x2124, 0x2104, 0x2945, 0x2945, 0x2924, 0x20E4, 0x18C3, 0x18A2, 0x18A2, 0x20C3, 0x18C3, 0x18A3, 0x18A3, 0x18C3, 0x2104,
    0x2904, 0x20C3, 0x2104, 0x2904, 0x2904, 0x2104, 0x2104, 0x2104, 0x20C3, 0x18C3, 0x20C3, 0x20E3, 0x20E3, 0x20E3, 0x18C2, 0x20E3,
    0x20E3, 0x18C2, 0x18C2, 0x2103, 0x2924, 0x20E3, 0x2104, 0x18C3, 0x20E3, 0x20E3, 0x20E3, 0x18C3, 0x20E3, 0x2104, 0x20E3, 0x2904,
    0x2925, 0x2904, 0x20E3, 0x20C3, 0x20E3, 0x20E4, 0x2945, 0x2924, 0x3145, 0x2904, 0x2945, 0x2945, 0x2925, 0x2945, 0x39A6, 0x39C7,
    0x2924, 0x2944, 0x39A6, 0x2924, 0x2924, 0x20C2, 0x20E3, 0x2924, 0x2904, 0x20E4, 0x18A2, 0x20C2, 0x2924, 0x3145, 0x3144, 0x3124,
    0x20C2, 0x3164, 0x3123, 0x5A06, 0x7287, 0x6A85, 0x7AE5, 0x7A84, 0x9B28, 0xABCA, 0x8B28, 0x834C, 0x736E, 0x6309, 0x5284, 0x5263,
    0x4A02, 0x4182, 0x6A26, 0x8B09, 0x9BAD, 0xB471, 0xBBCC, 0xC207, 0xE24B, 0xDC11, 0xB472, 0x930D, 0xAB0D, 0xCB6F, 0xDC10, 0xD40E,
    0x8450, 0x7BF0, 0x52AC, 0x2147, 0x2147, 0x2988, 0x39EB, 0x31AA, 0x296A, 0x294A, 0x296B, 0x318D, 0x41F1, 0x41D3, 0x3953, 0x3914,
    0x38F6, 0x28D8, 0x10B7, 0x08D7, 0x20D8, 0x3136, 0x39B2, 0x3953, 0x3133, 0x3153, 0x3153, 0x3172, 0x41F2, 0x4A52, 0x52B1, 0x5291,
    0x52D2, 0x4A91, 0x4A91, 0x5AF3, 0x39CA, 0x2104, 0x2104, 0x2104, 0x2924, 0x20E3, 0x18A2, 0x1082, 0x2124, 0x2103, 0x18C3, 0x2124,
    0x2124, 0x2124, 0x2945, 0x2104, 0x2965, 0x3166, 0x2104, 0x2104, 0x20E4, 0x2945, 0x18C3, 0x20E4, 0x18E3, 0x2925, 0x2924, 0x2924,
    0x18C3, 0x2104, 0x2945, 0x18E3, 0x18E3, 0x18C3, 0x2124, 0x2945, 0x18E3, 0x2124, 0x3186, 0x39C7, 0x20E3, 0x20E3, 0x2104, 0x18C3,
    0x18C3, 0x2925, 0x0861, 0x2124, 0x2104, 0x0841, 0x18E3, 0x2104, 0x18C3, 0x18C3, 0x18C3, 0x2965, 0x18A2, 0x10A2, 0x18A2, 0x18A3,
    0x20E4, 0x18C3, 0x10A2, 0x18A3, 0x2124, 0x18E3, 0x20E3, 0x18C3, 0x18A3, 0x2124, 0x18C3, 0x2104, 0x18C3, 0x18A2, 0x18A2, 0x18A2,
    0x1082, 0x18C3, 0x10A2, 0x18A3, 0x10A2, 0x10A2, 0x1062, 0x1082, 0x1062, 0x1062, 0x10A2, 0x18E3, 0x18C3, 0x18A3, 0x18C3, 0x20E3,
    0x2104, 0x2104, 0x2104, 0x20E4, 0x20E4, 0x20E3, 0x18A3, 0x18A3, 0x18C3, 0x20E3, 0x18A2, 0x1082, 0x1082, 0x1882, 0x20E3, 0x20E3,
    0x1082, 0x1882, 0x18A3, 0x18C3, 0x20C3, 0x20C3, 0x18C3, 0x1882, 0x1082, 0x1882, 0x18A2, 0x18A2, 0x18C2, 0x20E3, 0x20E3, 0x20E3,
    0x18A2, 0x18A2, 0x2924, 0x2903, 0x18A2, 0x20C3, 0x20E3, 0x18A2, 0x18C3, 0x18A2, 0x18A2, 0x18A3, 0x18C3, 0x20C3, 0x18C3, 0x2104,
    0x2104, 0x20C3, 0x18C3, 0x20E3, 0x20E4, 0x3165, 0x2904, 0x2924, 0x2925, 0x2904, 0x2925, 0x2945, 0x2924, 0x3165, 0x39C6, 0x3986,
    0x2924, 0x39A5, 0x41E6, 0x20E3, 0x2103, 0x18C2, 0x20E3, 0x2104, 0x2924, 0x20E3, 0x18A2, 0x20C2, 0x2904, 0x3124, 0x3124, 0x28E3,
    0x28E3, 0x3964, 0x3123, 0x6247, 0x6245, 0x8367, 0x9367, 0x8AE5, 0xA3A9, 0xAC0A, 0x9389, 0x7B0B, 0x734E, 0x6309, 0x5A83, 0x5AA4,
    0x5223, 0x51E3, 0x7AE8, 0x8B4B, 0x93AE, 0x9BAE, 0xAAE9, 0xC1C6, 0xD9EA, 0xCB6F, 0xB431, 0xCC32, 0xF454, 0xEBF3, 0xEC11, 0xDBAE,
    0x8450, 0x8C91, 0x73CF, 0x3A0A, 0x2127, 0x2968, 0x31A9, 0x2949, 0x2929, 0x2929, 0x292A, 0x316D, 0x41F1, 0x41D3, 0x3973, 0x3954,
    0x3936, 0x30F7, 0x28D7, 0x28F7, 0x3118, 0x3976, 0x41B3, 0x3973, 0x3153, 0x3152, 0x3153, 0x3972, 0x39D2, 0x4211, 0x4A71, 0x4AB1,
    0x4A91, 0x4250, 0x5AF3, 0x52B1, 0x31A9, 0x2945, 0x2924, 0x2123, 0x2104, 0x2104, 0x18E3, 0x10A2, 0x2965, 0x2103, 0x18C3, 0x2104,
    0x2104, 0x3186, 0x2124, 0x2124, 0x3186, 0x2104, 0x2965, 0x2945, 0x2104, 0x2965, 0x2104, 0x18E3, 0x20E3, 0x2965, 0x2965, 0x2104,
    0x20E4, 0x2945, 0x18E3, 0x18E3, 0x2924, 0x20E4, 0x2124, 0x18C3, 0x10A2, 0x20E4, 0x3186, 0x3186, 0x18C3, 0x18E3, 0x20E3, 0x1082,
    0x18E3, 0x1062, 0x1082, 0x2124, 0x18C3, 0x1082, 0x2104, 0x2104, 0x18A2, 0x18C3, 0x2124, 0x2104, 0x1082, 0x18A3, 0x18A3, 0x10A2,
    0x2124, 0x20E3, 0x18A3, 0x2104, 0x2945, 0x18E3, 0x18E3, 0x18C3, 0x18C3, 0x20E3, 0x18E3, 0x20E4, 0x18C3, 0x18C3, 0x18C3, 0x1082,
    0x18A2, 0x18C3, 0x1082, 0x10A2, 0x10A2, 0x1082, 0x1062, 0x1061, 0x0861, 0x1081, 0x10A2, 0x10A2, 0x18C3, 0x18C3, 0x18C2, 0x18E3,
    0x18E3, 0x20E3, 0x2104, 0x2104, 0x2124, 0x2104, 0x20E4, 0x18C3, 0x18A2, 0x1081, 0x1061, 0x1061, 0x1082, 0x18A2, 0x20E3, 0x1882,
    0x1882, 0x18A3, 0x18A3, 0x20C3, 0x20E3, 0x18A3, 0x18A2, 0x1882, 0x1881, 0x18A2, 0x20C2, 0x20C2, 0x20E3, 0x2103, 0x20E3, 0x18C2,
    0x18C2, 0x20E3, 0x20E3, 0x18A2, 0x18A2, 0x18A2, 0x18A2, 0x1882, 0x1882, 0x1882, 0x18A2, 0x18C2, 0x18A2, 0x20E3, 0x20E3, 0x2103,
    0x20E3, 0x18C2, 0x18C2, 0x20E3, 0x2944, 0x2924, 0x20E3, 0x3145, 0x20E4, 0x2904, 0x20E4, 0x2904, 0x3165, 0x39A6, 0x3165, 0x3185,
    0x3165, 0x39C6, 0x2924, 0x20E3, 0x2103, 0x18A2, 0x2924, 0x2903, 0x2904, 0x18C2, 0x18A2, 0x18A2, 0x2924, 0x2924, 0x2903, 0x20C2,
    0x2923, 0x3144, 0x4185, 0x6247, 0x5A05, 0x8B68, 0x9BE9, 0x9B88, 0xA3A8, 0xA3C9, 0x82E7, 0x7B2C, 0x738D, 0x5AE7, 0x5283, 0x5242,
    0x49E2, 0x49C2, 0x832A, 0x938D, 0x8B8E, 0x938D, 0x9A67, 0xC9C6, 0xD1A9, 0xD34F, 0xD432, 0xE431, 0xF451, 0xFC74, 0xFCF5, 0xE431,
    0x8470, 0x8CD2, 0x8C92, 0x636E, 0x29A8, 0x2967, 0x2989, 0x2948, 0x2929, 0x294A, 0x294A, 0x318C, 0x41F0, 0x41D2, 0x41B2, 0x41B3,
    0x4195, 0x4176, 0x4176, 0x4177, 0x4998, 0x41B6, 0x41D3, 0x3993, 0x3973, 0x3152, 0x3153, 0x3972, 0x39B2, 0x39D1, 0x39EF, 0x4250,
    0x3A0F, 0x4A91, 0x5292, 0x4A70, 0x39EA, 0x3165, 0x3165, 0x2103, 0x18C3, 0x2104, 0x2103, 0x18C3, 0x3185, 0x18E3, 0x18E3, 0x2104,
    0x2945, 0x3186, 0x18C3, 0x39A6, 0x39A6, 0x2945, 0x3186, 0x2924, 0x2104, 0x2945, 0x2104, 0x10A2, 0x2945, 0x2104, 0x2124, 0x2104,
    0x2945, 0x3165, 0x18E3, 0x20E4, 0x2965, 0x20E4, 0x2104, 0x18A3, 0x1082, 0x20E3, 0x2965, 0x2104, 0x1082, 0x2104, 0x18C3, 0x1082,
    0x18C3, 0x1082, 0x18C3, 0x2104, 0x1082, 0x18C3, 0x2104, 0x18C3, 0x18E3, 0x2104, 0x2945, 0x2104, 0x1082, 0x18A2, 0x18A2, 0x20E3,
    0x2945, 0x2104, 0x18C3, 0x2104, 0x2124, 0x10A2, 0x2104, 0x18C3, 0x20E3, 0x18E3, 0x2104, 0x2104, 0x20E3, 0x18A3, 0x10A2, 0x18C3,
    0x18E3, 0x18C3, 0x10A2, 0x18A2, 0x10A2, 0x1082, 0x1061, 0x0861, 0x1061, 0x18C2, 0x18E3, 0x18E3, 0x18E3, 0x18E3, 0x2103, 0x2103,
    0x2104, 0x2104, 0x2104, 0x2104, 0x18E3, 0x18A3, 0x1082, 0x1082, 0x1082, 0x18A2, 0x18C3, 0x18C3, 0x18C2, 0x18C2, 0x1082, 0x1882,
    0x18C3, 0x1882, 0x18A3, 0x20C3, 0x1082, 0x1082, 0x1082, 0x1081, 0x1081, 0x18A2, 0x18C2, 0x18A2, 0x18C2, 0x18C2, 0x18A2, 0x18C2,
    0x20E3, 0x18A2, 0x1081, 0x1081, 0x1882, 0x18A2, 0x1081, 0x1082, 0x18A2, 0x18A2, 0x20C3, 0x18C2, 0x18C2, 0x20E3, 0x20E3, 0x20E3,
    0x20C2, 0x18A2, 0x2103, 0x2924, 0x2924, 0x20E3, 0x2924, 0x2103, 0x20C3, 0x2104, 0x20E3, 0x2904, 0x39C6, 0x3165, 0x3165, 0x3185,
    0x39C6, 0x2944, 0x18A2, 0x2924, 0x18C2, 0x20E3, 0x2944, 0x20E3, 0x2103, 0x18C2, 0x1881, 0x20C2, 0x2924, 0x2904, 0x20C2, 0x20C2,
    0x2903, 0x2903, 0x49C6, 0x5207, 0x5A06, 0x7AC6, 0xA3E9, 0xABE9, 0xB3C9, 0xBBEA, 0x9B69, 0x8BAD, 0x73AD, 0x5AA6, 0x4A21, 0x41C1,
    0x39A1, 0x3962, 0x6AA8, 0x7B0B, 0x8B8E, 0x9BCE, 0xAA88, 0xD1A6, 0xDAAC, 0xEC33, 0xF3F2, 0xE32C, 0xE36C, 0xEC50, 0xF4B3, 0xE431,
    0x8C91, 0x8CD2, 0x94F2, 0x8471, 0x52EC, 0x29A8, 0x31A9, 0x31AA, 0x318A, 0x318B, 0x318B, 0x318C, 0x41CF, 0x41D2, 0x41D2, 0x41D3,
    0x49D4, 0x49B5, 0x4996, 0x49B7, 0x49B8, 0x49D7, 0x49F3, 0x41B3, 0x3972, 0x3152, 0x3153, 0x3973, 0x39B3, 0x39D1, 0x39EF, 0x31EE,
    0x4250, 0x4A92, 0x4210, 0x52B2, 0x420A, 0x3145, 0x3186, 0x2124, 0x20E3, 0x2104, 0x2124, 0x18E3, 0x2945, 0x18E3, 0x1082, 0x2924,
    0x31A6, 0x2965, 0x2104, 0x31A6, 0x3186, 0x3186, 0x2945, 0x2945, 0x2124, 0x20E3, 0x18E3, 0x18E3, 0x39A7, 0x20E4, 0x2124, 0x2104,
    0x3186, 0x2924, 0x2104, 0x20E4, 0x2104, 0x2924, 0x2124, 0x1082, 0x2104, 0x20E3, 0x31A6, 0x18E3, 0x18C3, 0x2124, 0x1082, 0x18C3,
    0x1082, 0x10A2, 0x2124, 0x18E3, 0x18C3, 0x18E3, 0x18C3, 0x18C3, 0x18E3, 0x2104, 0x2124, 0x18A2, 0x18A3, 0x18C3, 0x20E3, 0x2945,
    0x2124, 0x20E3, 0x18C3, 0x2924, 0x18E3, 0x10A2, 0x18C3, 0x18C3, 0x2925, 0x18C3, 0x2925, 0x2104, 0x18E3, 0x18C3, 0x18A2, 0x18C3,
    0x18C3, 0x18E3, 0x10A2, 0x18C3, 0x18A2, 0x10A2, 0x1082, 0x1082, 0x10A2, 0x18C2, 0x18C3, 0x20E3, 0x18E3, 0x18A2, 0x18A2, 0x18C2,
    0x10A2, 0x10A2, 0x1082, 0x1061, 0x1061, 0x1062, 0x1061, 0x18A2, 0x18A2, 0x1082, 0x18A2, 0x1082, 0x1082, 0x1082, 0x18A2, 0x18A2,
    0x1882, 0x1882, 0x20E4, 0x1082, 0x1062, 0x1061, 0x1061, 0x1081, 0x1882, 0x18A2, 0x18C2, 0x18C2, 0x20E3, 0x20E3, 0x20E3, 0x20E3,
    0x1881, 0x1081, 0x18A2, 0x18A2, 0x18A2, 0x18A2, 0x18A2, 0x18A2, 0x18C3, 0x18A2, 0x18A2, 0x18C2, 0x20C3, 0x18A2, 0x18A2, 0x20C2,
    0x18C2, 0x20E3, 0x2103, 0x20E3, 0x2924, 0x2903, 0x2924, 0x20E3, 0x2903, 0x20E3, 0x20E3, 0x3185, 0x39A6, 0x3185, 0x3165, 0x4207,
    0x3165, 0x18A2, 0x2103, 0x2103, 0x18C2, 0x2924, 0x2924, 0x20E3, 0x20E3, 0x18C2, 0x1081, 0x20E3, 0x20E3, 0x20C3, 0x18A2, 0x2903,
    0x20C2, 0x3123, 0x39A5, 0x4165, 0x51C6, 0x7AE7, 0xA3E9, 0xB40A, 0xBC0A, 0xBC0B, 0xA3EC, 0x940E, 0x7BAD, 0x5AC6, 0x4A21, 0x41C1,
    0x3961, 0x3942, 0x5206, 0x72EA, 0x7B4C, 0x9BCE, 0xB2A9, 0xC1C6, 0xE453, 0xF579, 0xF453, 0xEB2C, 0xEB4A, 0xEBAB, 0xF3ED, 0xDB6C,
    0x8CB1, 0x94F2, 0x94F3, 0x8CD2, 0x7C30, 0x4AAB, 0x39EA, 0x39EA, 0x39EB, 0x39CB, 0x39CC, 0x39CC, 0x41EF, 0x4A11, 0x41F2, 0x41D2,
    0x41B3, 0x41B4, 0x49B5, 0x49B7, 0x49D8, 0x49F7, 0x4A13, 0x39B2, 0x3972, 0x3152, 0x3153, 0x3973, 0x39B3, 0x41F2, 0x3A10, 0x3A0F,
    0x4271, 0x3A10, 0x4A51, 0x52B2, 0x39C9, 0x3165, 0x3186, 0x2103, 0x18E3, 0x2124, 0x2945, 0x18C3, 0x2965, 0x18E3, 0x10A2, 0x31A6,
    0x3186, 0x2945, 0x2965, 0x39C7, 0x39A6, 0x2945, 0x2104, 0x2965, 0x2924, 0x2124, 0x18C3, 0x4208, 0x3186, 0x2925, 0x18C3, 0x2945,
    0x2965, 0x2945, 0x2924, 0x20E3, 0x2945, 0x2965, 0x10A2, 0x18C3, 0x18C3, 0x2945, 0x3186, 0x18E3, 0x20E3, 0x2124, 0x1082, 0x18A2,
    0x1061, 0x18A3, 0x18E3, 0x18C3, 0x18E3, 0x18C3, 0x18A2, 0x10A2, 0x2104, 0x2104, 0x18E3, 0x18A2, 0x18E3, 0x18C3, 0x18E3, 0x2104,
    0x18C3, 0x18C3, 0x2124, 0x2945, 0x18C3, 0x18C3, 0x18C3, 0x18E3, 0x2945, 0x18C3, 0x2925, 0x2104, 0x18E3, 0x2104, 0x18C3, 0x10A2,
    0x20E3, 0x2104, 0x18A3, 0x18C3, 0x18A3, 0x18A3, 0x10A2, 0x18C3, 0x20E3, 0x18C3, 0x18C3, 0x18C2, 0x10A2, 0x10A2, 0x10A2, 0x1082,
    0x1082, 0x1082, 0x1061, 0x1082, 0x1082, 0x1061, 0x0861, 0x0861, 0x1061, 0x1082, 0x1082, 0x1082, 0x1082, 0x1082, 0x1082, 0x1882,
    0x1882, 0x20C3, 0x1882, 0x1062, 0x1061, 0x1061, 0x1061, 0x18A2, 0x18C2, 0x2103, 0x2103, 0x2103, 0x20C2, 0x20C2, 0x18A2, 0x1881,
    0x18A2, 0x20E3, 0x20E3, 0x18C2, 0x18A2, 0x18A2, 0x1081, 0x18A2, 0x20C3, 0x18C3, 0x20C3, 0x20C3, 0x18A2, 0x18C3, 0x2103, 0x2103,
    0x20E3, 0x20C2, 0x20E3, 0x2904, 0x2924, 0x2103, 0x20E3, 0x20E3, 0x2924, 0x20E3, 0x2924, 0x39C6, 0x39C6, 0x2944, 0x3185, 0x3185,
    0x20C2, 0x20E3, 0x2924, 0x20E3, 0x20C2, 0x2944, 0x2103, 0x20E3, 0x20E3, 0x18A2, 0x1061, 0x20E3, 0x20E3, 0x20C2, 0x20C2, 0x28E3,
    0x20C2, 0x3144, 0x3164, 0x3965, 0x3965, 0x6246, 0xA3EA, 0xBC2B, 0xBC4B, 0xC48D, 0xB4B0, 0x9C70, 0x734B, 0x5265, 0x4A22, 0x41E2,
    0x3982, 0x3962, 0x41A5, 0x62AA, 0x62EA, 0x7ACA, 0xA207, 0xC289, 0xF578, 0xFE1C, 0xF4B4, 0xEBAD, 0xF36A, 0xF34A, 0xEB0A, 0xD2C8,
    0x8CD2, 0x94F3, 0x94F2, 0x94F3, 0x8CB2, 0x6BAE, 0x426A, 0x39EA, 0x39EA, 0x39CB, 0x39CB, 0x39CC, 0x41EE, 0x4A11, 0x4A12, 0x41F2,
    0x41D3, 0x49F4, 0x49D5, 0x49D6, 0x51F8, 0x5217, 0x4A13, 0x39B2, 0x3152, 0x3151, 0x3153, 0x3973, 0x39B3, 0x41F2, 0x39F0, 0x3A30,
    0x3A10, 0x3A10, 0x52B3, 0x4A50, 0x422B, 0x41C7, 0x3165, 0x2103, 0x20E3, 0x2945, 0x2104, 0x18E3, 0x3185, 0x2104, 0x2924, 0x31A6,
    0x2925, 0x2945, 0x3166, 0x39C7, 0x3186, 0x2924, 0x3166, 0x2124, 0x3186, 0x2104, 0x2945, 0x4208, 0x2945, 0x2104, 0x2124, 0x3166,
    0x2104, 0x2925, 0x2104, 0x18E3, 0x2965, 0x2104, 0x1082, 0x2104, 0x18E3, 0x3166, 0x2104, 0x18A3, 0x2104, 0x2104, 0x10A2, 0x10A2,
    0x1082, 0x18A3, 0x18C3, 0x2104, 0x18E3, 0x18A3, 0x10A2, 0x10A2, 0x20E3, 0x18E3, 0x18C2, 0x18C3, 0x18C3, 0x18C3, 0x2104, 0x18C3,
    0x1082, 0x18A3, 0x2945, 0x2104, 0x18C3, 0x10A2, 0x10A2, 0x2945, 0x2104, 0x2104, 0x2104, 0x2925, 0x2104, 0x2104, 0x18C3, 0x1082,
    0x18E3, 0x20E3, 0x18C3, 0x18A3, 0x18C3, 0x10A2, 0x10A2, 0x10A2, 0x18A2, 0x10A2, 0x10A2, 0x18C2, 0x18C2, 0x10A2, 0x1081, 0x1081,
    0x1082, 0x0861, 0x10A2, 0x10A2, 0x1061, 0x1081, 0x10A2, 0x18A2, 0x1082, 0x1082, 0x1081, 0x1082, 0x1081, 0x1082, 0x1082, 0x18A2,
    0x1882, 0x1882, 0x1061, 0x1882, 0x1081, 0x1061, 0x18A1, 0x18C2, 0x18C2, 0x18A2, 0x1881, 0x18A2, 0x18A2, 0x18C2, 0x20E3, 0x20E3,
    0x20E3, 0x18A2, 0x18A2, 0x18A2, 0x1882, 0x1081, 0x18C2, 0x20E3, 0x18C2, 0x18C3, 0x20C3, 0x20C3, 0x20C3, 0x20C3, 0x20E3, 0x18A2,
    0x18A2, 0x2103, 0x2944, 0x20E3, 0x20E3, 0x20E3, 0x20E3, 0x2924, 0x2103, 0x2924, 0x39A6, 0x41E7, 0x3985, 0x3164, 0x3185, 0x2103,
    0x18C2, 0x2924, 0x2103, 0x18C2, 0x2103, 0x2944, 0x20E3, 0x20C3, 0x20E3, 0x1081, 0x1081, 0x20C3, 0x20C3, 0x18A2, 0x20C2, 0x20C2,
    0x28E3, 0x2904, 0x2924, 0x3124, 0x20C3, 0x3945, 0x9BAB, 0xDD30, 0xDD31, 0xD551, 0xC553, 0xA4B3, 0x83AF, 0x6B09, 0x62E7, 0x5AA7,
    0x41E4, 0x3163, 0x3985, 0x4A28, 0x4A07, 0x61C7, 0xA9C6, 0xD30B, 0xED98, 0xFE1A, 0xEC72, 0xDB6C, 0xEBAC, 0xE34A, 0xE34A, 0xD30A,
    0x94F2, 0x94F3, 0x94D2, 0x94D2, 0x94D2, 0x8451, 0x634D, 0x420A, 0x39EA, 0x39EA, 0x39CB, 0x39CB, 0x41ED, 0x41EF, 0x4211, 0x41F1,
    0x41F3, 0x4A14, 0x4A15, 0x4A17, 0x5238, 0x5237, 0x4A13, 0x39B2, 0x3152, 0x3131, 0x3152, 0x3973, 0x39B2, 0x41F2, 0x39F0, 0x3A0F,
    0x31EF, 0x4A72, 0x4231, 0x4A70, 0x4A6B, 0x39C7, 0x3186, 0x2103, 0x2124, 0x3186, 0x2104, 0x2103, 0x2945, 0x2945, 0x2945, 0x2124,
    0x3186, 0x2945, 0x39A6, 0x2965, 0x3186, 0x31A6, 0x3166, 0x3165, 0x2965, 0x2104, 0x39C7, 0x39C7, 0x2945, 0x2925, 0x3166, 0x2945,
    0x20E3, 0x2104, 0x2104, 0x2104, 0x2945, 0x18C3, 0x20E4, 0x18C3, 0x2925, 0x18E3, 0x2104, 0x1082, 0x2104, 0x18C3, 0x18C3, 0x1082,
    0x1061, 0x18E3, 0x20E3, 0x3186, 0x18A2, 0x10A2, 0x10A2, 0x18C3, 0x18E3, 0x18C2, 0x10A2, 0x2103, 0x18C2, 0x2103, 0x18E3, 0x18C3,
    0x18A2, 0x18C3, 0x20E3, 0x2104, 0x18C3, 0x1082, 0x18C3, 0x3165, 0x2124, 0x2104, 0x20E3, 0x20E4, 0x2924, 0x2104, 0x18A2, 0x18A2,
    0x20E3, 0x18A3, 0x2104, 0x18A2, 0x20E4, 0x1062, 0x1062, 0x10A2, 0x18A2, 0x10A2, 0x18A2, 0x18C2, 0x10A2, 0x1082, 0x1081, 0x1081,
    0x1081, 0x10A2, 0x10A2, 0x10A2, 0x10A2, 0x18C2, 0x18C2, 0x18C3, 0x18A2, 0x1061, 0x1081, 0x18A2, 0x18A2, 0x1082, 0x1081, 0x18A2,
    0x18A2, 0x18A2, 0x1882, 0x1082, 0x1082, 0x1881, 0x1882, 0x18A2, 0x18A2, 0x18A2, 0x18A2, 0x18A2, 0x18C2, 0x20C2, 0x20E3, 0x20C2,
    0x18C2, 0x18A2, 0x18C2, 0x18C2, 0x18A2, 0x18C2, 0x2103, 0x18C2, 0x18C2, 0x18C3, 0x18A2, 0x18A2, 0x18A2, 0x1882, 0x18A2, 0x20E3,
    0x2924, 0x20E3, 0x18C2, 0x20C3, 0x2103, 0x18C2, 0x2103, 0x2904, 0x2103, 0x2944, 0x41E7, 0x39C6, 0x39C6, 0x3144, 0x2103, 0x18C2,
    0x2903, 0x2103, 0x20C2, 0x18A2, 0x2944, 0x2103, 0x2103, 0x20E3, 0x18C2, 0x1081, 0x18A2, 0x20C3, 0x20C2, 0x18A2, 0x20C2, 0x20C2,
    0x2903, 0x2903, 0x2904, 0x20C3, 0x18A3, 0x3967, 0x93CD, 0xDDB4, 0xE5F6, 0xCD95, 0xBD76, 0xAD57, 0x9CF5, 0x9CD3, 0x9CD3, 0x9CB2,
    0x8430, 0x630C, 0x4A28, 0x5249, 0x6268, 0x69A6, 0xB1A6, 0xD30C, 0xD556, 0xE61A, 0xDCF5, 0xECF5, 0xF515, 0xF492, 0xEC50, 0xDBAD,
    0x94D2, 0x94F2, 0x94D2, 0x94F2, 0x94D2, 0x8CB2, 0x7C10, 0x5AEC, 0x39E9, 0x3A0A, 0x39EB, 0x39CB, 0x39CC, 0x39AE, 0x39AE, 0x39AF,
    0x39D1, 0x41F2, 0x4214, 0x4A15, 0x5256, 0x5256, 0x4A33, 0x39B2, 0x3152, 0x3132, 0x3153, 0x3973, 0x39D2, 0x39F1, 0x39EF, 0x31CE,
    0x3A30, 0x4230, 0x4210, 0x52B1, 0x39E9, 0x39A6, 0x39A6, 0x2103, 0x2945, 0x3165, 0x2104, 0x2103, 0x2945, 0x2124, 0x2104, 0x31A6,
    0x31A6, 0x3186, 0x39A6, 0x3186, 0x3166, 0x2124, 0x20E4, 0x2925, 0x2945, 0x2104, 0x39A7, 0x2965, 0x2965, 0x2124, 0x2965, 0x20E3,
    0x2104, 0x20E4, 0x2104, 0x3186, 0x2925, 0x18E3, 0x18E3, 0x1082, 0x2104, 0x2104, 0x10A2, 0x10A2, 0x18E3, 0x10A2, 0x18C3, 0x1082,
    0x18A3, 0x18C3, 0x2104, 0x18E3, 0x1061, 0x18C3, 0x10A2, 0x2124, 0x2924, 0x18A2, 0x2103, 0x2103, 0x18E3, 0x2124, 0x18A2, 0x18C3,
    0x18A2, 0x20C2, 0x20E3, 0x2104, 0x18A3, 0x18C3, 0x2104, 0x2945, 0x2945, 0x20E4, 0x2104, 0x2104, 0x3165, 0x18C3, 0x18C3, 0x18C3,
    0x18C3, 0x18C3, 0x2104, 0x1082, 0x20E3, 0x18A2, 0x10A2, 0x18A3, 0x10A2, 0x10A2, 0x1082, 0x1081, 0x1061, 0x1082, 0x1082, 0x10A2,
    0x1081, 0x18A2, 0x18C3, 0x10A2, 0x10A2, 0x1082, 0x1081, 0x10A2, 0x1082, 0x1082, 0x18A2, 0x18A2, 0x1082, 0x1082, 0x1081, 0x18A2,
    0x18A2, 0x18A2, 0x18C2, 0x18A2, 0x18C2, 0x1881, 0x18A2, 0x20C2, 0x20C2, 0x18A2, 0x20C2, 0x20C2, 0x18A2, 0x18A2, 0x1081, 0x1881,
    0x18A2, 0x18A2, 0x1881, 0x18A2, 0x20E3, 0x20C3, 0x18A2, 0x18A2, 0x18A2, 0x18A2, 0x18A2, 0x18A2, 0x18A2, 0x18C3, 0x2904, 0x2924,
    0x20E3, 0x1882, 0x20C3, 0x2924, 0x20C3, 0x20E3, 0x2924, 0x2944, 0x3145, 0x2944, 0x5268, 0x4207, 0x3165, 0x2923, 0x2103, 0x2103,
    0x2924, 0x2103, 0x18C2, 0x3165, 0x2103, 0x2103, 0x20E3, 0x20E3, 0x18C2, 0x1081, 0x18A2, 0x20C2, 0x1882, 0x20C2, 0x20C2, 0x20C2,
    0x2903, 0x2904, 0x2904, 0x20E4, 0x3146, 0x5ACB, 0x9450, 0xC575, 0xB534, 0xA4D4, 0xA517, 0xAD79, 0xA599, 0xADBA, 0xADBA, 0xB5DA,
    0xAD78, 0x9CD4, 0x736E, 0x7B6D, 0x8B8D, 0x8A28, 0xC207, 0xDB8C, 0xCD54, 0xCE5A, 0xD65A, 0xE67B, 0xEE3A, 0xF5B8, 0xF4F3, 0xDC0F,
    0x94D2, 0x94F2, 0x8CD2, 0x94D2, 0x8CD2, 0x94F2, 0x8CB1, 0x73CF, 0x424A, 0x31A9, 0x31AA, 0x31AA, 0x31AB, 0x31AD, 0x318D, 0x31AE,
    0x39D0, 0x41D1, 0x41F2, 0x41F3, 0x4A14, 0x4A35, 0x4A13, 0x3992, 0x3152, 0x3152, 0x3152, 0x3993, 0x39D2, 0x39D1, 0x39CF, 0x39EE,
    0x4230, 0x39EF, 0x4A50, 0x4A4F, 0x39E9, 0x39C7, 0x3986, 0x2924, 0x3185, 0x2965, 0x2103, 0x2124, 0x3186, 0x2103, 0x2945, 0x39C7,
    0x2945, 0x2965, 0x3186, 0x3166, 0x2945, 0x18A2, 0x2945, 0x3186, 0x2104, 0x2925, 0x4208, 0x2945, 0x2965, 0x2945, 0x2945, 0x20E3,
    0x2124, 0x2104, 0x2104, 0x3186, 0x2104, 0x18C3, 0x10A2, 0x18A3, 0x2924, 0x18C3, 0x1082, 0x18C3, 0x18A3, 0x10A2, 0x1082, 0x10A2,
    0x10A2, 0x1082, 0x10C2, 0x1061, 0x18A2, 0x18A2, 0x18E2, 0x2944, 0x20E3, 0x18E2, 0x20E2, 0x20E3, 0x20E3, 0x20C2, 0x20C3, 0x20E3,
    0x2903, 0x2903, 0x2102, 0x20E2, 0x20C2, 0x20E3, 0x2904, 0x2903, 0x2103, 0x2924, 0x2904, 0x2104, 0x2924, 0x18C3, 0x20C3, 0x20E3,
    0x18C2, 0x20C3, 0x20E3, 0x18A2, 0x20E3, 0x18A2, 0x1082, 0x1082, 0x1082, 0x10A2, 0x1082, 0x1081, 0x1082, 0x18C2, 0x10A2, 0x1061,
    0x1082, 0x10A2, 0x10A2, 0x1082, 0x1081, 0x1081, 0x10A2, 0x18C3, 0x10A2, 0x10A2, 0x1082, 0x1082, 0x1082, 0x10A2, 0x1882, 0x18A2,
    0x18A2, 0x18A2, 0x18C2, 0x20E3, 0x20E3, 0x20C2, 0x20E3, 0x20C2, 0x20E2, 0x3144, 0x3144, 0x2924, 0x20E3, 0x20E3, 0x20C3, 0x20C2,
    0x18A2, 0x18A2, 0x20C2, 0x18C2, 0x18A2, 0x1081, 0x18A2, 0x18A2, 0x1081, 0x1882, 0x18A2, 0x18A2, 0x18A2, 0x18A2, 0x18A2, 0x18A2,
    0x1081, 0x18A2, 0x2903, 0x20C3, 0x20C3, 0x2903, 0x2924, 0x2944, 0x39C6, 0x5268, 0x4A27, 0x41E6, 0x2903, 0x2903, 0x2903, 0x2903,
    0x2903, 0x18A2, 0x3145, 0x2904, 0x20E3, 0x2924, 0x20E3, 0x20C2, 0x18A2, 0x1882, 0x20C2, 0x18A2, 0x18A2, 0x20C2, 0x20C3, 0x20C3,
    0x2903, 0x3144, 0x2924, 0x20E3, 0x2925, 0x630D, 0x6B2D, 0x630C, 0x5A8B, 0x630E, 0x73B1, 0x8454, 0x8475, 0x94B6, 0x9D18, 0xA538,
    0xA578, 0xAD56, 0x83EF, 0x62AA, 0x93AE, 0x9A49, 0xC206, 0xECEE, 0xE635, 0xDEDA, 0xE6FB, 0xE6FA, 0xEEB9, 0xEE17, 0xE513, 0xCBEE,
    0x8491, 0x8CD2, 0x8CD2, 0x8CB1, 0x8CB1, 0x8CD2, 0x94D2, 0x8470, 0x5B2D, 0x2988, 0x2969, 0x298A, 0x31AB, 0x39ED, 0x39CD, 0x39CE,
    0x4210, 0x4211, 0x39D1, 0x39D2, 0x4213, 0x4A34, 0x4212, 0x39B1, 0x3151, 0x3151, 0x3152, 0x3992, 0x39B2, 0x39D1, 0x31CF, 0x3A0F,
    0x39EE, 0x4230, 0x4A50, 0x422E, 0x424B, 0x41E7, 0x3186, 0x3166, 0x2965, 0x2945, 0x20E3, 0x2124, 0x3186, 0x2124, 0x3186, 0x2965,
    0x18C3, 0x2965, 0x3186, 0x3186, 0x2104, 0x20E4, 0x3165, 0x2945, 0x1082, 0x31A6, 0x3166, 0x2925, 0x18E3, 0x2945, 0x2104, 0x18E3,
    0x2104, 0x18E3, 0x2124, 0x2945, 0x18E3, 0x18A2, 0x0841, 0x18E3, 0x2104, 0x18A2, 0x1082, 0x10A2, 0x18C3, 0x1082, 0x1062, 0x1082,
    0x1082, 0x1082, 0x0861, 0x0840, 0x2103, 0x20E3, 0x2923, 0x2924, 0x2903, 0x2903, 0x2903, 0x3103, 0x3103, 0x30E3, 0x3104, 0x3124,
    0x3164, 0x3143, 0x2903, 0x3102, 0x3123, 0x28E2, 0x28E3, 0x20E2, 0x20E2, 0x2924, 0x20E3, 0x2924, 0x2904, 0x2904, 0x20E3, 0x20E3,
    0x18C2, 0x20E3, 0x2103, 0x18C3, 0x20E3, 0x18A2, 0x1082, 0x18A3, 0x18A2, 0x10A2, 0x10A2, 0x10A2, 0x18C2, 0x10A2, 0x10A2, 0x1081,
    0x1082, 0x18A2, 0x10A2, 0x10A2, 0x1082, 0x0861, 0x10A2, 0x10A2, 0x10A2, 0x10A2, 0x1082, 0x1082, 0x1882, 0x1082, 0x18A2, 0x18C2,
    0x20C2, 0x20C2, 0x20E2, 0x20E2, 0x20A2, 0x20C2, 0x28E2, 0x20C2, 0x3144, 0x3144, 0x2903, 0x28E3, 0x28E3, 0x20E3, 0x20C2, 0x20C2,
    0x20C2, 0x20C2, 0x18A2, 0x1881, 0x1881, 0x18C2, 0x20E3, 0x20C2, 0x18C2, 0x18C2, 0x18A2, 0x18A2, 0x1882, 0x18A2, 0x18A2, 0x18A2,
    0x20C2, 0x18A2, 0x20C3, 0x20C2, 0x20E3, 0x2924, 0x3124, 0x39A5, 0x4A27, 0x49E6, 0x62CA, 0x41C6, 0x2903, 0x3124, 0x20E3, 0x28E3,
    0x20C2, 0x2924, 0x3144, 0x20C2, 0x20E3, 0x20E3, 0x20E3, 0x18A2, 0x1881, 0x1882, 0x18A2, 0x18A1, 0x18C2, 0x20E2, 0x2903, 0x20E3,
    0x3144, 0x3145, 0x18C2, 0x2104, 0x18C5, 0x4A4C, 0x4A4C, 0x20E5, 0x18C4, 0x18E4, 0x1905, 0x2967, 0x2988, 0x31E9, 0x426B, 0x426B,
    0x3A09, 0x39E8, 0x39A6, 0x28E3, 0x2061, 0x5841, 0xC226, 0xF5AF, 0xEE94, 0xEF18, 0xF77A, 0xEF79, 0xEF18, 0xE6B6, 0xE634, 0xC4EF,
    0x7C2F, 0x8C91, 0x94D2, 0x8CD2, 0x8491, 0x8CB1, 0x8CD2, 0x8CD1, 0x7C30, 0x4A8B, 0x2147, 0x2989, 0x31CC, 0x39CD, 0x31AD, 0x31AD,
    0x52B2, 0x6B75, 0x73D5, 0x52B3, 0x4A55, 0x4A54, 0x4212, 0x39B1, 0x3171, 0x3151, 0x3171, 0x3191, 0x39D2, 0x39D1, 0x31AF, 0x39CE,
    0x39CE, 0x4230, 0x39EE, 0x4A90, 0x4A6B, 0x4208, 0x39A6, 0x39C7, 0x2945, 0x2924, 0x10A2, 0x2924, 0x3186, 0x2945, 0x2965, 0x2124,
    0x20E4, 0x3186, 0x2945, 0x3186, 0x18E3, 0x3165, 0x3186, 0x18E3, 0x10A2, 0x39A7, 0x2945, 0x2104, 0x2104, 0x2965, 0x18C3, 0x18C3,
    0x20E3, 0x18C3, 0x20E3, 0x2104, 0x20E3, 0x1082, 0x0841, 0x18E3, 0x18E3, 0x1082, 0x1082, 0x10A2, 0x18A2, 0x1082, 0x1062, 0x1082,
    0x1082, 0x1082, 0x0881, 0x18A2, 0x2924, 0x20E2, 0x20E2, 0x28E3, 0x20A2, 0x28C2, 0x30E3, 0x30E2, 0x3903, 0x4104, 0x38E3, 0x38C2,
    0x38E2, 0x3903, 0x3943, 0x3943, 0x3963, 0x3963, 0x3102, 0x2902, 0x2903, 0x20E2, 0x2903, 0x2903, 0x2924, 0x2904, 0x20C3, 0x18A2,
    0x20E3, 0x20E3, 0x18C2, 0x18C2, 0x20E3, 0x18C3, 0x1082, 0x18C3, 0x18A3, 0x18C3, 0x1082, 0x10A2, 0x18C2, 0x10A2, 0x18A2, 0x10A2,
    0x10A2, 0x10A2, 0x18A2, 0x10A2, 0x1082, 0x1081, 0x10A2, 0x10A2, 0x18A2, 0x10A2, 0x1082, 0x1081, 0x1081, 0x18A2, 0x20C2, 0x20C2,
    0x28E2, 0x3103, 0x3102, 0x30E2, 0x3923, 0x3944, 0x3102, 0x28E2, 0x30E2, 0x28C2, 0x30E3, 0x28C2, 0x28C2, 0x28C2, 0x20C2, 0x20A1,
    0x18A2, 0x18A2, 0x18A2, 0x20C2, 0x20C2, 0x20A2, 0x20C2, 0x18A2, 0x18A2, 0x20C2, 0x18A2, 0x20C3, 0x2903, 0x28E3, 0x28E3, 0x28E3,
    0x20E3, 0x2903, 0x20C3, 0x20E3, 0x3144, 0x3144, 0x4A07, 0x41E6, 0x3985, 0x6AEB, 0x730B, 0x3965, 0x2903, 0x2903, 0x28E3, 0x20E3,
    0x2924, 0x3144, 0x20C2, 0x20E3, 0x20E3, 0x20E3, 0x20C3, 0x18A2, 0x20C2, 0x18A2, 0x1881, 0x20C2, 0x20C2, 0x2903, 0x28E3, 0x2904,
    0x3125, 0x2925, 0x18C3, 0x2125, 0x18E7, 0x318B, 0x318B, 0x10A4, 0x0042, 0x0862, 0x18E5, 0x2968, 0x39C9, 0x31C9, 0x31C9, 0x3188,
    0x2967, 0x2146, 0x2105, 0x20A3, 0x1020, 0x6021, 0xDA66, 0xFDAE, 0xFE71, 0xF6F2, 0xF714, 0xFF98, 0xFFBB, 0xF778, 0xE735, 0xD673,
    0x7C0F, 0x8450, 0x8CD2, 0x94D2, 0x8CB1, 0x8491, 0x8491, 0x8CB1, 0x8CB2, 0x73CF, 0x3A2A, 0x2148, 0x318B, 0x31AC, 0x31AC, 0x318C,
    0x4A50, 0x7BF5, 0xAD9A, 0x7BF7, 0x5275, 0x4A74, 0x4212, 0x39B0, 0x3171, 0x3150, 0x3171, 0x3191, 0x39D2, 0x39F1, 0x31AF, 0x318D,
    0x3A0F, 0x31AE, 0x422F, 0x52D1, 0x4A6C, 0x39E7, 0x39C7, 0x39A7, 0x2124, 0x2104, 0x18E3, 0x2945, 0x31A6, 0x2124, 0x2124, 0x2945,
    0x2925, 0x18C3, 0x2945, 0x2965, 0x20E4, 0x2924, 0x2945, 0x20E3, 0x18C3, 0x2104, 0x2924, 0x10A2, 0x2124, 0x2965, 0x1082, 0x18C3,
    0x2104, 0x1082, 0x18E3, 0x2104, 0x10A2, 0x0821, 0x18A3, 0x18E3, 0x18C3, 0x1082, 0x1082, 0x1082, 0x1082, 0x1082, 0x1061, 0x1082,
    0x1082, 0x1082, 0x1081, 0x2904, 0x3124, 0x1881, 0x1881, 0x38E3, 0x59C6, 0x828A, 0xA38D, 0xB40F, 0xC471, 0xC471, 0xC430, 0xABAE,
    0x92EA, 0x6A07, 0x4944, 0x4143, 0x4184, 0x4184, 0x4184, 0x4184, 0x3102, 0x2902, 0x2903, 0x2102, 0x2944, 0x2903, 0x20C3, 0x20C3,
    0x2903, 0x20E3, 0x18C2, 0x20C3, 0x2103, 0x18C3, 0x1082, 0x18C3, 0x18C3, 0x18C2, 0x10A2, 0x10A2, 0x10A2, 0x10A2, 0x1082, 0x0861,
    0x1082, 0x10A2, 0x10A2, 0x10A2, 0x1081, 0x1082, 0x10A2, 0x18A2, 0x18A2, 0x18C2, 0x10A2, 0x18C2, 0x18A2, 0x18A2, 0x20E2, 0x3123,
    0x3964, 0x3964, 0x3963, 0x49C5, 0x51C5, 0x4984, 0x4144, 0x4143, 0x3902, 0x3943, 0x3903, 0x30E3, 0x30E3, 0x28C2, 0x28C2, 0x20C2,
    0x20E2, 0x28E2, 0x20C2, 0x20C2, 0x20C2, 0x20A2, 0x20A2, 0x28E2, 0x20C2, 0x20C2, 0x2903, 0x28E3, 0x20E3, 0x20E3, 0x20E3, 0x20E3,
    0x20E3, 0x20E3, 0x20C2, 0x2924, 0x3144, 0x39A5, 0x4A06, 0x49E6, 0x6B0A, 0x7B4C, 0x62AA, 0x28E3, 0x3144, 0x3144, 0x28E3, 0x2903,
    0x2903, 0x20C2, 0x20C3, 0x20E3, 0x20E3, 0x2903, 0x18A2, 0x1881, 0x18A2, 0x1881, 0x18A2, 0x20C2, 0x20C2, 0x2903, 0x2903, 0x3144,
    0x3186, 0x39C7, 0x1904, 0x10C4, 0x18C8, 0x39CE, 0x318B, 0x10C5, 0x0042, 0x0883, 0x3A0A, 0x6B71, 0x7BD2, 0x7BD2, 0x7BD2, 0x73B2,
    0x6B50, 0x5B0E, 0x526B, 0x2946, 0x1882, 0x7821, 0xE286, 0xF52B, 0xF58C, 0xEDEC, 0xEE4F, 0xEE91, 0xF715, 0xFF76, 0xFF96, 0xE715,
    0x7C0F, 0x7C2F, 0x8470, 0x8CB1, 0x8CD2, 0x8CB1, 0x8491, 0x8C91, 0x94D2, 0x8471, 0x636E, 0x31C9, 0x296A, 0x31AC, 0x318C, 0x318C,
    0x296C, 0x6332, 0x9498, 0x5AF4, 0x4A75, 0x4A53, 0x4211, 0x39B0, 0x3170, 0x2970, 0x3170, 0x31B1, 0x39D2, 0x39F1, 0x318E, 0x31AD,
    0x31CE, 0x39CE, 0x5291, 0x52D0, 0x52CD, 0x39E8, 0x39E7, 0x3165, 0x2103, 0x2104, 0x2104, 0x2124, 0x3186, 0x2945, 0x2124, 0x2965,
    0x18C3, 0x18C3, 0x2124, 0x2124, 0x2924, 0x2124, 0x2104, 0x18E3, 0x2104, 0x2945, 0x2104, 0x0861, 0x2104, 0x2945, 0x18E3, 0x20E3,
    0x18C3, 0x1082, 0x20E3, 0x18C3, 0x1082, 0x0841, 0x18C3, 0x18E3, 0x18A3, 0x1082, 0x1082, 0x1082, 0x1082, 0x1082, 0x1081, 0x18A2,
    0x1861, 0x1041, 0x18A2, 0x3165, 0x2061, 0x30A2, 0x8B0C, 0xD4D2, 0xF534, 0xF574, 0xFD95, 0xFD95, 0xF595, 0xF595, 0xF595, 0xED54,
    0xE513, 0xDCD2, 0xBBEF, 0x82A9, 0x51A5, 0x51A4, 0x5A06, 0x51E5, 0x51C5, 0x3963, 0x28E2, 0x2923, 0x2943, 0x2903, 0x2903, 0x28E3,
    0x2903, 0x2903, 0x18C2, 0x2103, 0x2103, 0x18A2, 0x18A2, 0x18C3, 0x18C2, 0x18A2, 0x1061, 0x18A2, 0x18A2, 0x18C3, 0x10A2, 0x1082,
    0x10A2, 0x18A2, 0x10A2, 0x10A2, 0x1082, 0x10A2, 0x18C2, 0x18C2, 0x18C2, 0x10A2, 0x18C3, 0x18E3, 0x1081, 0x20E2, 0x3143, 0x41A5,
    0x49A5, 0x4163, 0x51E5, 0x5A26, 0x51E6, 0x4984, 0x49A4, 0x4984, 0x49A4, 0x49A5, 0x4164, 0x4164, 0x3943, 0x3103, 0x3123, 0x3102,
    0x28C2, 0x28C2, 0x20C2, 0x28C2, 0x2903, 0x3103, 0x3144, 0x3124, 0x3124, 0x3124, 0x28E3, 0x20E3, 0x20C2, 0x20E3, 0x20A2, 0x20A2,
    0x20C2, 0x20C2, 0x2903, 0x3144, 0x3144, 0x41C6, 0x5227, 0x732B, 0x7B4B, 0x7B4C, 0x5207, 0x3944, 0x3124, 0x3123, 0x2903, 0x20E3,
    0x28E3, 0x28E3, 0x28E3, 0x20C3, 0x2904, 0x20C2, 0x1882, 0x1881, 0x18A2, 0x1881, 0x20C2, 0x18A2, 0x20E3, 0x2904, 0x2944, 0x2924,
    0x31A6, 0x2125, 0x10C3, 0x0883, 0x18C9, 0x39CE, 0x296A, 0x1083, 0x0041, 0x10A3, 0x424B, 0x7BD3, 0x7BF4, 0x7BD4, 0x7BD4, 0x7BF4,
    0x73B3, 0x7391, 0x6B2F, 0x39C8, 0x2062, 0x7840, 0xE304, 0xED07, 0xED28, 0xED8A, 0xEDCC, 0xEDED, 0xE60E, 0xE691, 0xFF96, 0xEF16,
    0x740F, 0x7C2F, 0x7C2F, 0x8470, 0x8CB1, 0x8CB1, 0x8C91, 0x8CB1, 0x8C91, 0x8CB2, 0x8451, 0x52EC, 0x31AA, 0x318B, 0x318C, 0x318C,
    0x31AC, 0x298C, 0x39CE, 0x4232, 0x4233, 0x4233, 0x4211, 0x31B0, 0x3170, 0x3170, 0x3190, 0x39B1, 0x41F2, 0x39F1, 0x296E, 0x31AD,
    0x318D, 0x4250, 0x4A50, 0x4A8F, 0x52AE, 0x4209, 0x39A6, 0x2944, 0x2104, 0x2103, 0x2924, 0x2124, 0x2925, 0x2104, 0x2945, 0x2124,
    0x18A2, 0x2945, 0x2965, 0x2124, 0x18C3, 0x2925, 0x18C3, 0x20E4, 0x2104, 0x2945, 0x20E4, 0x10A2, 0x2965, 0x2945, 0x2104, 0x18A3,
    0x10A2, 0x1082, 0x18C3, 0x1082, 0x10A2, 0x10A2, 0x20E3, 0x10A2, 0x18A2, 0x1082, 0x10A2, 0x1082, 0x1082, 0x1082, 0x1082, 0x18A2,
    0x1881, 0x1861, 0x2903, 0x28A1, 0x61E7, 0xD4D2, 0xF5D6, 0xF574, 0xF553, 0xF533, 0xF553, 0xF553, 0xF553, 0xED73, 0xED53, 0xED53,
    0xED33, 0xE513, 0xE4F2, 0xDCB1, 0xB3AD, 0x6A26, 0x59C5, 0x6226, 0x6246, 0x5A26, 0x41A4, 0x3143, 0x2923, 0x2923, 0x2903, 0x28E3,
    0x2924, 0x2903, 0x18C2, 0x20E3, 0x20E3, 0x1082, 0x20E3, 0x18C3, 0x18C3, 0x18C2, 0x1061, 0x1082, 0x1082, 0x18A2, 0x1082, 0x18C2,
    0x18C3, 0x18A2, 0x18E3, 0x10A2, 0x1082, 0x10A2, 0x18C2, 0x18E3, 0x18C2, 0x10A2, 0x10A2, 0x18C2, 0x20C1, 0x3143, 0x49C5, 0x51E5,
    0x49A4, 0x5A06, 0x6A87, 0x6246, 0x51C5, 0x5184, 0x51C4, 0x59E5, 0x51E5, 0x49A4, 0x49A4, 0x4984, 0x4984, 0x49A4, 0x4184, 0x4184,
    0x3943, 0x3103, 0x3103, 0x3124, 0x3124, 0x3103, 0x3103, 0x28E2, 0x28E3, 0x28E3, 0x20C2, 0x20E2, 0x28E2, 0x20C2, 0x20C2, 0x28E3,
    0x2903, 0x2923, 0x3144, 0x3964, 0x49E6, 0x62A9, 0x6288, 0x5A67, 0x6ACA, 0x5A68, 0x49A5, 0x3123, 0x28E3, 0x28E3, 0x2903, 0x28E3,
    0x28E3, 0x3124, 0x28E3, 0x20C3, 0x20C2, 0x20C2, 0x18A2, 0x18A1, 0x18A2, 0x18C2, 0x20E2, 0x20C2, 0x2924, 0x20E3, 0x2903, 0x3166,
    0x2927, 0x1065, 0x10C5, 0x10E6, 0x214B, 0x31CD, 0x2127, 0x0842, 0x0861, 0x18E3, 0x424B, 0x6B72, 0x7373, 0x6B53, 0x6B53, 0x6B32,
    0x6B31, 0x6B30, 0x5ACE, 0x3188, 0x2021, 0x80A0, 0xE404, 0xF585, 0xED67, 0xEDAA, 0xEDEB, 0xEE2C, 0xE62E, 0xE691, 0xFF76, 0xE694,
    0x7C2F, 0x7C2F, 0x7C2F, 0x7C50, 0x8470, 0x8C91, 0x8CB1, 0x8491, 0x8471, 0x8CB2, 0x94D2, 0x73F0, 0x4A8C, 0x31AB, 0x31AC, 0x31AC,
    0x31AC, 0x39CD, 0x39EF, 0x4212, 0x4232, 0x4233, 0x4210, 0x31B0, 0x3170, 0x3170, 0x3190, 0x39B1, 0x41F2, 0x39D1, 0x298E, 0x296D,
    0x39CE, 0x420F, 0x39EE, 0x4A6F, 0x52AE, 0x4A6B, 0x31A6, 0x2944, 0x2124, 0x2104, 0x2945, 0x2124, 0x2104, 0x2104, 0x2104, 0x2104,
    0x2945, 0x2945, 0x2945, 0x18E3, 0x18C3, 0x2124, 0x18C3, 0x2945, 0x20E4, 0x20E4, 0x2104, 0x2124, 0x2945, 0x3186, 0x2124, 0x18A3,
    0x18C3, 0x10A2, 0x1082, 0x1082, 0x1082, 0x18C3, 0x18E3, 0x1082, 0x1082, 0x10A2, 0x18A3, 0x1061, 0x1082, 0x10A2, 0x18A2, 0x18A2,
    0x1882, 0x20A2, 0x2881, 0x8AEA, 0xF5B5, 0xF595, 0xED53, 0xED53, 0xED53, 0xED33, 0xED33, 0xF553, 0xF553, 0xF573, 0xF594, 0xF5B4,
    0xF594, 0xED73, 0xE533, 0xE4F2, 0xDCD1, 0xBC0E, 0x7267, 0x6205, 0x6A67, 0x6266, 0x6267, 0x51E5, 0x3123, 0x3123, 0x2903, 0x2923,
    0x3124, 0x2903, 0x18C2, 0x2103, 0x20E3, 0x18A2, 0x20E3, 0x18A2, 0x18C3, 0x18A2, 0x1082, 0x18A2, 0x1081, 0x18A2, 0x18A2, 0x18C2,
    0x10A2, 0x10A2, 0x18C3, 0x18A2, 0x10A2, 0x18A2, 0x18C2, 0x2103, 0x18C2, 0x10A2, 0x20E3, 0x20C1, 0x3143, 0x49C5, 0x5205, 0x5A25,
    0x6226, 0x6A87, 0x6A67, 0x6A67, 0x7287, 0x72A8, 0x72A8, 0x6A87, 0x6246, 0x6246, 0x6A67, 0x5A06, 0x5A05, 0x5A05, 0x5A05, 0x51C4,
    0x4984, 0x4164, 0x4144, 0x3944, 0x3123, 0x3103, 0x30E3, 0x3103, 0x3103, 0x28E3, 0x28E3, 0x28E2, 0x28E3, 0x2903, 0x2903, 0x2923,
    0x3123, 0x3144, 0x3964, 0x49E6, 0x5A68, 0x6AE9, 0x5A47, 0x49E5, 0x49E6, 0x5A47, 0x6AA9, 0x28E2, 0x3103, 0x3124, 0x3123, 0x28E2,
    0x3965, 0x3944, 0x2082, 0x20C2, 0x20C3, 0x18A2, 0x1061, 0x18A2, 0x18A2, 0x20E3, 0x20C2, 0x3144, 0x2904, 0x2904, 0x2905, 0x39A9,
    0x292A, 0x20EC, 0x294B, 0x2949, 0x3A0D, 0x31EB, 0x18E5, 0x0800, 0x0862, 0x2125, 0x4A4B, 0x6310, 0x6311, 0x62F1, 0x5AD0, 0x5AD0,
    0x62F0, 0x62EF, 0x528C, 0x3167, 0x3021, 0x9140, 0xED65, 0xF666, 0xEE26, 0xEE47, 0xFECA, 0xF6EC, 0xEEEF, 0xEF33, 0xFF76, 0xD612,
    0x7C2F, 0x7C2F, 0x7C2F, 0x7C0F, 0x7C2F, 0x8491, 0x8CB1, 0x8CB1, 0x8CB2, 0x8CD2, 0x94D2, 0x8CB2, 0x6BB0, 0x426D, 0x31CC, 0x39ED,
    0x39ED, 0x39CD, 0x39EF, 0x4211, 0x4232, 0x4232, 0x3A10, 0x31AF, 0x3190, 0x3190, 0x3191, 0x39D2, 0x39F2, 0x39F1, 0x31AE, 0x298D,
    0x39EE, 0x31AD, 0x39EE, 0x4A70, 0x52CF, 0x4A4B, 0x31A6, 0x2964, 0x2124, 0x2945, 0x2945, 0x2124, 0x18E3, 0x18C3, 0x18C3, 0x2945,
    0x3186, 0x18E3, 0x18E3, 0x18C3, 0x2945, 0x18E3, 0x2104, 0x3165, 0x1082, 0x20E4, 0x2945, 0x2104, 0x2124, 0x2924, 0x20E3, 0x18E3,
    0x18E3, 0x10A2, 0x1082, 0x1082, 0x18C3, 0x10A2, 0x18C3, 0x1082, 0x10A2, 0x20E3, 0x1082, 0x10A2, 0x18A2, 0x18A2, 0x18A2, 0x20A2,
    0x20A2, 0x2081, 0x8B0B, 0xF5B5, 0xF554, 0xED53, 0xED53, 0xF552, 0xED32, 0xED12, 0xE4D1, 0xDC90, 0xD44F, 0xD48F, 0xDCD0, 0xE511,
    0xED53, 0xF573, 0xED73, 0xED53, 0xE4F2, 0xDCD1, 0xBC2F, 0x8288, 0x6A46, 0x6A67, 0x7287, 0x6267, 0x49A5, 0x3944, 0x3103, 0x3944,
    0x3124, 0x2903, 0x20C2, 0x2903, 0x20E3, 0x20E3, 0x20E3, 0x18A2, 0x20E3, 0x18A2, 0x18A2, 0x18A2, 0x18A2, 0x18C2, 0x18A2, 0x18C2,
    0x18C2, 0x18C3, 0x18C3, 0x10A2, 0x18A2, 0x18C3, 0x18A2, 0x2103, 0x18C2, 0x2103, 0x2103, 0x28E1, 0x5206, 0x6A67, 0x7287, 0x7287,
    0x72A8, 0x7287, 0x7AA8, 0x7AA8, 0x82E9, 0x8309, 0x7AC8, 0x6A66, 0x72C8, 0x7AC8, 0x6A67, 0x6226, 0x6225, 0x59E5, 0x51C4, 0x51A4,
    0x4984, 0x4164, 0x4164, 0x3923, 0x3944, 0x3944, 0x3924, 0x3103, 0x28E3, 0x3103, 0x3103, 0x2903, 0x2903, 0x3123, 0x3123, 0x3123,
    0x3123, 0x3984, 0x49E6, 0x5206, 0x5A47, 0x6288, 0x49C5, 0x5206, 0x5A67, 0x8BED, 0x6AA9, 0x28E2, 0x3944, 0x3944, 0x3103, 0x41A5,
    0x41C6, 0x20C2, 0x20A2, 0x20A2, 0x20C2, 0x1881, 0x1881, 0x18A2, 0x20C2, 0x20E3, 0x3144, 0x3165, 0x2904, 0x3985, 0x5229, 0x62CD,
    0x4A0F, 0x318F, 0x41CF, 0x39AC, 0x4A4C, 0x31EA, 0x18C3, 0x0800, 0x0862, 0x2105, 0x422B, 0x4A6D, 0x52AE, 0x528E, 0x528E, 0x528E,
    0x528E, 0x528D, 0x420A, 0x3187, 0x40A2, 0xA221, 0xF666, 0xF726, 0xEEC4, 0xEE85, 0xFF2A, 0xF76E, 0xEF91, 0xEF73, 0xFF95, 0xD5F1,
    0x7C2F, 0x7C2F, 0x7C2F, 0x740F, 0x7C2F, 0x8491, 0x8CD2, 0x94D2, 0x8CD2, 0x8CD2, 0x8CD2, 0x94D2, 0x8C92, 0x6B90, 0x424D, 0x52AF,
    0x6B73, 0x7BD5, 0x4A50, 0x4A52, 0x4A53, 0x4A52, 0x4211, 0x31CF, 0x31B0, 0x31B1, 0x31B1, 0x39F2, 0x4213, 0x4232, 0x39CF, 0x39EF,
    0x31CE, 0x31AE, 0x39EE, 0x4A70, 0x5AF0, 0x4A4B, 0x31A6, 0x2964, 0x2965, 0x2945, 0x2124, 0x2925, 0x18C3, 0x0861, 0x2925, 0x31A6,
    0x2124, 0x18A2, 0x10A2, 0x2124, 0x2925, 0x10A2, 0x2104, 0x20E3, 0x1061, 0x2945, 0x2124, 0x2925, 0x2925, 0x18E3, 0x18C3, 0x18E3,
    0x20E3, 0x1082, 0x10A2, 0x18C3, 0x18E3, 0x0861, 0x18E3, 0x1082, 0x18E3, 0x1082, 0x10A2, 0x18C2, 0x18C2, 0x18A2, 0x20A2, 0x20E2,
    0x2061, 0x82AA, 0xF5B5, 0xED33, 0xED13, 0xED32, 0xECF1, 0xECF1, 0xDC8F, 0xC3AC, 0xA2C9, 0x9247, 0x8A27, 0x8A47, 0x9267, 0x9AA8,
    0xAB2A, 0xBBCC, 0xD48F, 0xE512, 0xED32, 0xE4F2, 0xD4B1, 0xB3ED, 0x7A67, 0x7AA8, 0x7AC8, 0x72A8, 0x6A88, 0x49A5, 0x4164, 0x3944,
    0x3124, 0x20E3, 0x20E3, 0x2924, 0x20E3, 0x2103, 0x20E3, 0x18A2, 0x20C3, 0x18A2, 0x18A2, 0x18A2, 0x18A2, 0x20E3, 0x18C2, 0x18C2,
    0x18C3, 0x18C3, 0x18C3, 0x1082, 0x18A2, 0x18A2, 0x18C2, 0x2103, 0x20E2, 0x2923, 0x28E2, 0x51E5, 0x72A8, 0x7AA8, 0x7287, 0x7AC7,
    0x7AC7, 0x7AC8, 0x8309, 0x8B29, 0x8B29, 0x8329, 0x8309, 0x8308, 0x8329, 0x7AC8, 0x7AC8, 0x7287, 0x7287, 0x6A87, 0x6225, 0x59E4,
    0x51C4, 0x51A4, 0x4985, 0x4984, 0x3944, 0x3103, 0x3103, 0x3123, 0x3103, 0x30E3, 0x3103, 0x3103, 0x3944, 0x3964, 0x3123, 0x3944,
    0x3964, 0x49C5, 0x49C5, 0x5226, 0x6288, 0x49C5, 0x6268, 0x730A, 0x7B2B, 0x6288, 0x5A47, 0x3944, 0x3123, 0x28E2, 0x3124, 0x3964,
    0x20A2, 0x20A2, 0x20C2, 0x20C3, 0x20A2, 0x18A2, 0x1881, 0x20A2, 0x20C2, 0x2923, 0x3985, 0x3144, 0x3964, 0x5206, 0x838B, 0x83CE,
    0x526E, 0x39EE, 0x4A2F, 0x41EC, 0x422B, 0x39E9, 0x2104, 0x1041, 0x0862, 0x18C4, 0x2967, 0x3189, 0x31AA, 0x39CA, 0x39CA, 0x39EA,
    0x39EA, 0x4209, 0x31A7, 0x2925, 0x50E2, 0xAAC1, 0xFEA6, 0xFF64, 0xF6E3, 0xEEA5, 0xF6C9, 0xF70C, 0xF74F, 0xFF92, 0xFF94, 0xE692,
    0x7C2F, 0x7C0F, 0x7C2F, 0x7C2F, 0x7C2F, 0x8470, 0x8CB1, 0x94D2, 0x94D2, 0x94D2, 0x8CB2, 0x8CD2, 0x8CD3, 0x8471, 0x5B2F, 0x52CF,
    0x8C76, 0x9D19, 0x6B74, 0x4A72, 0x5273, 0x4A72, 0x4231, 0x31CF, 0x31B0, 0x39D1, 0x39F2, 0x4213, 0x4233, 0x4A52, 0x3A10, 0x39CE,
    0x31AE, 0x39EE, 0x3A0F, 0x4A70, 0x5AF0, 0x4A4B, 0x31A6, 0x2965, 0x2124, 0x2944, 0x31A6, 0x2104, 0x10A2, 0x18E3, 0x31A6, 0x2104,
    0x18E3, 0x1082, 0x2104, 0x2104, 0x2104, 0x18A3, 0x2945, 0x18C3, 0x18C3, 0x2965, 0x20E3, 0x2965, 0x18C3, 0x2104, 0x20E3, 0x10A2,
    0x18A3, 0x18C3, 0x18A3, 0x18C3, 0x1082, 0x18A3, 0x18C3, 0x10A2, 0x10A2, 0x1061, 0x18C2, 0x18C2, 0x18A2, 0x20A2, 0x28C2, 0x28A1,
    0x61C6, 0xED54, 0xED53, 0xE512, 0xE4F2, 0xE4D1, 0xDC8F, 0xC3CC, 0xA2A8, 0x8A26, 0x9247, 0x9248, 0x9268, 0x9288, 0x9268, 0x8A68,
    0x8A88, 0x9288, 0x9AC9, 0xB36B, 0xD48F, 0xE511, 0xD4B0, 0xC46F, 0x932A, 0x7246, 0x7AC7, 0x7AE8, 0x7AE9, 0x6247, 0x41A5, 0x3123,
    0x3144, 0x20E3, 0x20E3, 0x20E3, 0x20E3, 0x2924, 0x20E3, 0x18C2, 0x18A2, 0x18A2, 0x18A2, 0x18A2, 0x18A2, 0x20E3, 0x18C2, 0x20E3,
    0x18C3, 0x20E3, 0x18C3, 0x1082, 0x18C3, 0x18C3, 0x20E3, 0x2103, 0x2923, 0x3944, 0x41A5, 0x72C9, 0x7AC8, 0x8AE9, 0x8308, 0x8B49,
    0x936A, 0x936A, 0x938A, 0x9BAB, 0x938A, 0x936A, 0x936A, 0x938A, 0x8B29, 0x8308, 0x8B09, 0x82C8, 0x7AC8, 0x7287, 0x6A46, 0x6226,
    0x5A05, 0x59E5, 0x51C5, 0x4984, 0x4144, 0x3923, 0x3943, 0x3102, 0x3103, 0x3923, 0x3943, 0x4164, 0x4184, 0x41A4, 0x4184, 0x4185,
    0x4164, 0x41A4, 0x5206, 0x6267, 0x51E6, 0x5206, 0x6AA9, 0x6AA9, 0x7B4B, 0x7B6C, 0x62A9, 0x20A1, 0x28E2, 0x3123, 0x3944, 0x28C2,
    0x20A2, 0x20C2, 0x20C2, 0x20C3, 0x1882, 0x1861, 0x18A2, 0x20E3, 0x2903, 0x3985, 0x3964, 0x3985, 0x41A5, 0x6AE8, 0x9C2B, 0x8BCC,
    0x62CF, 0x4A2E, 0x5AAF, 0x422C, 0x39EB, 0x3A0A, 0x2945, 0x1881, 0x18C3, 0x2124, 0x18E4, 0x1083, 0x0863, 0x10A3, 0x18E4, 0x20E4,
    0x18E4, 0x2124, 0x2123, 0x2903, 0x40A1, 0xA323, 0xF665, 0xF683, 0xEE23, 0xE583, 0xEDA5, 0xF5E7, 0xEE29, 0xEEAB, 0xFF70, 0xEEF2,
    0x7C2F, 0x7C2F, 0x7C2F, 0x7C2F, 0x7C2F, 0x7C2F, 0x8CB1, 0x94F3, 0x94F3, 0x94D2, 0x8CD2, 0x8CD2, 0x8CD3, 0x8CD2, 0x7411, 0x52EF,
    0x6371, 0x8436, 0x6333, 0x5293, 0x5AD4, 0x5AF4, 0x4A72, 0x39EF, 0x39F0, 0x39F1, 0x4233, 0x4233, 0x4A53, 0x52B4, 0x4210, 0x212C,
    0x298D, 0x39EE, 0x39EE, 0x4250, 0x52CF, 0x4A4A, 0x39C7, 0x2965, 0x2924, 0x2124, 0x39A6, 0x2124, 0x18C3, 0x2124, 0x3166, 0x18C3,
    0x18C3, 0x18A2, 0x2925, 0x18E3, 0x18E3, 0x2104, 0x3165, 0x18A2, 0x18C3, 0x2124, 0x2104, 0x2945, 0x18C3, 0x20E4, 0x10A2, 0x18A2,
    0x2124, 0x18E3, 0x18C3, 0x1082, 0x1062, 0x18C3, 0x10A2, 0x10A2, 0x10A2, 0x10A2, 0x18C2, 0x18C2, 0x1881, 0x28C2, 0x28E2, 0x4123,
    0xC450, 0xED53, 0xED12, 0xE4D1, 0xDC70, 0xDC4F, 0xB32B, 0x8A06, 0x9226, 0x9A88, 0x9AA9, 0x9ACA, 0x9AE9, 0x9AE9, 0x9AC9, 0x9AE9,
    0x9AE9, 0x9AC9, 0x92A9, 0x92A8, 0x9AE9, 0xBBCC, 0xD48F, 0xCC6F, 0xB40D, 0x8AC8, 0x7A86, 0x82C7, 0x82E8, 0x6A87, 0x51C5, 0x4184,
    0x3123, 0x2903, 0x2903, 0x20C2, 0x2903, 0x2944, 0x20E3, 0x20E3, 0x18A2, 0x18A2, 0x18A2, 0x18A2, 0x18C2, 0x20E3, 0x20C2, 0x20E3,
    0x20C3, 0x20E3, 0x18C2, 0x18A2, 0x20E3, 0x18A2, 0x18C3, 0x2924, 0x3984, 0x41A5, 0x6267, 0x8329, 0x8309, 0x934A, 0x9B8A, 0xA3CB,
    0xA3EB, 0x9BAB, 0x9BAB, 0x9BAB, 0x9B8A, 0x936A, 0x9B8B, 0x9B8A, 0x9B8B, 0x9B8A, 0x936A, 0x8B29, 0x8B29, 0x82E8, 0x7AA8, 0x7287,
    0x6A46, 0x61E5, 0x59E5, 0x51C5, 0x4985, 0x4984, 0x4984, 0x4143, 0x4164, 0x4164, 0x4184, 0x49A4, 0x4164, 0x4164, 0x4164, 0x4164,
    0x4984, 0x51E5, 0x49C5, 0x49A5, 0x4984, 0x6247, 0x6288, 0x72EA, 0x72EA, 0x6268, 0x3964, 0x3123, 0x3123, 0x3944, 0x3103, 0x28C2,
    0x20C2, 0x28E2, 0x20C2, 0x1881, 0x1861, 0x1861, 0x20A2, 0x2924, 0x3144, 0x3965, 0x41A5, 0x49E6, 0x5A47, 0x7B29, 0x72E7, 0x7B2C,
    0x62B1, 0x41EF, 0x52AF, 0x422D, 0x318B, 0x31A9, 0x3185, 0x2903, 0x2103, 0x39C6, 0x2964, 0x10A2, 0x0840, 0x1081, 0x2102, 0x18C1,
    0x18A1, 0x18A1, 0x2923, 0x3984, 0x4943, 0x8AA5, 0xEDCA, 0xFE69, 0xED87, 0xE4A6, 0xE486, 0xECC6, 0xE4E6, 0xE5C7, 0xEEEB, 0xE6AE,
    0x7C0F, 0x7C2F, 0x7C50, 0x7C2F, 0x7C2F, 0x7C2F, 0x8450, 0x94D2, 0x9513, 0x94F3, 0x94D2, 0x94F3, 0x94F3, 0x94F3, 0x8CB3, 0x6BB1,
    0x4A8E, 0x424F, 0x4A71, 0x5AF5, 0x6356, 0x6B56, 0x52D3, 0x4230, 0x39F1, 0x3A11, 0x4232, 0x4253, 0x4A53, 0x52D4, 0x39F0, 0x190B,
    0x294C, 0x31AD, 0x31CE, 0x3A0E, 0x4A8F, 0x4A6B, 0x39C7, 0x3185, 0x2965, 0x2945, 0x3165, 0x20E4, 0x2104, 0x2965, 0x3165, 0x10A2,
    0x10A2, 0x2924, 0x2945, 0x10A2, 0x18E3, 0x31A6, 0x18E3, 0x1062, 0x18C3, 0x18E3, 0x2124, 0x2945, 0x18C3, 0x10A2, 0x1082, 0x2104,
    0x2945, 0x18C3, 0x18C3, 0x0861, 0x10A2, 0x10A2, 0x10A2, 0x10A2, 0x18A2, 0x18C2, 0x20C2, 0x18A2, 0x20A2, 0x3103, 0x3902, 0x82C9,
    0xED54, 0xE4F2, 0xE4F1, 0xDC4F, 0xDC4F, 0xBB4B, 0x8A06, 0x9247, 0x9A88, 0x9A89, 0xA2EA, 0xA32B, 0xA32A, 0xA32A, 0xA32A, 0xA32A,
    0x9B0A, 0x9AC9, 0x92A8, 0x9288, 0x8A67, 0x8A67, 0xBBCD, 0xCC8F, 0xBC4E, 0xA36A, 0x82A7, 0x82C7, 0x7AC7, 0x72A7, 0x6247, 0x51E6,
    0x3123, 0x3964, 0x2903, 0x2903, 0x2923, 0x3144, 0x20E3, 0x20C2, 0x18A2, 0x18A2, 0x18A2, 0x20C2, 0x20C3, 0x20C2, 0x20C3, 0x20E3,
    0x20C2, 0x20E3, 0x18C2, 0x18C2, 0x20E3, 0x18A2, 0x20E3, 0x2944, 0x41A5, 0x51E6, 0x72E8, 0x8B4A, 0x9BCC, 0x9BCB, 0xA3EB, 0xAC2C,
    0xA40C, 0xA3CB, 0xA3AB, 0x9349, 0x9349, 0xA3AB, 0xA3CB, 0xA3CC, 0xA3AB, 0x9BAB, 0x9B6A, 0x9349, 0x934A, 0x8B49, 0x8B08, 0x7AC7,
    0x7287, 0x72A7, 0x6A67, 0x59E6, 0x59E6, 0x51E5, 0x49A4, 0x51C4, 0x4984, 0x51E5, 0x5206, 0x4184, 0x4184, 0x49C5, 0x49C5, 0x51C5,
    0x49A5, 0x49C5, 0x49A5, 0x49C5, 0x6247, 0x6288, 0x6AA9, 0x7B0A, 0x6AA9, 0x49C5, 0x4184, 0x3102, 0x3964, 0x41A5, 0x28E2, 0x20C2,
    0x3103, 0x28E3, 0x20A2, 0x1881, 0x1861, 0x20A2, 0x2924, 0x2904, 0x3965, 0x3124, 0x3964, 0x49E6, 0x7B2A, 0x72E8, 0x6287, 0x628B,
    0x4A10, 0x41F0, 0x424D, 0x39CC, 0x296C, 0x2988, 0x2965, 0x2903, 0x2923, 0x41E6, 0x3185, 0x18A2, 0x1061, 0x1080, 0x2102, 0x2903,
    0x20E2, 0x28E3, 0x3985, 0x41E5, 0x4984, 0x61E6, 0x92E7, 0xC3E9, 0xD448, 0xE448, 0xE3E6, 0xE406, 0xE446, 0xECE7, 0xF60A, 0xEE4C,
    0x6BAD, 0x7C50, 0x7C50, 0x7C50, 0x7C50, 0x7C2F, 0x7C2F, 0x8470, 0x94D2, 0x94F3, 0x8CD2, 0x94D2, 0x94D3, 0x8CD3, 0x94D3, 0x8452,
    0x6B91, 0x5AD1, 0x5B13, 0x5B14, 0x6335, 0x6335, 0x5AF3, 0x4230, 0x3A11, 0x4232, 0x4232, 0x4233, 0x4A74, 0x52B4, 0x39F0, 0x18EA,
    0x212B, 0x296C, 0x318D, 0x39EE, 0x424E, 0x422B, 0x39E7, 0x31A5, 0x3185, 0x2924, 0x2924, 0x2124, 0x2945, 0x3165, 0x2924, 0x10A2,
    0x18A3, 0x2924, 0x20E3, 0x18C3, 0x3165, 0x3186, 0x10A2, 0x18C3, 0x2945, 0x1082, 0x18E3, 0x2104, 0x10A2, 0x1082, 0x18C3, 0x2945,
    0x2104, 0x18C3, 0x1082, 0x1082, 0x1082, 0x10A2, 0x10A2, 0x10A2, 0x18A2, 0x20E3, 0x20E3, 0x20A1, 0x3102, 0x4143, 0x5184, 0xBC4F,
    0xED33, 0xE4D1, 0xDC6F, 0xDC2E, 0xC3AC, 0x9227, 0x9247, 0xA2A9, 0xA2C9, 0xA2EA, 0xA30A, 0xA32B, 0xA34B, 0xA34A, 0xA32A, 0x9B0A,
    0x92A9, 0x8226, 0x71C5, 0x6984, 0x69A4, 0x71A4, 0x9287, 0xC46E, 0xC46E, 0xA3AB, 0x8B08, 0x82E7, 0x7AC7, 0x7AC8, 0x6A87, 0x5A06,
    0x3123, 0x4185, 0x2902, 0x3123, 0x3144, 0x3124, 0x20E3, 0x20C2, 0x18A2, 0x20C2, 0x1882, 0x20E3, 0x20E3, 0x20C3, 0x20E3, 0x20C3,
    0x2103, 0x2103, 0x20E3, 0x20C3, 0x20E3, 0x20C2, 0x2923, 0x39A5, 0x4A06, 0x6267, 0x8B4A, 0x9BCC, 0xA40C, 0xAC2C, 0xAC2C, 0xAC2C,
    0xAC0C, 0xABEC, 0xABEB, 0x9B8A, 0xA3AB, 0xAC0C, 0xB40C, 0xB42C, 0xAC0C, 0xA3CB, 0xA3AB, 0x9B6A, 0x936A, 0x9349, 0x9349, 0x8B29,
    0x8308, 0x7AA7, 0x6A47, 0x6A47, 0x6A67, 0x6247, 0x59E5, 0x51C4, 0x51C4, 0x51E5, 0x49C5, 0x4984, 0x51E6, 0x51E5, 0x51C5, 0x51E6,
    0x51C5, 0x4984, 0x5206, 0x5A27, 0x5206, 0x6268, 0x7B2B, 0x6AA9, 0x51C6, 0x49C5, 0x4184, 0x3123, 0x41C5, 0x3964, 0x3103, 0x3103,
    0x3103, 0x28C2, 0x1881, 0x1881, 0x28E3, 0x28E3, 0x28E3, 0x3965, 0x2903, 0x3123, 0x3964, 0x5206, 0x5A26, 0x51E5, 0x49E5, 0x4A0A,
    0x41F1, 0x41F1, 0x3A0C, 0x31AC, 0x294B, 0x2968, 0x3165, 0x2903, 0x3144, 0x39C6, 0x3144, 0x20C2, 0x1040, 0x1061, 0x1881, 0x18A2,
    0x20C3, 0x20E3, 0x3144, 0x3163, 0x2944, 0x5249, 0x51E8, 0x4103, 0x4901, 0x6162, 0x79A3, 0x81C3, 0x9A24, 0xAAE6, 0xBBE8, 0xB42A,
    0x5B2B, 0x7C2F, 0x7C50, 0x7C50, 0x7C50, 0x7C50, 0x7C2F, 0x7C2F, 0x8471, 0x8CD2, 0x8CB2, 0x8CB2, 0x8C92, 0x8C92, 0x8CD2, 0x8CB3,
    0x8473, 0x8435, 0x94D8, 0x9CF9, 0x6353, 0x5B14, 0x5AF3, 0x4250, 0x4231, 0x4A52, 0x4A52, 0x4A53, 0x5294, 0x5AD5, 0x3A10, 0x190A,
    0x212B, 0x294C, 0x31AD, 0x420E, 0x422E, 0x420B, 0x39E7, 0x31A6, 0x3186, 0x2965, 0x2945, 0x3186, 0x3166, 0x39A6, 0x2945, 0x20E3,
    0x18C3, 0x2965, 0x20E4, 0x2945, 0x3186, 0x2104, 0x18E3, 0x2104, 0x2104, 0x1082, 0x10A2, 0x18C3, 0x18E3, 0x2104, 0x18C3, 0x18E3,
    0x2924, 0x2104, 0x1082, 0x1082, 0x18A2, 0x18A3, 0x18A2, 0x10A2, 0x18C2, 0x2903, 0x28E3, 0x20C1, 0x4163, 0x51A4, 0x6A46, 0xDD12,
    0xE4D1, 0xE490, 0xD42E, 0xCBED, 0xA288, 0x9227, 0xA288, 0xA2CA, 0xAB0A, 0xAB2B, 0xAB2B, 0xA30B, 0xA34B, 0xA34A, 0x9B09, 0x92A8,
    0x8226, 0x71C5, 0x71A4, 0x71C5, 0x71E5, 0x71C4, 0x7A05, 0xBC0D, 0xC44E, 0xABCC, 0x9329, 0x8B08, 0x8308, 0x7AC8, 0x72A7, 0x6226,
    0x4984, 0x49A5, 0x3123, 0x3143, 0x3964, 0x2903, 0x20C2, 0x20C2, 0x20A2, 0x20C3, 0x18A2, 0x2903, 0x20E3, 0x20C3, 0x20E3, 0x20E3,
    0x2103, 0x2103, 0x2103, 0x2103, 0x20E3, 0x20E2, 0x3144, 0x5206, 0x5206, 0x7AC8, 0xA3EC, 0xAC2D, 0xAC2D, 0xB44D, 0xB44D, 0xB42C,
    0xB44D, 0xB42D, 0xABEB, 0xAC0C, 0xABEB, 0xB40C, 0xB40C, 0xB42C, 0xB40C, 0xABEC, 0xABCB, 0xA3AB, 0x9BAB, 0x938A, 0x938A, 0x9B8A,
    0x8B28, 0x82E8, 0x8309, 0x7AC9, 0x7287, 0x6A46, 0x6A67, 0x6266, 0x6246, 0x6267, 0x6247, 0x6247, 0x6227, 0x5A06, 0x5A27, 0x5A27,
    0x5A07, 0x6248, 0x51E6, 0x49C5, 0x6248, 0x72EA, 0x6288, 0x4985, 0x4164, 0x72EA, 0x49A5, 0x3123, 0x3123, 0x2903, 0x28C2, 0x28E2,
    0x28E3, 0x20A2, 0x1861, 0x20A2, 0x20C2, 0x20A2, 0x3145, 0x3985, 0x3985, 0x49C6, 0x5206, 0x5206, 0x49A5, 0x4985, 0x4164, 0x3989,
    0x39F1, 0x31CF, 0x298A, 0x296C, 0x292B, 0x2106, 0x20E3, 0x20C3, 0x2924, 0x39A5, 0x2904, 0x20A2, 0x1061, 0x1041, 0x1881, 0x1061,
    0x18A2, 0x18A2, 0x18C2, 0x18A1, 0x2103, 0x52AA, 0x630C, 0x3185, 0x18A0, 0x1881, 0x28A2, 0x2882, 0x2861, 0x30C2, 0x3923, 0x20C1,
    0x4268, 0x6B8D, 0x7C2F, 0x7C50, 0x7C50, 0x7C2F, 0x7C2F, 0x7C0F, 0x7C30, 0x8471, 0x8C92, 0x8C92, 0x8491, 0x8491, 0x8CB2, 0x8CB2,
    0x8492, 0x9D37, 0xB5FB, 0xCEBE, 0x9518, 0x6353, 0x5B13, 0x4250, 0x4251, 0x4A53, 0x4A53, 0x4A73, 0x52B4, 0x5AF5, 0x4231, 0x18EA,
    0x190A, 0x214B, 0x31AD, 0x420E, 0x420D, 0x39EB, 0x39E8, 0x39C7, 0x39C7, 0x3165, 0x3186, 0x31A6, 0x3186, 0x39C7, 0x2104, 0x18C3,
    0x2965, 0x2945, 0x2925, 0x3166, 0x2104, 0x18C3, 0x2104, 0x2104, 0x18C3, 0x18A3, 0x18C3, 0x18E3, 0x2124, 0x18C3, 0x1062, 0x2104,
    0x2945, 0x20E3, 0x1082, 0x18A3, 0x18C3, 0x18A2, 0x18A2, 0x18C2, 0x20E2, 0x3123, 0x28E2, 0x3102, 0x51C5, 0x59C4, 0x8B09, 0xDD12,
    0xDC70, 0xD42E, 0xCBED, 0xBB2B, 0x9207, 0x9A68, 0xA2A9, 0xAB0A, 0xB34C, 0xB36C, 0xAB4B, 0xA32B, 0xA34B, 0xA32A, 0x92C9, 0x8A87,
    0x8A67, 0x8A67, 0x8A67, 0x8A87, 0x8267, 0x7A26, 0x8226, 0xB3EC, 0xBC2D, 0xABCB, 0x9349, 0x9349, 0x8B29, 0x82E8, 0x7AC7, 0x6225,
    0x5A06, 0x49A4, 0x3963, 0x3123, 0x3144, 0x2903, 0x20C2, 0x20A2, 0x20C2, 0x18A2, 0x20C2, 0x2924, 0x28E3, 0x20E3, 0x20E3, 0x2904,
    0x20E3, 0x2903, 0x2903, 0x2904, 0x2903, 0x20E2, 0x41A5, 0x6288, 0x6AA8, 0x9BCC, 0xB44D, 0xAC2C, 0xB44D, 0xBC6D, 0xB44D, 0xB44D,
    0xBC4D, 0xB42D, 0xB44D, 0xB42C, 0xAC0C, 0xAC0B, 0xB40B, 0xB42C, 0xB42C, 0xB42C, 0xABEB, 0xABEC, 0xABEC, 0xA3CB, 0x9BAA, 0x9B6A,
    0x9349, 0x8B08, 0x8B29, 0x8309, 0x72A7, 0x7AC9, 0x8309, 0x6A87, 0x6A67, 0x5A26, 0x6226, 0x6226, 0x6227, 0x6247, 0x6247, 0x5A27,
    0x5A07, 0x51E6, 0x49C5, 0x6268, 0x6288, 0x5206, 0x4164, 0x4184, 0x6AA9, 0x6268, 0x3923, 0x3103, 0x28E2, 0x20A1, 0x3964, 0x3124,
    0x20A1, 0x20A2, 0x20A2, 0x28E3, 0x20C3, 0x2904, 0x3986, 0x3986, 0x5A69, 0x6AEB, 0x730B, 0x6289, 0x6248, 0x5A28, 0x5207, 0x4A0B,
    0x41F0, 0x39EE, 0x31AB, 0x318C, 0x294A, 0x2105, 0x20C3, 0x20C3, 0x2904, 0x3165, 0x2924, 0x20C2, 0x1861, 0x1061, 0x1881, 0x1881,
    0x1061, 0x1061, 0x1081, 0x1081, 0x18C3, 0x632D, 0x8C52, 0x5AEB, 0x3185, 0x18C2, 0x20E2, 0x20E2, 0x18C2, 0x2104, 0x2124, 0x10A2,
    0x29C6, 0x4AA9, 0x73EE, 0x7C50, 0x7C2F, 0x740F, 0x740F, 0x740F, 0x740F, 0x7C30, 0x8471, 0x8CB2, 0x8491, 0x8491, 0x8491, 0x8491,
    0x8471, 0x8CD3, 0xC69B, 0xCEFD, 0xD73E, 0x9518, 0x6354, 0x4A91, 0x4231, 0x4A53, 0x4A73, 0x4A73, 0x52B5, 0x5AF5, 0x4231, 0x18EA,
    0x190A, 0x214B, 0x31CD, 0x39CD, 0x31AC, 0x39EB, 0x4229, 0x4208, 0x31A6, 0x2965, 0x31A6, 0x2945, 0x3166, 0x2945, 0x18E3, 0x2124,
    0x2945, 0x2945, 0x18E3, 0x2965, 0x2104, 0x2104, 0x2945, 0x2124, 0x2924, 0x18E3, 0x10A2, 0x2104, 0x2104, 0x18A3, 0x18A3, 0x2124,
    0x2925, 0x20E3, 0x10A2, 0x20E3, 0x18C2, 0x18A2, 0x18A2, 0x18C2, 0x2923, 0x3143, 0x3102, 0x49A4, 0x6205, 0x6A26, 0x9B6B, 0xDCB0,
    0xD42E, 0xCBCD, 0xC3AC, 0xA268, 0x9207, 0x9A68, 0xAAEA, 0xBB6C, 0xBBAD, 0xBBAC, 0xAB6B, 0xA32B, 0xA34A, 0x9B09, 0x92C9, 0x92C8,
    0x9B09, 0x9B2A, 0x9B0A, 0x92E9, 0x8AA8, 0x79E5, 0x8A88, 0xB3EC, 0xB3EC, 0xA3AA, 0x9B8A, 0x9B8A, 0x9349, 0x82E8, 0x7AC7, 0x6225,
    0x6266, 0x49A4, 0x49A4, 0x3923, 0x3944, 0x28E3, 0x20E3, 0x20C2, 0x20C3, 0x18A2, 0x2903, 0x2924, 0x20E3, 0x2924, 0x2903, 0x2903,
    0x2903, 0x20E3, 0x20E3, 0x2904, 0x2903, 0x2903, 0x5227, 0x6AA8, 0x7B29, 0xAC4E, 0xAC2D, 0xAC2C, 0xBC6D, 0xBC6E, 0xBC4D, 0xBC6D,
    0xBC4D, 0xBC4D, 0xB44D, 0xB42C, 0xB42C, 0xB40C, 0xB42C, 0xB42C, 0xB44D, 0xB44C, 0xB42C, 0xB40C, 0xB42C, 0xAC0B, 0xA3CB, 0x9B8A,
    0x9349, 0x9349, 0x934A, 0x8B29, 0x8B4A, 0x8329, 0x72A8, 0x6A67, 0x6A67, 0x6A47, 0x72A8, 0x72A8, 0x72C9, 0x6A88, 0x6247, 0x5A26,
    0x49C5, 0x49A5, 0x49C5, 0x51E6, 0x49A5, 0x4164, 0x4184, 0x5A48, 0x6268, 0x5207, 0x4165, 0x3944, 0x4185, 0x5207, 0x41A5, 0x28C2,
    0x20A2, 0x20A2, 0x3104, 0x20C3, 0x3145, 0x3986, 0x3986, 0x5A69, 0x734C, 0x838E, 0x836D, 0x836D, 0x838D, 0x7B6D, 0x7B6D, 0x6AEE,
    0x5270, 0x5290, 0x4A8E, 0x39ED, 0x318A, 0x39C7, 0x3164, 0x3165, 0x41E7, 0x41E7, 0x3985, 0x3144, 0x2903, 0x2903, 0x18A2, 0x18A2,
    0x1081, 0x1881, 0x18A2, 0x18A2, 0x18C3, 0x4A49, 0xA514, 0x7BD0, 0x4229, 0x31A7, 0x3186, 0x3186, 0x2925, 0x18E3, 0x18C3, 0x1082,
    0x2185, 0x31E6, 0x5B2B, 0x7C2F, 0x7C2F, 0x73EF, 0x740F, 0x7C0F, 0x73EF, 0x73EF, 0x7C30, 0x8471, 0x8491, 0x8471, 0x8471, 0x8471,
    0x7C71, 0x7C51, 0x9D75, 0xD75D, 0xDF7E, 0xDF5E, 0x8496, 0x5B13, 0x4231, 0x4A73, 0x4A94, 0x4A74, 0x5AD5, 0x5AF6, 0x4251, 0x190A,
    0x192A, 0x296B, 0x31CD, 0x296B, 0x31AC, 0x39EB, 0x39C8, 0x39C7, 0x3166, 0x3186, 0x2945, 0x2945, 0x41E8, 0x2104, 0x2104, 0x2124,
    0x3165, 0x2945, 0x2124, 0x2924, 0x18C3, 0x2104, 0x2124, 0x2104, 0x2124, 0x18C3, 0x18A3, 0x2104, 0x2104, 0x18A3, 0x18C3, 0x2924,
    0x2124, 0x18C3, 0x18C3, 0x18C3, 0x18C2, 0x18A2, 0x18A2, 0x2923, 0x3984, 0x3943, 0x4184, 0x5A05, 0x6A46, 0x7A67, 0xA38B, 0xD46F,
    0xCBCD, 0xCBAC, 0xBB2A, 0x9A28, 0x9A28, 0xA2A9, 0xB36B, 0xCC0E, 0xCC2E, 0xC40E, 0xBBCD, 0xAB6B, 0xA34B, 0xA32A, 0x9B09, 0xA32A,
    0xA34A, 0xA36B, 0xA38B, 0x9B2A, 0x7206, 0x7205, 0xAB8B, 0xB3CC, 0xABAB, 0xA38A, 0xA3AA, 0x9BAA, 0x9349, 0x82E7, 0x82E7, 0x7AA7,
    0x7287, 0x59E4, 0x51E5, 0x4164, 0x4185, 0x28C2, 0x3123, 0x2903, 0x20C2, 0x18C2, 0x2924, 0x2924, 0x2923, 0x2923, 0x2903, 0x2903,
    0x2903, 0x2903, 0x2903, 0x2924, 0x2924, 0x3944, 0x5A68, 0x7B2A, 0x93CB, 0xBC6E, 0xB44D, 0xB44D, 0xBC6D, 0xBC6D, 0xB44D, 0xB44D,
    0xBC6E, 0xBC6E, 0xBC4D, 0xBC4D, 0xB44C, 0xB44C, 0xB44C, 0xB42C, 0xB42C, 0xB42C, 0xB42C, 0xB42C, 0xB44D, 0xB44C, 0xAC0C, 0xA3CB,
    0xA3AB, 0xA3AB, 0x9B6A, 0x936A, 0x936A, 0x936A, 0x936A, 0x8309, 0x7AE8, 0x8B4A, 0x8B4A, 0x7AE9, 0x72C9, 0x6247, 0x5A06, 0x51E6,
    0x49A5, 0x3964, 0x41A5, 0x4184, 0x4164, 0x4184, 0x5206, 0x51E6, 0x6AA9, 0x6ACA, 0x49A5, 0x49E6, 0x5207, 0x3944, 0x2081, 0x2081,
    0x2081, 0x2081, 0x20A2, 0x3965, 0x4A08, 0x3965, 0x41A6, 0x6AEB, 0x7B6D, 0x732C, 0x7B4D, 0x93EF, 0x93EF, 0x8C10, 0x8C10, 0x7B8F,
    0x62EF, 0x6B71, 0x6B50, 0x4A2C, 0x524C, 0x62EB, 0x62CA, 0x6B0C, 0x7B8D, 0x736D, 0x6B2C, 0x6B0B, 0x62CB, 0x5A8A, 0x41C7, 0x3985,
    0x2924, 0x3125, 0x2924, 0x28E4, 0x20C3, 0x2904, 0x528A, 0x630D, 0x4A2A, 0x4209, 0x4209, 0x4209, 0x39C8, 0x2105, 0x18A3, 0x1083,
    0x2985, 0x2185, 0x3A27, 0x638D, 0x7C2F, 0x73EE, 0x73EF, 0x73EF, 0x73CE, 0x6BAE, 0x6BCE, 0x7C0F, 0x7C30, 0x8450, 0x8450, 0x8451,
    0x8451, 0x7C51, 0x7C51, 0xB618, 0xE79E, 0xE79E, 0xC67B, 0x6352, 0x4251, 0x4A73, 0x4A73, 0x5294, 0x5AF6, 0x5B16, 0x4252, 0x190A,
    0x190A, 0x298C, 0x296C, 0x214B, 0x39ED, 0x39CB, 0x31A7, 0x39C7, 0x31A7, 0x39A7, 0x2104, 0x31A6, 0x3186, 0x2104, 0x2104, 0x2104,
    0x2945, 0x2925, 0x2945, 0x2104, 0x18E3, 0x20E4, 0x18E3, 0x2924, 0x2104, 0x18C3, 0x2104, 0x2104, 0x2104, 0x18C3, 0x20E4, 0x20E4,
    0x2124, 0x18C3, 0x18C3, 0x18E3, 0x18A2, 0x18C2, 0x20E2, 0x3143, 0x4184, 0x4984, 0x5A05, 0x6A46, 0x7AA7, 0x82A7, 0xAB8B, 0xD44E,
    0xC3AC, 0xC3AB, 0xAAA9, 0x9A28, 0xA289, 0xB32B, 0xC3ED, 0xD44F, 0xCC4F, 0xCC2E, 0xBBED, 0xAB8B, 0xAB6B, 0xA34B, 0xAB6B, 0xB3AC,
    0xB3CC, 0xABAC, 0x8AE9, 0x69C5, 0x6183, 0xA36B, 0xABCC, 0xA38B, 0xA38A, 0xA38A, 0xA3CB, 0xA3AA, 0x9B69, 0x8B08, 0x8308, 0x8B29,
    0x7AE8, 0x6A66, 0x6226, 0x51C5, 0x49A5, 0x28E2, 0x3964, 0x3144, 0x20C2, 0x20C2, 0x2924, 0x3144, 0x2923, 0x2923, 0x2903, 0x2903,
    0x2923, 0x2923, 0x2903, 0x2944, 0x3165, 0x41A5, 0x6289, 0x834A, 0xA40C, 0xBC6E, 0xB46D, 0xBC8E, 0xBC4D, 0xBC2D, 0xBC6D, 0xC48E,
    0xC46E, 0xBC6D, 0xBC6D, 0xBC6D, 0xBC6D, 0xBC6D, 0xBC6D, 0xBC4C, 0xB44C, 0xB44C, 0xB42C, 0xB42C, 0xBC6D, 0xBC8D, 0xB46D, 0xB42C,
    0xAC0C, 0xABEC, 0xA3CC, 0x9BAB, 0x9B8B, 0x9BAB, 0x936A, 0x936A, 0x936A, 0x8B4A, 0x8B6B, 0x7AE9, 0x7288, 0x6247, 0x5A06, 0x49C5,
    0x4184, 0x3963, 0x3964, 0x3963, 0x4164, 0x4184, 0x4185, 0x49C5, 0x5227, 0x41A5, 0x49A5, 0x4164, 0x3103, 0x28A1, 0x2081, 0x2061,
    0x2081, 0x3944, 0x49E7, 0x4A07, 0x41C7, 0x3986, 0x41A7, 0x5208, 0x5A49, 0x5249, 0x62AB, 0x6ACB, 0x6AEC, 0x732C, 0x736D, 0x734D,
    0x5AAC, 0x6B2E, 0x6B8F, 0x420B, 0x5AAC, 0x7B8F, 0x734E, 0x8C11, 0x9CB3, 0x9CB3, 0x9C92, 0x9452, 0x9431, 0x8BF0, 0x6B2D, 0x62CB,
    0x4A29, 0x62AB, 0x62AB, 0x4A28, 0x3166, 0x41E8, 0x630C, 0x62EC, 0x5AEC, 0x52AB, 0x528B, 0x528B, 0x41E9, 0x18C4, 0x10A3, 0x18C4,
    0x29A5, 0x2985, 0x29A5, 0x4289, 0x638D, 0x73EE, 0x73CE, 0x6BCE, 0x73CE, 0x73CE, 0x6BAE, 0x6BCE, 0x740F, 0x7C30, 0x7C30, 0x7C30,
    0x7C31, 0x7C31, 0x7C51, 0x8492, 0xBE7A, 0xE79E, 0xADD9, 0x5B12, 0x4251, 0x4A73, 0x4A73, 0x52B5, 0x5AF6, 0x5AF6, 0x4A52, 0x212A,
    0x216B, 0x296C, 0x190B, 0x31AD, 0x39CD, 0x318B, 0x39C8, 0x3186, 0x39C7, 0x3186, 0x2104, 0x31A6, 0x3166, 0x2925, 0x2124, 0x2104,
    0x2945, 0x20E4, 0x2945, 0x20E4, 0x20E4, 0x10A3, 0x18C3, 0x2124, 0x2104, 0x2104, 0x2124, 0x2104, 0x2925, 0x2925, 0x2104, 0x18E4,
    0x2104, 0x18C3, 0x18C3, 0x18E3, 0x18A1, 0x20C2, 0x3102, 0x3963, 0x49A4, 0x59E5, 0x6A67, 0x7AC8, 0x8308, 0x8AE8, 0xB3AB, 0xD42E,
    0xC3AC, 0xBB8B, 0xA288, 0xA268, 0xB32A, 0xC3CC, 0xCC2E, 0xCC6F, 0xCC6E, 0xC42E, 0xBBED, 0xB3AC, 0xB3CC, 0xB3ED, 0xB3EC, 0xABCC,
    0x9329, 0x7206, 0x5963, 0x5942, 0x9B4A, 0xB3EC, 0xABCB, 0xA3AB, 0x9B6A, 0x9B8A, 0xA3CB, 0xA3AA, 0x9B6A, 0x9349, 0x9369, 0x9349,
    0x8B09, 0x7AC7, 0x7287, 0x6246, 0x5A06, 0x3102, 0x3964, 0x3964, 0x20C2, 0x28E2, 0x3144, 0x3144, 0x3124, 0x2903, 0x2923, 0x2903,
    0x2923, 0x2903, 0x20E3, 0x3965, 0x3985, 0x49E6, 0x6AA9, 0x836A, 0xAC2D, 0xBC8E, 0xBC6D, 0xC48E, 0xBC4D, 0xBC6D, 0xC46D, 0xC48E,
    0xC48E, 0xBC6D, 0xBC6D, 0xC48E, 0xC46D, 0xC48D, 0xC46D, 0xBC6D, 0xBC4D, 0xBC4D, 0xBC4D, 0xBC4D, 0xBC6D, 0xBC8D, 0xBC8E, 0xBC8E,
    0xBC4D, 0xB44D, 0xB42D, 0xB42D, 0xAC2C, 0xAC0C, 0xA3CC, 0xA3EC, 0x9BEC, 0x93AB, 0x8B6A, 0x8309, 0x6A87, 0x59E5, 0x5A26, 0x5A06,
    0x51E6, 0x49C5, 0x4185, 0x4164, 0x41A5, 0x4185, 0x3965, 0x3985, 0x3103, 0x2903, 0x3103, 0x28E2, 0x20A1, 0x20A1, 0x28C2, 0x3103,
    0x49C6, 0x5207, 0x49C7, 0x49C7, 0x41C7, 0x41C7, 0x41C7, 0x41C7, 0x39A7, 0x41C7, 0x4A08, 0x4A08, 0x4A08, 0x5228, 0x5229, 0x5249,
    0x5249, 0x4A29, 0x4208, 0x39A8, 0x4A2A, 0x5A8B, 0x5249, 0x6B0C, 0x7B8F, 0x83CF, 0x8BF0, 0x8C10, 0x8C10, 0x8C10, 0x7B8E, 0x734D,
    0x6B0C, 0x736D, 0x7BAE, 0x5269, 0x41E8, 0x7BAF, 0xAD35, 0xAD76, 0xAD76, 0xA556, 0xA536, 0xA556, 0x9493, 0x528B, 0x2105, 0x20E4,
    0x29A5, 0x2985, 0x2965, 0x29A6, 0x4AA9, 0x6B8D, 0x73CE, 0x73CE, 0x73CE, 0x73CE, 0x6BAE, 0x6B8E, 0x73CE, 0x7C0F, 0x7C30, 0x7C30,
    0x7C30, 0x7C30, 0x7C31, 0x7C51, 0x8492, 0x9D35, 0x7412, 0x5AF2, 0x4231, 0x4A73, 0x4A73, 0x52B5, 0x5AF6, 0x5AF6, 0x4A52, 0x214B,
    0x298C, 0x210B, 0x298D, 0x31AD, 0x212B, 0x39CC, 0x39E9, 0x3186, 0x31A7, 0x2965, 0x2124, 0x2945, 0x31A6, 0x2104, 0x2104, 0x2965,
    0x3166, 0x18C3, 0x39C7, 0x18A3, 0x18E4, 0x1062, 0x1082, 0x2104, 0x2104, 0x2104, 0x2945, 0x2945, 0x20E4, 0x2104, 0x20E4, 0x18C3,
    0x18C3, 0x18C3, 0x2104, 0x18C2, 0x18C2, 0x28E2, 0x3943, 0x49A4, 0x5A05, 0x6A46, 0x7AA7, 0x8B29, 0x8B29, 0x9329, 0xBC2D, 0xCC2E,
    0xC3AC, 0xBB4A, 0xA2A8, 0xAAE9, 0xBBAC, 0xCC4E, 0xCC6E, 0xCC6E, 0xC44E, 0xBC0D, 0xABCC, 0xA36A, 0x9B4A, 0x9329, 0x82A7, 0x7225,
    0x61A4, 0x6164, 0x5963, 0x8AE8, 0xB40C, 0xABCB, 0xABCB, 0xA3AB, 0xA38A, 0xA38A, 0xA3CB, 0xA3CB, 0xA3AA, 0xA3AA, 0x9BAA, 0x9BAA,
    0x9349, 0x8B49, 0x8308, 0x7AC8, 0x6226, 0x3923, 0x4184, 0x4164, 0x28E2, 0x28E2, 0x3144, 0x3144, 0x3144, 0x2903, 0x2903, 0x2903,
    0x3124, 0x2903, 0x28E3, 0x41A6, 0x41A5, 0x51E6, 0x72A8, 0x93AB, 0xAC4D, 0xC48E, 0xBC8E, 0xBC6E, 0xBC6E, 0xC46E, 0xC46D, 0xC48E,
    0xC48E, 0xC48E, 0xC48E, 0xC4AE, 0xC48E, 0xC48E, 0xC48E, 0xBC6D, 0xBC4D, 0xBC4D, 0xBC4D, 0xBC6D, 0xBC8D, 0xC4AE, 0xC48E, 0xBC8E,
    0xBC8D, 0xBC8D, 0xBC6D, 0xBC8E, 0xBC8E, 0xB46E, 0xB42D, 0xAC0D, 0xA40C, 0x9BCC, 0x938B, 0x832A, 0x7AE9, 0x72A8, 0x72C8, 0x6AA8,
    0x6247, 0x5206, 0x49C6, 0x49E6, 0x49C6, 0x3964, 0x3144, 0x2903, 0x2903, 0x20E2, 0x20C2, 0x28E2, 0x20C2, 0x2903, 0x4185, 0x5208,
    0x5207, 0x41A6, 0x5228, 0x5228, 0x5228, 0x4A08, 0x41C7, 0x41C7, 0x41C8, 0x41C8, 0x41C8, 0x49E8, 0x49E8, 0x4A08, 0x4A08, 0x4A08,
    0x4A28, 0x4A08, 0x41C7, 0x41A7, 0x41A7, 0x41A6, 0x41A6, 0x41C7, 0x41C7, 0x49E7, 0x4A07, 0x4A28, 0x5228, 0x5249, 0x5248, 0x5A69,
    0x5248, 0x5A69, 0x62CB, 0x49E7, 0x41A6, 0x7BAE, 0xB555, 0xBDB7, 0xC5F9, 0xC63A, 0xCE5B, 0xD6BB, 0xC619, 0x8411, 0x3186, 0x18C4,
    0x31C6, 0x29A5, 0x2985, 0x2964, 0x31C6, 0x52CA, 0x73CE, 0x7BEF, 0x73CE, 0x73CF, 0x73AE, 0x6B8E, 0x6B8E, 0x73CF, 0x7C10, 0x7C10,
    0x7C10, 0x7C10, 0x7C10, 0x7C10, 0x7C31, 0x7C31, 0x6BB2, 0x52D2, 0x4231, 0x4A72, 0x4A73, 0x4A74, 0x5295, 0x5AD6, 0x4A53, 0x296C,
    0x212B, 0x214C, 0x318D, 0x18EA, 0x318C, 0x41EC, 0x39A8, 0x31A7, 0x3186, 0x2125, 0x2945, 0x2945, 0x2945, 0x18E3, 0x2104, 0x2966,
    0x2925, 0x2925, 0x2925, 0x18A3, 0x18E3, 0x10A3, 0x18A3, 0x18E3, 0x2104, 0x2945, 0x2124, 0x18C3, 0x18A3, 0x2925, 0x18E3, 0x18A3,
    0x18A3, 0x18E3, 0x20E3, 0x10A2, 0x18C2, 0x3123, 0x4184, 0x49C4, 0x6246, 0x7266, 0x8AE8, 0x934A, 0x9329, 0x9B6A, 0xCC8E, 0xCC2E,
    0xC3CC, 0xB34A, 0xA2A8, 0xB32A, 0xC40D, 0xD48F, 0xD48F, 0xCC6E, 0xBC0D, 0xA38B, 0x92E8, 0x8AA7, 0x8287, 0x7A66, 0x7A26, 0x7226,
    0x7205, 0x61A4, 0x82A8, 0xABCC, 0xABCB, 0xABCB, 0xA3AA, 0xA38A, 0xA38A, 0xA3AA, 0xA3CB, 0xABCB, 0xABCB, 0xA3CB, 0xA3CB, 0xA3AB,
    0x9B8A, 0x938A, 0x8B49, 0x8328, 0x6A67, 0x51A4, 0x59E6, 0x4984, 0x3103, 0x3103, 0x3964, 0x3944, 0x3144, 0x2903, 0x3124, 0x3124,
    0x3124, 0x2903, 0x2924, 0x41A6, 0x49E5, 0x5A47, 0x7B0A, 0x9BCC, 0xBC6E, 0xC48E, 0xBC6E, 0xC48E, 0xBC6D, 0xC48E, 0xC48E, 0xC48E,
    0xC48E, 0xC48E, 0xC4AE, 0xC4AE, 0xC4AE, 0xC4AE, 0xC4AE, 0xC48E, 0xC46D, 0xBC6D, 0xBC6D, 0xC46D, 0xBC6D, 0xBC8E, 0xC4AE, 0xC4AE,
    0xC4AE, 0xC4AE, 0xC4AE, 0xC4CF, 0xC4CF, 0xBCAF, 0xBC8E, 0xB46E, 0xB46E, 0xB46E, 0xB46E, 0x9BEC, 0x93AC, 0x8B6C, 0x832A, 0x72C9,
    0x6268, 0x5A27, 0x5A47, 0x5227, 0x49C6, 0x3944, 0x3103, 0x28C2, 0x20C2, 0x28E3, 0x2904, 0x3965, 0x3986, 0x4A08, 0x5228, 0x5208,
    0x49E7, 0x5229, 0x5228, 0x5228, 0x5229, 0x5209, 0x49E8, 0x41C8, 0x41C8, 0x41C8, 0x41C7, 0x41C7, 0x41C7, 0x41C7, 0x41C7, 0x41C7,
    0x41C7, 0x41E7, 0x49E7, 0x41C7, 0x41C8, 0x41E7, 0x4A07, 0x49E7, 0x49E7, 0x49E7, 0x4A08, 0x4A28, 0x4A28, 0x5228, 0x5228, 0x5228,
    0x5208, 0x5208, 0x51E7, 0x49C7, 0x5208, 0x5A69, 0x72EB, 0x734C, 0x7B8E, 0x8C10, 0x9C92, 0xA514, 0xB596, 0x6B4D, 0x2104, 0x2104,
    0x31E6, 0x31A5, 0x2985, 0x2985, 0x2164, 0x39E7, 0x5B0C, 0x73EF, 0x73CE, 0x73AE, 0x6BAE, 0x6B8D, 0x6B6D, 0x6B8E, 0x73CF, 0x73EF,
    0x73EF, 0x73EF, 0x73EF, 0x73F0, 0x7C10, 0x7C31, 0x73D2, 0x52D2, 0x3A11, 0x4A52, 0x4A73, 0x4253, 0x4A53, 0x5295, 0x4A52, 0x294C,
    0x210B, 0x296C, 0x210B, 0x296C, 0x39ED, 0x318B, 0x39C9, 0x39C8, 0x3166, 0x2966, 0x2925, 0x2945, 0x2104, 0x2104, 0x2104, 0x2124,
    0x2104, 0x2104, 0x18C3, 0x18C3, 0x18E4, 0x18E4, 0x18C3, 0x2104, 0x2945, 0x3186, 0x2104, 0x18C3, 0x2104, 0x2945, 0x10A3, 0x18C3,
    0x18A3, 0x1082, 0x18C2, 0x18A2, 0x20E2, 0x3123, 0x4184, 0x5205, 0x6A66, 0x7AA7, 0x9329, 0x9B6A, 0x9349, 0xA3AB, 0xD4AF, 0xCC2D,
    0xCBCC, 0xBB4A, 0xAAC9, 0xBB8C, 0xD44E, 0xD4B0, 0xD4AF, 0xBBEC, 0x9B2A, 0x92C8, 0x92C8, 0x92E8, 0x9309, 0x9309, 0x9309, 0x8AC9,
    0x8AA8, 0x8AE8, 0xA3AB, 0xA3AB, 0xA38A, 0xA38A, 0x9B69, 0x9B49, 0x9B6A, 0xA3AB, 0xABCB, 0xABEB, 0xABEB, 0xABEC, 0xABCB, 0xA3CB,
    0xA3AA, 0x9BAA, 0x9369, 0x93AA, 0x72A8, 0x6226, 0x6247, 0x49A5, 0x3923, 0x3123, 0x4185, 0x3964, 0x3164, 0x2903, 0x3144, 0x3144,
    0x2924, 0x2903, 0x3144, 0x41C6, 0x5A27, 0x6AA9, 0x832A, 0xA3EC, 0xBC8E, 0xBC8E, 0xC48E, 0xC48E, 0xC46E, 0xC48E, 0xC4AE, 0xC4AE,
    0xC48E, 0xC4AE, 0xC4AE, 0xCCAE, 0xCCAE, 0xC4AE, 0xC4AE, 0xC4AE, 0xC4AE, 0xC48D, 0xBC6D, 0xC46D, 0xBC6D, 0xC4AE, 0xC4AE, 0xC4AE,
    0xC4CE, 0xC4CF, 0xC4CF, 0xC4CF, 0xC4CF, 0xC4CF, 0xC4CF, 0xBC8F, 0xB48E, 0xB46F, 0xAC2D, 0xA40D, 0x93AC, 0x834B, 0x7B0A, 0x6A88,
    0x6AA8, 0x6288, 0x730A, 0x6268, 0x3964, 0x3103, 0x28C2, 0x28E2, 0x28E3, 0x2924, 0x41C6, 0x5228, 0x5249, 0x5249, 0x5249, 0x5249,
    0x5249, 0x5249, 0x5229, 0x5249, 0x5229, 0x5229, 0x4A08, 0x49E8, 0x41E8, 0x41C8, 0x41C7, 0x41C7, 0x41C7, 0x41C7, 0x41C7, 0x41C7,
    0x41C7, 0x41A7, 0x41C7, 0x41C7, 0x41C7, 0x41C7, 0x41C7, 0x49E7, 0x49E7, 0x49E7, 0x49E7, 0x49E8, 0x49E8, 0x5208, 0x5208, 0x5208,
    0x5A09, 0x5A29, 0x5A49, 0x5A49, 0x5A49, 0x5A49, 0x6269, 0x6289, 0x6289, 0x628A, 0x628A, 0x5A69, 0x5A69, 0x5229, 0x3186, 0x2104,
    0x39E7, 0x31C6, 0x29A5, 0x31A6, 0x2965, 0x2124, 0x3A08, 0x634D, 0x73EF, 0x6BAE, 0x6B8E, 0x6B8D, 0x6B6D, 0x6B6D, 0x6B8E, 0x6BCE,
    0x73EF, 0x73EF, 0x73EF, 0x7C10, 0x7C10, 0x7C10, 0x73F1, 0x6332, 0x4251, 0x4231, 0x4232, 0x4232, 0x3A12, 0x4A33, 0x4211, 0x212C,
    0x296C, 0x212B, 0x292C, 0x39CE, 0x318B, 0x39EB, 0x420A, 0x39E8, 0x3166, 0x3186, 0x2945, 0x2945, 0x2104, 0x2945, 0x18A3, 0x2104,
    0x2966, 0x20E4, 0x20E4, 0x18C3, 0x20E4, 0x18E4, 0x2104, 0x2945, 0x2945, 0x2125, 0x2104, 0x2104, 0x3186, 0x2124, 0x18A3, 0x10A2,
    0x1082, 0x1082, 0x18A2, 0x18A2, 0x2902, 0x3943, 0x49C4, 0x6246, 0x72A7, 0x82E8, 0x9329, 0x9B6A, 0x9B4A, 0xABEC, 0xD4CF, 0xCC2E,
    0xCBED, 0xB34A, 0xAAC9, 0xC3CC, 0xD48F, 0xD4D0, 0xC44E, 0xA34A, 0x9B09, 0xA34A, 0xA34A, 0xA34A, 0x9B4A, 0x9B6A, 0x9B6A, 0xA36A,
    0xA38A, 0xA3AB, 0xA38A, 0xA36A, 0x9B49, 0x9328, 0x9B28, 0x9B69, 0xABAB, 0xB3EC, 0xB40C, 0xB40C, 0xB42C, 0xB40C, 0xB40C, 0xB40C,
    0xB40C, 0xABEB, 0xA3CA, 0xA3EB, 0x7AC8, 0x6A87, 0x6A67, 0x4984, 0x4184, 0x4164, 0x3923, 0x4185, 0x3164, 0x28E2, 0x3143, 0x3144,
    0x3124, 0x3123, 0x3985, 0x41C5, 0x5A47, 0x72C9, 0x938B, 0xA40C, 0xB46E, 0xBC8E, 0xC48E, 0xC4AE, 0xC48E, 0xC48E, 0xCCCE, 0xCCCE,
    0xC4AE, 0xC4AE, 0xCCAE, 0xCCCE, 0xCCCE, 0xCCAE, 0xC4AE, 0xC4AE, 0xC4AE, 0xC4AD, 0xC48D, 0xC48D, 0xC48D, 0xC4AE, 0xC4CE, 0xC4CE,
    0xC4CE, 0xC4CF, 0xC4CE, 0xC4CF, 0xC4CE, 0xC4CE, 0xC4CF, 0xC4AF, 0xBCCF, 0xBCAF, 0xAC2D, 0xAC2E, 0x9BCC, 0x832A, 0x72C8, 0x72C9,
    0x7B2B, 0x7B2B, 0x72EA, 0x49C6, 0x28E2, 0x28E2, 0x3164, 0x3165, 0x4207, 0x5269, 0x5269, 0x5269, 0x5249, 0x5249, 0x5249, 0x5249,
    0x5249, 0x5249, 0x5249, 0x5249, 0x5249, 0x5229, 0x5229, 0x4A08, 0x4A08, 0x49E8, 0x41E8, 0x41E8, 0x41E8, 0x41E8, 0x41E8, 0x41C8,
    0x41C7, 0x41C7, 0x41C7, 0x41C7, 0x41C7, 0x41C7, 0x41C7, 0x41C7, 0x49E8, 0x49E8, 0x49E8, 0x49E8, 0x49E8, 0x49E8, 0x49E8, 0x51E8,
    0x51E8, 0x5208, 0x5229, 0x5208, 0x5208, 0x5208, 0x5A29, 0x5A49, 0x5A49, 0x5A49, 0x5A49, 0x5249, 0x5229, 0x4A09, 0x41C8, 0x2925,
    0x3A07, 0x3A07, 0x31C6, 0x31A6, 0x29A6, 0x2144, 0x2124, 0x4248, 0x6B6D, 0x73CE, 0x6BAE, 0x6B8E, 0x6B8D, 0x6B8D, 0x6B8D, 0x6B8E,
    0x73CF, 0x740F, 0x740F, 0x7C10, 0x7C10, 0x7C10, 0x73F1, 0x6B92, 0x52D2, 0x4230, 0x3A11, 0x39F2, 0x39F2, 0x4213, 0x31B0, 0x210B,
    0x212B, 0x210A, 0x39CD, 0x318C, 0x31AC, 0x420B, 0x41EA, 0x3187, 0x3166, 0x2966, 0x2945, 0x2925, 0x2945, 0x2124, 0x2104, 0x10A3,
    0x18A3, 0x2104, 0x2104, 0x18C3, 0x2124, 0x2104, 0x2945, 0x20E4, 0x2125, 0x18E3, 0x2125, 0x2925, 0x2945, 0x2104, 0x1082, 0x1082,
    0x10A2, 0x10A2, 0x18A2, 0x20C2, 0x3123, 0x3963, 0x5A05, 0x6A66, 0x7AC7, 0x8B09, 0x9B4A, 0x9B8A, 0x9B4A, 0xB40D, 0xD4AF, 0xCC2D,
    0xD40D, 0xAB09, 0xAAC8, 0xC3CC, 0xD48F, 0xCC8F, 0xAB8B, 0xA329, 0xAB8B, 0xAB8B, 0xABAB, 0xA36B, 0x9309, 0x8AE8, 0x9308, 0x9B49,
    0x9B6A, 0x9B6A, 0x9B49, 0x9329, 0x9328, 0x9B49, 0xA3AA, 0xABCB, 0xB40C, 0xB42C, 0xB42C, 0xB42C, 0xB42C, 0xB42C, 0xB42C, 0xBC2D,
    0xBC2C, 0xB42C, 0xAC0C, 0xAC0C, 0x8B4A, 0x7AC8, 0x72A8, 0x59C5, 0x49C5, 0x49C5, 0x4184, 0x4185, 0x3144, 0x28E2, 0x3144, 0x3124,
    0x3164, 0x3144, 0x3985, 0x49E6, 0x5A67, 0x72C8, 0x93AB, 0xAC2C, 0xB48E, 0xC4AE, 0xC4AE, 0xC4AE, 0xC4AE, 0xC4CE, 0xCCCF, 0xCCCF,
    0xCCAE, 0xCCCE, 0xCCCE, 0xCCCF, 0xCCCF, 0xCCCF, 0xCCCF, 0xCCCE, 0xCCCE, 0xC4AE, 0xC48D, 0xC48D, 0xC48D, 0xC4AE, 0xC4CE, 0xC4CE,
    0xC4CE, 0xC4CE, 0xC4CE, 0xC4CF, 0xC4CF, 0xC4CE, 0xC4CF, 0xC4AF, 0xBCCF, 0xB48F, 0xB42E, 0xAC2D, 0x93CC, 0x834A, 0x834A, 0x8B8C,
    0x8BAD, 0x838D, 0x5A89, 0x41A5, 0x39A5, 0x39C6, 0x4A08, 0x4A49, 0x526A, 0x526A, 0x5A6A, 0x526A, 0x524A, 0x524A, 0x524A, 0x524A,
    0x524A, 0x524A, 0x5249, 0x5249, 0x5229, 0x5229, 0x5229, 0x4A29, 0x4A29, 0x4A09, 0x4A09, 0x4A08, 0x41E8, 0x41E8, 0x41E8, 0x41C8,
    0x41C8, 0x41C8, 0x41C7, 0x41C7, 0x41C8, 0x41C7, 0x41C7, 0x41C7, 0x41E8, 0x49E8, 0x49E8, 0x49E8, 0x49E8, 0x49E8, 0x49E8, 0x49E8,
    0x49E8, 0x49E8, 0x49E8, 0x49E8, 0x49E8, 0x49E8, 0x49E8, 0x49E8, 0x49E8, 0x49C8, 0x49C7, 0x41A7, 0x41A7, 0x3987, 0x3986, 0x3166,
    0x4228, 0x3A27, 0x3A07, 0x31E7, 0x31A6, 0x2965, 0x1904, 0x2145, 0x4A8A, 0x6B8E, 0x73CE, 0x6BAE, 0x6B8E, 0x6B8E, 0x6B8D, 0x638D,
    0x6BAE, 0x7C10, 0x7C10, 0x7C10, 0x7C10, 0x7C10, 0x73F0, 0x73F2, 0x6B72, 0x4A91, 0x39F0, 0x39F2, 0x39F2, 0x41F2, 0x31B0, 0x212B,
    0x18E9, 0x294B, 0x296B, 0x296B, 0x39CC, 0x39CA, 0x39A9, 0x3187, 0x3166, 0x2945, 0x2945, 0x2945, 0x2965, 0x2124, 0x2104, 0x18A3,
    0x18A3, 0x2945, 0x18E3, 0x18E4, 0x20E4, 0x2124, 0x2965, 0x18A3, 0x2104, 0x2104, 0x2104, 0x2104, 0x2104, 0x2104, 0x10A2, 0x18C3,
    0x10A2, 0x18A2, 0x1881, 0x20C2, 0x3123, 0x4184, 0x5A05, 0x6A87, 0x82E8, 0x934A, 0x9B6A, 0x9B8B, 0x9349, 0xBC0D, 0xD4AF, 0xCC2D,
    0xD40D, 0xAAC8, 0xAAC8, 0xC3EC, 0xCC6E, 0xBC2D, 0xA329, 0xAB6A, 0xB3CC, 0xAB8B, 0x9B2A, 0x92C8, 0x8AA8, 0x8288, 0x8267, 0x7A46,
    0x7A26, 0x7205, 0x7205, 0x8AE8, 0x9B69, 0xABEB, 0xBC4D, 0xBC2D, 0xBC4D, 0xBC4D, 0xBC4D, 0xBC4D, 0xB42C, 0xB42C, 0xBC2C, 0xBC2C,
    0xBC2C, 0xBC4D, 0xB42C, 0xB42D, 0x9BCB, 0x8B4A, 0x82E9, 0x6226, 0x51E6, 0x51E6, 0x41A5, 0x49E6, 0x3964, 0x2903, 0x3144, 0x3164,
    0x3964, 0x3123, 0x41C6, 0x4A06, 0x62A8, 0x7B09, 0xA42D, 0xAC4C, 0xB46D, 0xC4AE, 0xC4AE, 0xC4AE, 0xCCCE, 0xCCCE, 0xCCEF, 0xCCCF,
    0xCCCF, 0xCCCF, 0xCCCF, 0xCCCF, 0xCCCF, 0xCCEF, 0xCCCF, 0xCCCE, 0xC4AE, 0xC4AE, 0xC48D, 0xC48D, 0xC4AE, 0xC4AE, 0xC4CE, 0xC4CE,
    0xC4CE, 0xC4CE, 0xC4CE, 0xC4CE, 0xC4CF, 0xC4CE, 0xCD10, 0xC4F0, 0xB4AF, 0xBCD0, 0xB46E, 0xA40D, 0x9BEC, 0x93AC, 0x9BED, 0x9BED,
    0x93EE, 0x6AEA, 0x4A28, 0x5248, 0x5269, 0x526A, 0x528A, 0x5A8A, 0x524A, 0x524A, 0x5A6A, 0x526A, 0x526A, 0x526A, 0x526A, 0x526A,
    0x524A, 0x524A, 0x524A, 0x5229, 0x5229, 0x5229, 0x5229, 0x5229, 0x4A29, 0x4A29, 0x4A09, 0x4A09, 0x4A09, 0x49E8, 0x41E8, 0x41E8,
    0x41C8, 0x41C8, 0x41C8, 0x41C8, 0x41C8, 0x41C7, 0x41C7, 0x41C8, 0x41C8, 0x41C7, 0x41C7, 0x49E8, 0x49E8, 0x49E8, 0x49E8, 0x49C8,
    0x49C8, 0x49C7, 0x49C7, 0x49C8, 0x49E8, 0x49E8, 0x49E8, 0x49E8, 0x49C8, 0x41C8, 0x41C8, 0x41A7, 0x41A7, 0x3987, 0x3987, 0x3166,
    0x4228, 0x3A07, 0x39E7, 0x39E7, 0x31C6, 0x2985, 0x2144, 0x1903, 0x29A6, 0x52CB, 0x6B8E, 0x6B8E, 0x6B8E, 0x6B8E, 0x6B8D, 0x638D,
    0x6B8E, 0x73EF, 0x7C10, 0x7C10, 0x7C10, 0x7C10, 0x73F0, 0x73F1, 0x73D2, 0x5B11, 0x39F0, 0x31B0, 0x39F1, 0x3A12, 0x31B0, 0x210B,
    0x212A, 0x212A, 0x18C9, 0x318C, 0x31CB, 0x31A9, 0x39C9, 0x39C8, 0x2966, 0x2945, 0x2945, 0x2965, 0x2124, 0x2104, 0x20E4, 0x18C3,
    0x2104, 0x2124, 0x18E3, 0x2124, 0x18E3, 0x2125, 0x2104, 0x18C3, 0x2124, 0x20E4, 0x2104, 0x2125, 0x2124, 0x2104, 0x10A3, 0x18C3,
    0x10A2, 0x10A2, 0x1881, 0x20E2, 0x3123, 0x49A4, 0x6226, 0x72A7, 0x82E8, 0x936A, 0x9B6A, 0x9B8A, 0x9329, 0xBBEC, 0xD4AF, 0xCC2D,
    0xD40D, 0xA2A8, 0xAAC8, 0xCC0D, 0xCC6E, 0xB3CC, 0xA34A, 0xAB8B, 0xAB6A, 0x9B09, 0x92C8, 0x8AA8, 0x92C8, 0x92E9, 0x92E9, 0x92C8,
    0x8287, 0x7A46, 0x69C5, 0x69C5, 0xA3AB, 0xC48E, 0xCCCF, 0xC4AF, 0xC48E, 0xC46E, 0xBC6D, 0xBC4D, 0xBC4D, 0xBC4D, 0xB42C, 0xB42C,
    0xBC4D, 0xBC4D, 0xAC0C, 0xB44D, 0xAC0C, 0x9B8A, 0x8B4A, 0x72C9, 0x6227, 0x6268, 0x49A5, 0x5207, 0x3964, 0x3103, 0x3143, 0x3985,
    0x41A5, 0x3123, 0x5227, 0x5A47, 0x7B2A, 0x8B4A, 0xBCAF, 0xB48E, 0xB46D, 0xC48E, 0xC4AE, 0xC4AE, 0xC4AE, 0xCCCE, 0xCCCE, 0xCCCE,
    0xCCCF, 0xCCCF, 0xCCCF, 0xC4AE, 0xCCAE, 0xCCCE, 0xCCCE, 0xC48E, 0xC48D, 0xC48D, 0xC48D, 0xC48D, 0xC4AD, 0xBCAE, 0xC4AE, 0xC4AE,
    0xC4AD, 0xC4AE, 0xC4AE, 0xC4AE, 0xBC8D, 0xC4EF, 0x836B, 0x41A5, 0x2903, 0x49C6, 0x8BAC, 0xAC6F, 0xA42D, 0x9BED, 0x9BED, 0x9C0D,
    0x7B6C, 0x5248, 0x5269, 0x526A, 0x526A, 0x526A, 0x526A, 0x526A, 0x524A, 0x526A, 0x526A, 0x524A, 0x524A, 0x524A, 0x524A, 0x524A,
    0x524A, 0x524A, 0x524A, 0x524A, 0x524A, 0x524A, 0x522A, 0x5229, 0x4A29, 0x4A29, 0x4A29, 0x4A09, 0x4A09, 0x4A09, 0x49E8, 0x49E8,
    0x49E8, 0x41E8, 0x41E8, 0x41E8, 0x41C8, 0x41E8, 0x41E8, 0x41E8, 0x41E8, 0x41C8, 0x41C8, 0x41C8, 0x41E8, 0x49E8, 0x49E8, 0x49E8,
    0x49E8, 0x49E8, 0x49C8, 0x49C8, 0x49E8, 0x49E8, 0x49E8, 0x49C8, 0x41C8, 0x41C8, 0x41C8, 0x41C8, 0x41A7, 0x41A7, 0x39A7, 0x3987,
    0x4228, 0x3A07, 0x39E7, 0x39E7, 0x39E7, 0x31A6, 0x2145, 0x1904, 0x1904, 0x31C6, 0x52EB, 0x6B8E, 0x6B8E, 0x6B8E, 0x6B8E, 0x6B8D,
    0x638D, 0x6BAE, 0x73EF, 0x73F0, 0x73F0, 0x73F0, 0x73CF, 0x73D0, 0x6BB1, 0x6330, 0x422F, 0x318F, 0x39B0, 0x39F1, 0x31AF, 0x210B,
    0x212B, 0x18C9, 0x210A, 0x318C, 0x296A, 0x39EA, 0x420A, 0x31A7, 0x3187, 0x2965, 0x3166, 0x3186, 0x2925, 0x2945, 0x2104, 0x18E4,
    0x2104, 0x18C3, 0x18C3, 0x2925, 0x10A3, 0x2124, 0x2124, 0x20E4, 0x2965, 0x18A3, 0x20E4, 0x2124, 0x2104, 0x18A2, 0x18C3, 0x18C3,
    0x1082, 0x18A2, 0x1881, 0x28E2, 0x3123, 0x51C5, 0x6A67, 0x7AC8, 0x8309, 0x9B6A, 0x9B6A, 0x9B6A, 0x9309, 0xBBEC, 0xD48F, 0xCC2D,
    0xD40D, 0xAAA8, 0xAAC8, 0xCC0D, 0xCC6E, 0xB3AB, 0xAB6A, 0xAB6A, 0x9B09, 0x92C8, 0x92E8, 0x9B09, 0x9B29, 0x9B2A, 0x9B0A, 0x92E9,
    0x8AC8, 0x82A8, 0x5985, 0x2000, 0x8B09, 0xD550, 0xD551, 0xD510, 0xCCCF, 0xCCAF, 0xC46E, 0xBC4D, 0xBC4D, 0xBC4D, 0xBC4D, 0xBC4D,
    0xBC4D, 0xBC4D, 0xB44D, 0xB44D, 0xB42D, 0x9B8A, 0x938B, 0x832A, 0x6A67, 0x72A8, 0x59E6, 0x51E6, 0x49C5, 0x3123, 0x3944, 0x41A5,
    0x49C6, 0x3964, 0x3124, 0x18A2, 0x20A2, 0x28E2, 0x49E6, 0x7AEA, 0xAC4E, 0xCD10, 0xD510, 0xD530, 0xD530, 0xDD30, 0xDD51, 0xD531,
    0xD531, 0xD531, 0xD531, 0xD530, 0xD531, 0xD530, 0xD530, 0xD4F0, 0xD4EF, 0xD510, 0xD50F, 0xD4EF, 0xCCEF, 0xCCCF, 0xC4AE, 0xBCAD,
    0xBC8D, 0xBCAD, 0xC4AE, 0xC4AE, 0xC4CF, 0x6A88, 0x0000, 0x0000, 0x0000, 0x0000, 0x0820, 0x3985, 0x838C, 0xA44F, 0x9C2E, 0x8BCD,
    0x5A69, 0x5249, 0x526A, 0x526A, 0x526A, 0x526A, 0x524A, 0x524A, 0x524A, 0x524A, 0x524A, 0x4A2A, 0x4A2A, 0x4A2A, 0x4A2A, 0x4A2A,
    0x524A, 0x524A, 0x522A, 0x522A, 0x522A, 0x522A, 0x522A, 0x5229, 0x5229, 0x5229, 0x4A29, 0x4A29, 0x4A09, 0x4A09, 0x4A09, 0x4A09,
    0x4A09, 0x4A09, 0x49E9, 0x49E9, 0x49E8, 0x49E8, 0x49E8, 0x41E8, 0x41E8, 0x41E8, 0x41E8, 0x41E8, 0x41E8, 0x49E8, 0x49E8, 0x49E8,
    0x49E9, 0x49E9, 0x49E9, 0x49E8, 0x49E8, 0x49E8, 0x4A09, 0x49E9, 0x49E8, 0x49E8, 0x41E8, 0x41E8, 0x41C8, 0x41C8, 0x41E8, 0x39C7,
    0x4248, 0x3A27, 0x3A07, 0x3A07, 0x3A07, 0x31C6, 0x2985, 0x2124, 0x1903, 0x1924, 0x3A28, 0x634C, 0x73AE, 0x6B8E, 0x6B8E, 0x6B8E,
    0x6B8E, 0x6B8E, 0x6BAE, 0x73EF, 0x73EF, 0x73CF, 0x6BAF, 0x6B6F, 0x5B0E, 0x4A6D, 0x31AD, 0x316E, 0x318F, 0x39D0, 0x318E, 0x210A,
    0x210A, 0x18EA, 0x296B, 0x212A, 0x39EB, 0x422B, 0x39C9, 0x31A7, 0x3186, 0x2966, 0x3186, 0x2966, 0x2925, 0x2125, 0x2945, 0x20E4,
    0x2124, 0x18C3, 0x2124, 0x2104, 0x10A3, 0x2124, 0x18C3, 0x2104, 0x2945, 0x18A3, 0x20E4, 0x20E4, 0x2924, 0x18C2, 0x18E3, 0x18A2,
    0x1082, 0x18C2, 0x20A2, 0x28E3, 0x3944, 0x51C5, 0x7287, 0x82E9, 0x8B29, 0x9B6A, 0x9B69, 0x9B6A, 0x9309, 0xBBCC, 0xD48E, 0xCC2D,
    0xD40D, 0xAAE9, 0xAB09, 0xCC2E, 0xCC4E, 0xAB8B, 0xAB8B, 0xAB6A, 0xA329, 0x9B09, 0x9B09, 0xA32A, 0xA34A, 0xA34A, 0x9B2A, 0x9B09,
    0x92E8, 0x7A87, 0x38C2, 0x1000, 0x6205, 0xDD71, 0xDD92, 0xD551, 0xD4F0, 0xCCCF, 0xC48E, 0xBC6D, 0xBC4D, 0xBC4D, 0xBC4D, 0xBC4D,
    0xBC6D, 0xBC6D, 0xBC4D, 0xBC4D, 0xB44D, 0xA3CB, 0x9BAB, 0x936B, 0x82C8, 0x7AE9, 0x6A47, 0x51C6, 0x5A27, 0x3944, 0x3923, 0x41A5,
    0x41A5, 0x1061, 0x0000, 0x0000, 0x0000, 0x0000, 0x0000, 0x0000, 0x18A2, 0x6248, 0x830A, 0x72A9, 0x6A68, 0x6A68, 0x6227, 0x5A27,
    0x5A07, 0x5A07, 0x5207, 0x5227, 0x5A48, 0x5A67, 0x5A47, 0x6288, 0x6A88, 0x6AA8, 0x72E9, 0x7B0A, 0x8B4B, 0x93AC, 0xAC2D, 0xBCAF,
    0xC50F, 0xCCEF, 0xC48D, 0xC4CF, 0x6A88, 0x0000, 0x0000, 0x0000, 0x0000, 0x0001, 0x0000, 0x0000, 0x0820, 0x41E7, 0x83CE, 0x62CA,
    0x4A49, 0x526A, 0x526A, 0x526A, 0x526A, 0x524A, 0x524A, 0x4A4A, 0x524A, 0x524A, 0x524A, 0x4A2A, 0x4A2A, 0x4A2A, 0x4A2A, 0x4A2A,
    0x4A2A, 0x4A2A, 0x4A2A, 0x4A2A, 0x4A2A, 0x4A2A, 0x4A2A, 0x5229, 0x5229, 0x5229, 0x4A29, 0x4A29, 0x4A09, 0x4A09, 0x4A09, 0x4A09,
    0x4A09, 0x4A09, 0x4A09, 0x4A09, 0x4A09, 0x4A09, 0x4209, 0x4209, 0x41E9, 0x41E9, 0x41E9, 0x49E9, 0x41E8, 0x41E8, 0x49E9, 0x49E9,
    0x4A09, 0x4A09, 0x4A09, 0x4A09, 0x4A09, 0x4A09, 0x4A09, 0x4A09, 0x4A29, 0x4A09, 0x4A09, 0x4A09, 0x4A09, 0x4A09, 0x4A09, 0x41E8,
    0x4248, 0x4248, 0x4228, 0x3A07, 0x3A07, 0x31C7, 0x31A6, 0x2145, 0x1903, 0x1904, 0x2986, 0x4A8A, 0x6B8E, 0x73AE, 0x6BAE, 0x6BAE,
    0x6B8E, 0x6B8E, 0x6BAE, 0x73CF, 0x73CF, 0x6B8E, 0x634E, 0x4AAC, 0x3A0B, 0x31AB, 0x296C, 0x296D, 0x316E, 0x318F, 0x316E, 0x210A,
    0x18C9, 0x212B, 0x210A, 0x212B, 0x420C, 0x39C9, 0x39C8, 0x31A7, 0x2966, 0x3186, 0x2966, 0x2966, 0x2125, 0x2104, 0x3166, 0x2104,
    0x2124, 0x18C3, 0x2104, 0x18E3, 0x20E4, 0x20E4, 0x2104, 0x2104, 0x2104, 0x20E3, 0x2104, 0x2104, 0x2124, 0x18C2, 0x18C2, 0x18C2,
    0x10A2, 0x18C2, 0x20C2, 0x2903, 0x4164, 0x59E6, 0x7288, 0x8308, 0x8B29, 0x9B69, 0x9B69, 0x9B69, 0x9B29, 0xB3AB, 0xCC6E, 0xCC2D,
    0xD40D, 0xBB2A, 0xB32A, 0xD44E, 0xCC4E, 0xAB8B, 0xAB8B, 0xB38B, 0xAB8B, 0xA34A, 0xA34A, 0xAB6A, 0xAB6B, 0xA36B, 0xA34A, 0x9B2A,
    0x92E8, 0x7226, 0x38C1, 0x2040, 0x59A4, 0xD530, 0xDD71, 0xD551, 0xCCEF, 0xCCCF, 0xC4AE, 0xC48E, 0xBC6D, 0xBC6D, 0xC48D, 0xBC6D,
    0xBC6D, 0xBC6D, 0xBC4D, 0xBC6D, 0xBC4D, 0xABEC, 0xAC0C, 0xA3EC, 0x8B2A, 0x830A, 0x7AE9, 0x4985, 0x6227, 0x3944, 0x41A5, 0x3124,
    0x0820, 0x0000, 0x0000, 0x0000, 0x0000, 0x0000, 0x0000, 0x0000, 0x0000, 0x0000, 0x0000, 0x0000, 0x0000, 0x0000, 0x0000, 0x0000,
    0x0000, 0x0000, 0x0000, 0x0000, 0x0000, 0x0000, 0x0000, 0x0000, 0x0000, 0x0000, 0x0000, 0x0000, 0x0000, 0x0000, 0x1041, 0x28E3,
    0x49E6, 0x72E9, 0xAC2D, 0x8BAC, 0x0020, 0x0000, 0x0000, 0x0000, 0x0000, 0x0000, 0x0000, 0x0000, 0x0000, 0x0000, 0x0861, 0x3166,
    0x528A, 0x528A, 0x4A6A, 0x526A, 0x526A, 0x526A, 0x524A, 0x524A, 0x524A, 0x524A, 0x524A, 0x4A4A, 0x4A4A, 0x4A4A, 0x4A2A, 0x4A2A,
    0x4A2A, 0x4A2A, 0x4A4A, 0x4A2A, 0x4A2A, 0x4A2A, 0x4A2A, 0x5229, 0x5229, 0x4A29, 0x4A29, 0x4A29, 0x4A09, 0x4A09, 0x4A09, 0x4A09,
    0x4A09, 0x4A09, 0x4A09, 0x4A09, 0x4A09, 0x4A09, 0x4A09, 0x4A09, 0x4A09, 0x4A09, 0x4A09, 0x49E9, 0x41E9, 0x41E9, 0x49E9, 0x49E9,
    0x4A09, 0x4A09, 0x4A09, 0x4A09, 0x4A09, 0x4A09, 0x4A29, 0x4A29, 0x4A29, 0x4A29, 0x4A29, 0x4A29, 0x4A29, 0x4A29, 0x4A29, 0x4208,
    0x4248, 0x4268, 0x4248, 0x4228, 0x3A07, 0x39E7, 0x31C7, 0x29A6, 0x2965, 0x2145, 0x2986, 0x4248, 0x5B2C, 0x73AE, 0x73AE, 0x6B8D,
    0x6B8D, 0x6B8D, 0x6B8E, 0x6B8E, 0x634D, 0x5B0C, 0x4A8B, 0x3A0A, 0x39EB, 0x31CB, 0x318C, 0x316D, 0x316E, 0x316E, 0x296D, 0x210A,
    0x212A, 0x212A, 0x20EA, 0x39AC, 0x39EB, 0x39EA, 0x31C8, 0x2966, 0x3186, 0x3186, 0x3166, 0x2945, 0x2104, 0x2104, 0x2945, 0x2104,
    0x2945, 0x18A3, 0x18C3, 0x2125, 0x2124, 0x18E3, 0x2104, 0x20E4, 0x2104, 0x2103, 0x18E3, 0x18E3, 0x2124, 0x18A2, 0x18A2, 0x18C2,
    0x10A2, 0x18C2, 0x20C2, 0x3123, 0x4184, 0x5A06, 0x72A8, 0x8308, 0x8B49, 0x9369, 0x9B69, 0x9B69, 0x9329, 0xA36A, 0xCC4E, 0xCC2D,
    0xCC0D, 0xC36B, 0xB309, 0xCC4E, 0xCC8E, 0xB3AB, 0xBBCC, 0xBBCC, 0xBBAC, 0xB3CC, 0xBBED, 0xBBCC, 0xB3AC, 0xAB8C, 0xAB8B, 0xA34A,
    0x92C8, 0x6A06, 0x4943, 0x38E2, 0x61C5, 0xCCF0, 0xD550, 0xD530, 0xCCEF, 0xC4CE, 0xC4AE, 0xC4AE, 0xC48E, 0xC48D, 0xC48D, 0xC48D,
    0xBC6D, 0xBC6D, 0xBC6D, 0xC48E, 0xBC6D, 0xB42D, 0xB44D, 0xB44D, 0xA3CC, 0x938B, 0x936B, 0x51C6, 0x6228, 0x49E6, 0x3985, 0x0820,
    0x0000, 0x0000, 0x0000, 0x0000, 0x0000, 0x0000, 0x0000, 0x0000, 0x0000, 0x0000, 0x0000, 0x0000, 0x0020, 0x0020, 0x0000, 0x0000,
    0x0000, 0x0000, 0x0020, 0x0020, 0x0020, 0x0000, 0x0000, 0x0000, 0x0000, 0x0000, 0x0000, 0x0000, 0x0000, 0x0000, 0x0000, 0x0000,
    0x0000, 0x0000, 0x1081, 0x1082, 0x0000, 0x0000, 0x0000, 0x0000, 0x0000, 0x0000, 0x0000, 0x0000, 0x0000, 0x0000, 0x0000, 0x0000,
    0x18C3, 0x4A49, 0x52AB, 0x526A, 0x528B, 0x526B, 0x526B, 0x526A, 0x526A, 0x526A, 0x526A, 0x524A, 0x524A, 0x524A, 0x4A4A, 0x4A4A,
    0x4A4A, 0x4A4A, 0x4A4A, 0x4A4A, 0x4A2A, 0x4A2A, 0x4A2A, 0x522A, 0x522A, 0x522A, 0x522A, 0x522A, 0x4A2A, 0x4A29, 0x4A29, 0x4A29,
    0x4A29, 0x4A29, 0x4A29, 0x4A29, 0x4A29, 0x4A09, 0x4A09, 0x4A09, 0x4A09, 0x4A09, 0x4A09, 0x4A09, 0x49E9, 0x49E9, 0x49E9, 0x4A09,
    0x4A09, 0x4A09, 0x4A09, 0x4A09, 0x4A09, 0x4A09, 0x4A09, 0x4A29, 0x4A29, 0x4A29, 0x4A29, 0x4A29, 0x4A29, 0x4A29, 0x4A29, 0x4208,
    0x4248, 0x4A69, 0x4248, 0x4228, 0x3A07, 0x39E7, 0x39E7, 0x3A28, 0x4269, 0x3A28, 0x3A07, 0x4248, 0x4AAA, 0x634C, 0x6BAE, 0x6BAE,
    0x6B8E, 0x636D, 0x632D, 0x5AEC, 0x4A8A, 0x426A, 0x4A8B, 0x422B, 0x39EB, 0x31CB, 0x31AC, 0x318C, 0x296D, 0x316E, 0x294D, 0x210A,
    0x2109, 0x18E9, 0x294B, 0x316B, 0x2949, 0x31A9, 0x31C8, 0x39C7, 0x3186, 0x3166, 0x3186, 0x2945, 0x2124, 0x2925, 0x2125, 0x20E4,
    0x2925, 0x18C3, 0x20E4, 0x2104, 0x18A3, 0x18C3, 0x2104, 0x18C3, 0x18C3, 0x18E3, 0x18C3, 0x18E3, 0x2124, 0x18C2, 0x18C2, 0x18A2,
    0x18A2, 0x18A1, 0x2902, 0x3943, 0x49A4, 0x6205, 0x7AC8, 0x8328, 0x9369, 0x9B69, 0x9B69, 0x9B6A, 0x9B49, 0x9B29, 0xC42D, 0xCC4D,
    0xCC0D, 0xCBCC, 0xAB09, 0xCC0D, 0xD48F, 0xBBEC, 0xBBCC, 0xBBCC, 0xBBEC, 0xC44E, 0xCC6F, 0xC42E, 0xBC0D, 0xBBED, 0xB3CC, 0xAB8B,
    0x92E9, 0x7226, 0x69E5, 0x5984, 0x82C8, 0xD550, 0xD530, 0xD530, 0xCCEF, 0xC4AE, 0xC4AE, 0xCCAE, 0xC4AE, 0xC48E, 0xC48E, 0xC4AE,
    0xC48E, 0xC48D, 0xC4AE, 0xC4AE, 0xC48E, 0xBC4D, 0xBC4D, 0xBC6E, 0xAC2D, 0x9BCB, 0x9B8B, 0x6A47, 0x6228, 0x5227, 0x0820, 0x0000,
    0x0000, 0x0000, 0x0000, 0x0000, 0x0000, 0x0000, 0x0000, 0x0000, 0x0000, 0x0000, 0x0000, 0x0000, 0x0000, 0x0000, 0x0000, 0x0000,
    0x0000, 0x0000, 0x0000, 0x0000, 0x0000, 0x0000, 0x0000, 0x0000, 0x0000, 0x0000, 0x0000, 0x0000, 0x0000, 0x0000, 0x0000, 0x0000,
    0x0000, 0x0000, 0x0000, 0x0000, 0x0000, 0x0000, 0x0000, 0x0000, 0x0000, 0x0000, 0x0000, 0x0000, 0x0000, 0x0000, 0x0000, 0x0000,
    0x0000, 0x0020, 0x39A7, 0x5AAB, 0x526A, 0x528B, 0x528B, 0x526B, 0x526B, 0x526B, 0x526B, 0x526B, 0x526B, 0x526B, 0x526B, 0x524A,
    0x4A4A, 0x4A4A, 0x4A4A, 0x4A4A, 0x4A2A, 0x4A2A, 0x4A2A, 0x4A2A, 0x522A, 0x522A, 0x522A, 0x522A, 0x522A, 0x4A2A, 0x4A2A, 0x4A2A,
    0x4A2A, 0x4A2A, 0x4A2A, 0x4A2A, 0x4A2A, 0x4A2A, 0x4A2A, 0x4A29, 0x4A29, 0x4A29, 0x4A09, 0x4A09, 0x4A09, 0x4A09, 0x4A09, 0x4A09,
    0x4A09, 0x4A2A, 0x4A09, 0x4A29, 0x4A29, 0x4A29, 0x4A29, 0x4A29, 0x4A29, 0x4A29, 0x4A29, 0x4A29, 0x4A29, 0x4A29, 0x4A29, 0x4209,
    0x4248, 0x4A68, 0x4248, 0x3A27, 0x3A07, 0x39E7, 0x3A07, 0x4A89, 0x634C, 0x52CB, 0x3A08, 0x3A08, 0x4228, 0x4AAA, 0x5B2C, 0x6B6D,
    0x634D, 0x5B0C, 0x52AB, 0x3A29, 0x3A08, 0x4A8A, 0x426B, 0x39EA, 0x31CA, 0x31CA, 0x31AB, 0x318B, 0x318C, 0x318D, 0x296C, 0x214A,
    0x210A, 0x296B, 0x318C, 0x212A, 0x2969, 0x31A9, 0x31C8, 0x31C7, 0x3166, 0x2965, 0x3186, 0x2966, 0x2945, 0x3166, 0x2965, 0x2104,
    0x2925, 0x2104, 0x2104, 0x10A3, 0x18A3, 0x2104, 0x2104, 0x18C3, 0x20E4, 0x2924, 0x18C3, 0x20E3, 0x18C3, 0x10A2, 0x18C2, 0x18C2,
    0x18A1, 0x20C2, 0x3102, 0x3943, 0x51E5, 0x6A46, 0x7AC8, 0x8328, 0x9369, 0x9B69, 0x9B6A, 0x9B8A, 0x9B69, 0x9308, 0xB3EC, 0xCC6E,
    0xD42D, 0xD42E, 0xAB29, 0xBBAC, 0xD48F, 0xC42D, 0xB3AB, 0xC3ED, 0xC42E, 0xCC6E, 0xCC6F, 0xCC6F, 0xCC6F, 0xC44E, 0xBC0D, 0xB3CC,
    0xA34A, 0x7A67, 0x7226, 0x7266, 0xB44D, 0xD550, 0xD530, 0xCCEF, 0xC4AE, 0xC4AE, 0xC4AE, 0xCCAE, 0xC4AE, 0xC48E, 0xC4AE, 0xCCCF,
    0xC4AE, 0xC48E, 0xC4AE, 0xC4AE, 0xC48E, 0xBC6D, 0xBC6E, 0xC4AE, 0xBC8E, 0xA3CB, 0x9B8A, 0x830A, 0x4985, 0x18A2, 0x0000, 0x0000,
    0x0000, 0x0000, 0x0000, 0x0000, 0x0000, 0x0000, 0x0000, 0x0000, 0x0000, 0x0000, 0x0000, 0x0000, 0x0000, 0x0000, 0x0000, 0x0000,
    0x0000, 0x0000, 0x0000, 0x0000, 0x0000, 0x0000, 0x0000, 0x0000, 0x0000, 0x0000, 0x0000, 0x0000, 0x0000, 0x0000, 0x0000, 0x0000,
    0x0000, 0x0000, 0x0000, 0x0000, 0x0000, 0x0000, 0x0000, 0x0000, 0x0000, 0x0000, 0x0000, 0x0000, 0x0000, 0x0000, 0x0000, 0x0000,
    0x0000, 0x0000, 0x0000, 0x2966, 0x5AAB, 0x528B, 0x528B, 0x528B, 0x528B, 0x526B, 0x526B, 0x526B, 0x526B, 0x526B, 0x524B, 0x524B,
    0x524A, 0x524A, 0x4A4A, 0x4A4A, 0x4A2A, 0x4A2A, 0x4A2A, 0x4A2A, 0x4A2A, 0x4A2A, 0x4A2A, 0x4A2A, 0x4A2A, 0x4A2A, 0x4A2A, 0x4A2A,
    0x4A2A, 0x4A2A, 0x4A2A, 0x4A2A, 0x4A2A, 0x4A2A, 0x4A2A, 0x4A2A, 0x4A2A, 0x4A2A, 0x4A2A, 0x522A, 0x522A, 0x522A, 0x522A, 0x522A,
    0x522A, 0x522A, 0x522A, 0x522A, 0x4A2A, 0x4A2A, 0x4A2A, 0x4A2A, 0x4A2A, 0x4A2A, 0x4A29, 0x4A29, 0x4A29, 0x4A29, 0x4A29, 0x4209,
    0x4248, 0x4248, 0x4227, 0x3A07, 0x3A07, 0x3A07, 0x3A07, 0x4A8A, 0x634C, 0x52CB, 0x31E7, 0x31C7, 0x39E7, 0x4228, 0x4AAA, 0x5B0C,
    0x52CB, 0x4229, 0x2966, 0x31A7, 0x4229, 0x3A09, 0x31C8, 0x31A9, 0x31A9, 0x31CA, 0x31AA, 0x31AA, 0x31CB, 0x3A0C, 0x39EC, 0x31AB,
    0x31AB, 0x39ED, 0x39CD, 0x31AC, 0x39EC, 0x39EB, 0x31C8, 0x3186, 0x2965, 0x2965, 0x3186, 0x2966, 0x2925, 0x3186, 0x2945, 0x2104,
    0x2925, 0x2104, 0x2124, 0x18C3, 0x2104, 0x2965, 0x2924, 0x2124, 0x2104, 0x2124, 0x18C3, 0x18C3, 0x18E3, 0x18A2, 0x18C2, 0x18C2,
    0x18C2, 0x20E2, 0x3123, 0x4163, 0x5A05, 0x7287, 0x82E8, 0x8B28, 0x9369, 0x9B6A, 0x9B8A, 0x9B8A, 0x9B6A, 0x9B29, 0xAB8B, 0xCC4E,
    0xD42E, 0xD46E, 0xBBAB, 0xAB29, 0xC42D, 0xCC6E, 0xC42E, 0xBBEC, 0xC42E, 0xCC4E, 0xC42E, 0xCC8F, 0xD4D0, 0xD4B0, 0xC44E, 0xB3CC,
    0xA34A, 0x8A87, 0x7A26, 0x9B6A, 0xCD0F, 0xD530, 0xCD0F, 0xC48D, 0xBC6D, 0xC48D, 0xC48D, 0xC4AE, 0xC4AE, 0xC4AE, 0xCCAE, 0xCCCF,
    0xCCCE, 0xC4AE, 0xC4AE, 0xCCAE, 0xC4AE, 0xC4AE, 0xC48E, 0xC48E, 0xC48E, 0xA3CB, 0xA3CB, 0x93AC, 0x18A1, 0x0000, 0x0000, 0x0000,
    0x0000, 0x0000, 0x0000, 0x0000, 0x0000, 0x0000, 0x0000, 0x0000, 0x0000, 0x0000, 0x0000, 0x0000, 0x0000, 0x0000, 0x0000, 0x0000,
    0x0000, 0x0000, 0x0000, 0x0000, 0x0000, 0x0000, 0x0000, 0x0000, 0x0000, 0x0000, 0x0000, 0x0000, 0x0000, 0x0000, 0x0000, 0x0000,
    0x0000, 0x0000, 0x0000, 0x0000, 0x0000, 0x0000, 0x0000, 0x0000, 0x0000, 0x0000, 0x0000, 0x0000, 0x0000, 0x0000, 0x0000, 0x0000,
    0x0000, 0x0000, 0x0000, 0x0000, 0x3166, 0x5ACB, 0x5A8B, 0x528B, 0x528B, 0x526B, 0x526B, 0x524B, 0x526B, 0x526B, 0x524B, 0x524B,
    0x524A, 0x524A, 0x524A, 0x4A4A, 0x4A4A, 0x4A2A, 0x4A2A, 0x4A2A, 0x4A2A, 0x4A2A, 0x4A2A, 0x4A2A, 0x4A2A, 0x4A2A, 0x4A2A, 0x4A2A,
    0x4A2A, 0x4A2A, 0x4A2A, 0x4A2A, 0x4A2A, 0x4A2A, 0x4A2A, 0x4A2A, 0x4A2A, 0x4A2A, 0x524A, 0x524A, 0x524A, 0x524A, 0x524A, 0x524A,
    0x524A, 0x524A, 0x524A, 0x524A, 0x524A, 0x524A, 0x524A, 0x524A, 0x524A, 0x524A, 0x524A, 0x4A2A, 0x4A2A, 0x4A2A, 0x4A2A, 0x4A09,
    0x4248, 0x4248, 0x3A07, 0x39E6, 0x3A07, 0x39E7, 0x31E7, 0x4228, 0x5AEB, 0x5B0B, 0x3A28, 0x31C6, 0x39E7, 0x4248, 0x4A69, 0x4249,
    0x2986, 0x10E4, 0x18E4, 0x2987, 0x29A7, 0x2987, 0x2987, 0x31A8, 0x31A9, 0x31C9, 0x31A9, 0x31AA, 0x39EA, 0x424B, 0x424C, 0x422C,
    0x422C, 0x422D, 0x424E, 0x4A4E, 0x4A6D, 0x4A6C, 0x39E9, 0x2966, 0x3186, 0x3186, 0x2965, 0x2945, 0x2125, 0x3186, 0x2125, 0x2124,
    0x2945, 0x2925, 0x20E4, 0x18C3, 0x2966, 0x2945, 0x2944, 0x2124, 0x2104, 0x2945, 0x18A3, 0x18C3, 0x18E3, 0x18A2, 0x18C2, 0x18C2,
    0x20E2, 0x28E2, 0x3963, 0x49A4, 0x6205, 0x7AA7, 0x8308, 0x9349, 0x9369, 0x9B6A, 0x9B8A, 0x9B8A, 0x9B6A, 0x9B29, 0xA34A, 0xCC4E,
    0xCC2E, 0xD44E, 0xD44E, 0xAB29, 0xB38B, 0xCC8E, 0xD4F0, 0xCCAF, 0xC40D, 0xC40D, 0xC42E, 0xCC6F, 0xCC8F, 0xD4B0, 0xCC6F, 0xBBED,
    0xAB8B, 0x8AC8, 0x7A26, 0xB40D, 0xD530, 0xD50F, 0xC4AE, 0xB42B, 0xBC4C, 0xC48D, 0xC48D, 0xCCCE, 0xCCCF, 0xCCCF, 0xCCAE, 0xC4AE,
    0xC4AE, 0xC4AE, 0xC4AE, 0xC4AE, 0xC4AE, 0xC4AE, 0xC48E, 0xC48E, 0xC48E, 0xB44D, 0xAC2D, 0x4185, 0x0000, 0x0000, 0x0000, 0x0000,
    0x0000, 0x0000, 0x0000, 0x0000, 0x0000, 0x0000, 0x0000, 0x0000, 0x0000, 0x0000, 0x0000, 0x0000, 0x0000, 0x0000, 0x0000, 0x0000,
    0x0000, 0x0000, 0x0000, 0x0000, 0x0000, 0x0000, 0x0000, 0x0000, 0x0000, 0x0000, 0x0000, 0x0000, 0x0000, 0x0000, 0x0000, 0x0000,
    0x0000, 0x0000, 0x0000, 0x0000, 0x0000, 0x0000, 0x0000, 0x0000, 0x0000, 0x0000, 0x0000, 0x0000, 0x0000, 0x0000, 0x0000, 0x0000,
    0x0000, 0x0000, 0x0000, 0x0000, 0x0000, 0x3187, 0x62CC, 0x528B, 0x528B, 0x526B, 0x526B, 0x526B, 0x526B, 0x526B, 0x524B, 0x524B,
    0x524A, 0x524A, 0x524A, 0x524A, 0x4A4A, 0x4A4A, 0x4A4A, 0x524A, 0x524A, 0x524A, 0x524A, 0x4A2A, 0x4A2A, 0x4A2A, 0x4A2A, 0x4A2A,
    0x4A2A, 0x4A2A, 0x4A2A, 0x4A2A, 0x4A2A, 0x4A2A, 0x4A2A, 0x4A2A, 0x4A2A, 0x524A, 0x524A, 0x524A, 0x524A, 0x524A, 0x524A, 0x524A,
    0x524A, 0x524A, 0x524A, 0x524A, 0x524A, 0x524A, 0x524A, 0x524A, 0x524A, 0x524A, 0x524A, 0x524A, 0x524A, 0x524A, 0x524A, 0x4A09,
    0x4A69, 0x4248, 0x3A07, 0x39E6, 0x3A07, 0x39E7, 0x31C6, 0x31E7, 0x4269, 0x5AEB, 0x52AA, 0x39E7, 0x39E7, 0x4248, 0x31C7, 0x1904,
    0x10A3, 0x10E4, 0x2125, 0x2966, 0x2986, 0x2987, 0x31A8, 0x31A8, 0x31C9, 0x31CA, 0x31C9, 0x39CA, 0x3A0A, 0x424B, 0x424C, 0x422C,
    0x422C, 0x422D, 0x422D, 0x424D, 0x424D, 0x424C, 0x39C9, 0x39C8, 0x39A7, 0x2966, 0x3186, 0x3166, 0x2945, 0x3186, 0x2945, 0x2966,
    0x2945, 0x2125, 0x2104, 0x2124, 0x2945, 0x20E3, 0x2945, 0x2945, 0x2945, 0x2124, 0x18C3, 0x18C3, 0x18C3, 0x18A2, 0x18C2, 0x20C2,
    0x20E2, 0x3102, 0x4184, 0x51E4, 0x6246, 0x7AC8, 0x8B08, 0x9349, 0x9B69, 0x9B8A, 0xA3AA, 0x9B8A, 0x9B8A, 0x9B69, 0x9B29, 0xC40D,
    0xCC4E, 0xD44E, 0xDC8F, 0xC3ED, 0xB34A, 0xC42D, 0xD4CF, 0xDD51, 0xDD11, 0xC42D, 0xB3CC, 0xC42D, 0xC44E, 0xC42E, 0xC40D, 0xBBEC,
    0xABAB, 0x9309, 0x7A26, 0xB40C, 0xCCEF, 0xCCCE, 0xBC4C, 0xA3AA, 0xB42B, 0xC48D, 0xC4AD, 0xCCCE, 0xCCCF, 0xCCCF, 0xCCCF, 0xCCCF,
    0xCCCE, 0xCCAE, 0xCCAE, 0xCCAE, 0xC4AE, 0xC4AE, 0xC48E, 0xC48E, 0xCCCF, 0xA42E, 0x3944, 0x0000, 0x0000, 0x0000, 0x0000, 0x0000,
    0x0000, 0x0000, 0x0000, 0x0000, 0x0000, 0x0000, 0x0000, 0x0000, 0x0000, 0x0000, 0x0000, 0x0000, 0x0000, 0x0000, 0x0000, 0x0000,
    0x0000, 0x0000, 0x0000, 0x0000, 0x0000, 0x0000, 0x0000, 0x0000, 0x0000, 0x0000, 0x0000, 0x0000, 0x0000, 0x0000, 0x0000, 0x0000,
    0x0000, 0x0000, 0x0000, 0x0000, 0x0000, 0x0000, 0x0000, 0x0000, 0x0000, 0x0000, 0x0000, 0x0000, 0x0000, 0x0000, 0x0000, 0x0000,
    0x0000, 0x0000, 0x0000, 0x0000, 0x0000, 0x0000, 0x4A09, 0x5AAC, 0x526B, 0x526B, 0x526B, 0x526B, 0x524B, 0x524B, 0x524B, 0x524B,
    0x524A, 0x524A, 0x524A, 0x524A, 0x4A4A, 0x4A4A, 0x4A4A, 0x524A, 0x524A, 0x524A, 0x524A, 0x524A, 0x524A, 0x524A, 0x524A, 0x524A,
    0x4A2A, 0x4A2A, 0x4A2A, 0x4A2A, 0x4A2A, 0x4A2A, 0x4A2A, 0x4A2A, 0x524A, 0x524A, 0x524A, 0x524A, 0x4A4A, 0x4A4A, 0x4A4A, 0x4A4A,
    0x4A4A, 0x524A, 0x524A, 0x524A, 0x524A, 0x524A, 0x524A, 0x524A, 0x524A, 0x524A, 0x524A, 0x526A, 0x524A, 0x524A, 0x526A, 0x4A2A,
    0x4AA9, 0x4268, 0x3A07, 0x39E7, 0x3A07, 0x3A07, 0x31C6, 0x31A6, 0x31E7, 0x4269, 0x4A89, 0x39E7, 0x31A6, 0x2145, 0x10C3, 0x10C3,
    0x1904, 0x2165, 0x31C7, 0x39E8, 0x3A08, 0x3A09, 0x39E9, 0x39E9, 0x39E9, 0x39EA, 0x39EA, 0x420A, 0x424B, 0x4A6D, 0x4A4D, 0x422D,
    0x420C, 0x422D, 0x422E, 0x4A4E, 0x4A4E, 0x4A4D, 0x424B, 0x4209, 0x39A7, 0x3187, 0x3187, 0x3166, 0x3186, 0x3186, 0x2966, 0x3166,
    0x2925, 0x2125, 0x2104, 0x2945, 0x2104, 0x2945, 0x2945, 0x2124, 0x2966, 0x18C3, 0x18E3, 0x18E3, 0x18E3, 0x18A2, 0x18C2, 0x20E3,
    0x2902, 0x3943, 0x49A4, 0x5A05, 0x6A86, 0x8308, 0x8B28, 0x9349, 0x9B69, 0xA38A, 0xA3AA, 0xA3AA, 0x9B8A, 0x9B8A, 0x9B29, 0xB3CB,
    0xCC4E, 0xD44E, 0xDC8F, 0xDC8F, 0xBBAC, 0xBB8B, 0xCC4E, 0xD4F0, 0xE592, 0xE572, 0xCC8F, 0xB3AB, 0xBBEC, 0xBBEC, 0xB3CC, 0xB3AC,
    0xABAB, 0x9B29, 0x7A05, 0xA369, 0xC4AE, 0xC46D, 0xB40B, 0xA389, 0xB40B, 0xC48D, 0xC4AE, 0xCCCE, 0xCCCF, 0xCCCF, 0xCCEF, 0xCCEF,
    0xCCCF, 0xCCCE, 0xCCAE, 0xCCAE, 0xC4AE, 0xC48E, 0xC48E, 0xD510, 0xA40D, 0x20C2, 0x0000, 0x0000, 0x0000, 0x0000, 0x0000, 0x0000,
    0x0000, 0x0000, 0x0000, 0x0000, 0x0000, 0x0000, 0x0000, 0x0000, 0x0000, 0x0000, 0x0000, 0x0000, 0x0000, 0x0000, 0x0000, 0x0000,
    0x0000, 0x0000, 0x0000, 0x0000, 0x0000, 0x0000, 0x0000, 0x0000, 0x0000, 0x0000, 0x0000, 0x0000, 0x0000, 0x0000, 0x0000, 0x0000,
    0x0000, 0x0000, 0x0000, 0x0000, 0x0000, 0x0000, 0x0000, 0x0000, 0x0000, 0x0000, 0x0000, 0x0000, 0x0000, 0x0000, 0x0000, 0x0000,
    0x0000, 0x0000, 0x0000, 0x0000, 0x0000, 0x0000, 0x18A3, 0x5A8B, 0x526B, 0x526B, 0x526B, 0x526B, 0x526B, 0x526B, 0x524B, 0x524B,
    0x524A, 0x524A, 0x524A, 0x524A, 0x524A, 0x524A, 0x524A, 0x524A, 0x4A4A, 0x4A4A, 0x4A4A, 0x4A4A, 0x524A, 0x524A, 0x524A, 0x4A4A,
    0x4A4A, 0x4A4A, 0x4A4A, 0x4A4A, 0x4A4A, 0x524A, 0x524A, 0x524A, 0x524A, 0x524A, 0x524A, 0x524A, 0x524A, 0x524A, 0x524A, 0x524A,
    0x4A4A, 0x524A, 0x524A, 0x524A, 0x524A, 0x524A, 0x524A, 0x524A, 0x524A, 0x524A, 0x524A, 0x526B, 0x526B, 0x526B, 0x526B, 0x4A2A,
    0x4268, 0x3A27, 0x39E6, 0x31A6, 0x31C6, 0x31C6, 0x29A6, 0x2985, 0x2985, 0x31A6, 0x2986, 0x2124, 0x10C3, 0x10A2, 0x1904, 0x2145,
    0x31A6, 0x3A08, 0x4228, 0x4249, 0x4249, 0x4249, 0x4229, 0x3A09, 0x3A09, 0x420A, 0x422A, 0x422B, 0x4A4C, 0x4A6D, 0x4A6D, 0x422D,
    0x420D, 0x420D, 0x4A4F, 0x528F, 0x528F, 0x52AF, 0x528D, 0x420A, 0x39E9, 0x39A7, 0x39A7, 0x3987, 0x3166, 0x3166, 0x3186, 0x2946,
    0x2945, 0x3166, 0x2925, 0x2925, 0x2924, 0x2944, 0x2944, 0x2104, 0x2945, 0x18C3, 0x2104, 0x18E3, 0x20E3, 0x18C2, 0x20E2, 0x2103,
    0x2902, 0x4164, 0x51C5, 0x6246, 0x6AA6, 0x8308, 0x8B28, 0x9349, 0x9B89, 0xA38A, 0xA3AA, 0xA3AA, 0xA3AA, 0xA3AA, 0x9B69, 0xA369,
    0xCC2D, 0xD44E, 0xDC8F, 0xDC8F, 0xD46E, 0xB38B, 0xBBAB, 0xCC6E, 0xD4F0, 0xDD72, 0xE592, 0xD4CF, 0xB3CC, 0xB3CC, 0xB3CC, 0xB3AB,
    0xAB8B, 0x92E8, 0x7A05, 0x92E8, 0xC44D, 0xBC4C, 0xB3EB, 0xABAA, 0xBC2C, 0xC48D, 0xC4AE, 0xCCCE, 0xCCCF, 0xCCCF, 0xCCEF, 0xCCCF,
    0xCCCE, 0xCCCF, 0xCCCE, 0xC4AE, 0xC4AE, 0xC48E, 0xD4F0, 0x938C, 0x1081, 0x0000, 0x0020, 0x0000, 0x0000, 0x0000, 0x0000, 0x0000,
    0x0000, 0x0000, 0x0000, 0x0000, 0x0000, 0x0000, 0x0000, 0x0000, 0x0000, 0x0000, 0x0000, 0x0000, 0x0000, 0x0000, 0x0000, 0x0000,
    0x0000, 0x0000, 0x0000, 0x0000, 0x0000, 0x0000, 0x0000, 0x0000, 0x0000, 0x0000, 0x0000, 0x0000, 0x0000, 0x0020, 0x0840, 0x0000,
    0x0000, 0x0000, 0x0000, 0x0000, 0x0000, 0x0000, 0x0000, 0x0000, 0x0000, 0x0000, 0x0000, 0x0000, 0x0000, 0x0000, 0x0000, 0x0000,
    0x0000, 0x0000, 0x0000, 0x0000, 0x0000, 0x0000, 0x0000, 0x4A09, 0x528C, 0x4A6B, 0x4A6B, 0x4A6B, 0x4A6B, 0x4A6B, 0x4A6B, 0x4A6B,
    0x524A, 0x524A, 0x524A, 0x524A, 0x524A, 0x524A, 0x524A, 0x4A4B, 0x4A4B, 0x4A4A, 0x4A4A, 0x4A4B, 0x4A4B, 0x4A4B, 0x4A4A, 0x4A4A,
    0x4A4A, 0x4A4A, 0x4A4A, 0x4A4A, 0x4A4A, 0x4A4A, 0x524A, 0x524A, 0x524A, 0x524A, 0x524A, 0x524A, 0x524A, 0x524A, 0x524A, 0x524A,
    0x524A, 0x524A, 0x524A, 0x524A, 0x526B, 0x526B, 0x526B, 0x526B, 0x526B, 0x526B, 0x526B, 0x526B, 0x526B, 0x526B, 0x526B, 0x4A2A,
    0x39E7, 0x31C6, 0x31A6, 0x2985, 0x2144, 0x2144, 0x2144, 0x2144, 0x2144, 0x2124, 0x18E3, 0x10C3, 0x10C3, 0x1904, 0x2965, 0x31C7,
    0x3A08, 0x4228, 0x4228, 0x4249, 0x4249, 0x4249, 0x4249, 0x4209, 0x4209, 0x422A, 0x422B, 0x422B, 0x422B, 0x4A4C, 0x422C, 0x420C,
    0x420D, 0x4A2E, 0x526F, 0x5290, 0x5AB1, 0x62F1, 0x52AF, 0x422C, 0x420B, 0x41E9, 0x39A7, 0x3987, 0x2945, 0x3166, 0x3166, 0x2946,
    0x3146, 0x3166, 0x2945, 0x2945, 0x2924, 0x2944, 0x2924, 0x2945, 0x2944, 0x20E3, 0x2104, 0x2103, 0x2103, 0x20E3, 0x20E2, 0x2923,
    0x3123, 0x4184, 0x51E5, 0x6AA7, 0x7AE7, 0x8328, 0x9369, 0x9B89, 0xA3AA, 0xA3AA, 0xA3AA, 0xA3AA, 0xA3AA, 0xA3CA, 0x9B8A, 0x9B49,
    0xB3CB, 0xD44E, 0xD44E, 0xDCAF, 0xE4D0, 0xD46E, 0xB3AB, 0xBBEC, 0xC46E, 0xCCCF, 0xDD31, 0xE551, 0xD510, 0xC44E, 0xBBEC, 0xB3CC,
    0xB3AB, 0x9B08, 0x8A86, 0xA36A, 0xC46D, 0xBC4C, 0xB3EB, 0xABEB, 0xBC4C, 0xC48D, 0xC4AE, 0xCCCE, 0xCCCF, 0xCCCE, 0xCCCF, 0xCCCF,
    0xCCCE, 0xCCCF, 0xCCAE, 0xC4AE, 0xC48E, 0xCD10, 0x936B, 0x0820, 0x0000, 0x0000, 0x0000, 0x0000, 0x0000, 0x0000, 0x0000, 0x0000,
    0x0000, 0x0000, 0x0000, 0x0000, 0x0000, 0x0000, 0x0000, 0x0000, 0x0000, 0x0000, 0x0000, 0x0000, 0x0000, 0x0000, 0x0000, 0x0000,
    0x0000, 0x0000, 0x0000, 0x0000, 0x0000, 0x2103, 0x5A68, 0x72E9, 0x8BAC, 0x9C2E, 0xB4D1, 0xBCF1, 0xBD11, 0xD5F4, 0x5AAA, 0x0000,
    0x0000, 0x0000, 0x0000, 0x0000, 0x0000, 0x0000, 0x0000, 0x0000, 0x0000, 0x0800, 0x41A6, 0x4A07, 0x1061, 0x0000, 0x0000, 0x0000,
    0x0000, 0x0000, 0x0000, 0x0000, 0x0000, 0x0000, 0x0000, 0x39C8, 0x528C, 0x4A4B, 0x4A4B, 0x4A4B, 0x4A4B, 0x4A4B, 0x4A4B, 0x4A4B,
    0x4A4B, 0x4A4B, 0x4A4B, 0x4A4B, 0x4A4B, 0x4A6B, 0x526B, 0x4A4B, 0x4A4B, 0x4A4B, 0x4A4B, 0x4A4B, 0x4A4B, 0x4A4B, 0x4A4B, 0x4A4B,
    0x4A4A, 0x4A4A, 0x4A4A, 0x4A4A, 0x4A4A, 0x4A4A, 0x524B, 0x524B, 0x524B, 0x524B, 0x524B, 0x524B, 0x524B, 0x524A, 0x524A, 0x524B,
    0x524A, 0x524A, 0x524A, 0x524B, 0x526B, 0x526B, 0x526B, 0x526B, 0x526B, 0x526B, 0x526B, 0x526B, 0x526B, 0x526B, 0x526B, 0x4A2A,
    0x31C6, 0x31A6, 0x31A6, 0x29A5, 0x2164, 0x2124, 0x2124, 0x2124, 0x1903, 0x1903, 0x18E3, 0x1904, 0x2124, 0x2965, 0x31C6, 0x3A07,
    0x3A08, 0x4228, 0x4228, 0x4228, 0x4228, 0x4228, 0x4229, 0x4229, 0x422A, 0x424A, 0x4A4B, 0x424B, 0x422B, 0x422B, 0x422C, 0x422C,
    0x4A4D, 0x526F, 0x5290, 0x5291, 0x5AD2, 0x5AF2, 0x52B1, 0x528E, 0x4A4C, 0x41EA, 0x3187, 0x3987, 0x3166, 0x3987, 0x2946, 0x3166,
    0x2946, 0x2945, 0x2924, 0x3165, 0x2964, 0x3165, 0x3165, 0x39C6, 0x2944, 0x20E3, 0x2103, 0x2924, 0x2924, 0x2103, 0x2923, 0x3143,
    0x3963, 0x51C5, 0x6225, 0x72C7, 0x7B28, 0x8B49, 0x9B8A, 0x9BAA, 0xA3AA, 0xA3AA, 0xA3AA, 0xA3AA, 0xA3CA, 0xA3CB, 0xA3AA, 0x9B69,
    0x9B49, 0xC42D, 0xD46E, 0xDC8F, 0xE4D0, 0xE4F0, 0xCC6E, 0xBBEC, 0xBC0C, 0xBC4D, 0xCCAF, 0xD510, 0xDD31, 0xDD10, 0xCC6E, 0xBC2D,
    0xBC2D, 0xBC2C, 0xB3EC, 0xBC4D, 0xC48D, 0xBC4C, 0xB42C, 0xBC2C, 0xBC6D, 0xC48D, 0xC4AE, 0xC4AE, 0xCCAE, 0xCCCE, 0xCCCF, 0xCCCF,
    0xCCAE, 0xCCAE, 0xC4AE, 0xC48E, 0xCCEF, 0x93AC, 0x0840, 0x0000, 0x0020, 0x0000, 0x0000, 0x0000, 0x0000, 0x0000, 0x0000, 0x0000,
    0x0000, 0x0000, 0x0000, 0x0000, 0x0000, 0x0000, 0x0000, 0x0000, 0x0000, 0x0000, 0x0000, 0x0000, 0x0000, 0x0000, 0x0000, 0x0000,
    0x0000, 0x0000, 0x0000, 0x0000, 0x0000, 0x41C6, 0xFF19, 0xFEF7, 0xFF18, 0xFEF7, 0xFEF7, 0xFED7, 0xFEF8, 0xF6B6, 0x2903, 0x0000,
    0x0000, 0x0000, 0x0000, 0x0000, 0x0000, 0x0000, 0x0000, 0x0000, 0x3985, 0xC533, 0xFED8, 0xFEF8, 0xDDF5, 0x5207, 0x0000, 0x0000,
    0x0000, 0x0000, 0x0000, 0x0000, 0x0000, 0x0000, 0x0000, 0x4209, 0x526C, 0x4A4B, 0x4A6B, 0x4A6B, 0x4A6B, 0x4A6B, 0x4A6B, 0x4A6B,
    0x526B, 0x526B, 0x526B, 0x4A6B, 0x4A6B, 0x526B, 0x526B, 0x4A4B, 0x4A4B, 0x4A4B, 0x4A4B, 0x4A4B, 0x4A4B, 0x4A4B, 0x4A4B, 0x4A4B,
    0x4A4A, 0x4A4A, 0x4A4A, 0x4A4A, 0x4A4A, 0x4A4B, 0x524B, 0x524B, 0x524B, 0x524B, 0x524B, 0x524B, 0x524B, 0x524B, 0x526B, 0x526B,
    0x526B, 0x526B, 0x526B, 0x526B, 0x526B, 0x526B, 0x526B, 0x526B, 0x526B, 0x526B, 0x526B, 0x526B, 0x526B, 0x526B, 0x526A, 0x4A2A,
    0x3A07, 0x4248, 0x4227, 0x31C6, 0x29A5, 0x2965, 0x2165, 0x2144, 0x2144, 0x2124, 0x2124, 0x2965, 0x31A6, 0x39E7, 0x3A07, 0x3A07,
    0x4228, 0x4248, 0x4228, 0x4228, 0x4228, 0x4228, 0x4229, 0x424A, 0x4A4A, 0x424A, 0x424B, 0x422A, 0x422A, 0x422B, 0x422C, 0x4A4D,
    0x4A6E, 0x526F, 0x5291, 0x5AD2, 0x5AD3, 0x5AD2, 0x62F2, 0x528E, 0x4A4C, 0x39E9, 0x39A8, 0x39C8, 0x3187, 0x3187, 0x3187, 0x3167,
    0x3146, 0x3166, 0x2945, 0x39A5, 0x3185, 0x3185, 0x3164, 0x39A5, 0x2924, 0x20E3, 0x2924, 0x2923, 0x2923, 0x2944, 0x3143, 0x4184,
    0x41A4, 0x5A05, 0x6A66, 0x7AE7, 0x8348, 0x8B49, 0x9B8A, 0xA3AA, 0xA3CB, 0xABCB, 0xABCB, 0xABCB, 0xA3CB, 0xA3CB, 0xA3AA, 0x9B89,
    0x9328, 0xABAA, 0xCC6E, 0xD46E, 0xDCD0, 0xE511, 0xDCF0, 0xD4AF, 0xC46E, 0xBC0D, 0xB40C, 0xC46E, 0xCCCF, 0xD4F0, 0xD4CF, 0xC48E,
    0xC4AE, 0xD50F, 0xCCEF, 0xC4AE, 0xBC6D, 0xBC4C, 0xBC4D, 0xC46D, 0xC48D, 0xC48D, 0xC48E, 0xC48E, 0xC4AE, 0xCCAE, 0xCCCF, 0xCCCF,
    0xC4AE, 0xC4AE, 0xC48E, 0xCCEF, 0xA3EC, 0x1041, 0x0000, 0x0000, 0x0000, 0x0000, 0x0000, 0x0000, 0x0000, 0x0000, 0x0000, 0x0000,
    0x0000, 0x0000, 0x0000, 0x0000, 0x0000, 0x1882, 0x5A48, 0x5A48, 0x28E3, 0x0000, 0x0000, 0x0020, 0x0000, 0x0000, 0x0000, 0x0000,
    0x0000, 0x0000, 0x0000, 0x0000, 0x0000, 0x0840, 0xD5D4, 0xFE96, 0xFE76, 0xFE76, 0xFE76, 0xFE76, 0xFEB7, 0xCDB3, 0x0820, 0x0000,
    0x0000, 0x0000, 0x0000, 0x0000, 0x0000, 0x0000, 0x0000, 0x5ACA, 0xF6B8, 0xFED7, 0xFE96, 0xFE96, 0xFED7, 0xFEB7, 0x8B8C, 0x0000,
    0x0000, 0x0020, 0x0000, 0x0000, 0x0000, 0x0000, 0x2925, 0x528C, 0x526C, 0x526C, 0x526C, 0x526C, 0x526C, 0x526C, 0x526C, 0x526C,
    0x526B, 0x526B, 0x526C, 0x526B, 0x526B, 0x526B, 0x526B, 0x526B, 0x526B, 0x526B, 0x526B, 0x4A4B, 0x4A4B, 0x4A4B, 0x4A4B, 0x4A4B,
    0x4A4B, 0x4A4B, 0x4A4B, 0x4A4B, 0x4A4B, 0x524B, 0x524B, 0x524B, 0x524B, 0x524B, 0x524B, 0x524B, 0x524B, 0x524B, 0x524B, 0x524B,
    0x524B, 0x526B, 0x526B, 0x526B, 0x526B, 0x526B, 0x526B, 0x526B, 0x526B, 0x526B, 0x526B, 0x526B, 0x526B, 0x526B, 0x526B, 0x4A2A,
    0x4A68, 0x4A89, 0x4248, 0x39E6, 0x31A5, 0x29A5, 0x2985, 0x2164, 0x2164, 0x2985, 0x2986, 0x31C6, 0x3A07, 0x4228, 0x4228, 0x4248,
    0x4268, 0x4248, 0x4228, 0x4228, 0x4229, 0x4249, 0x4249, 0x424A, 0x4A4A, 0x4A4A, 0x420A, 0x39E9, 0x420A, 0x424B, 0x4A6D, 0x4A6E,
    0x528E, 0x52B0, 0x5AB2, 0x5AD3, 0x5AD3, 0x5AD2, 0x5AD1, 0x52AF, 0x526D, 0x420B, 0x420A, 0x39C9, 0x3187, 0x3187, 0x3187, 0x3167,
    0x3187, 0x3166, 0x3165, 0x39C6, 0x3984, 0x39A5, 0x3985, 0x3165, 0x3165, 0x20E3, 0x2944, 0x3165, 0x2944, 0x3964, 0x3963, 0x41A4,
    0x51E5, 0x6246, 0x7286, 0x7AE7, 0x8B28, 0x9349, 0x9B8A, 0xA3AA, 0xA3CB, 0xABEB, 0xABEB, 0xABEB, 0xABEB, 0xA3CB, 0xA3CA, 0xA3AA,
    0x9B69, 0x9B29, 0xBBEC, 0xCC6E, 0xDCAF, 0xE511, 0xE4F0, 0xDCD0, 0xD4AF, 0xC46E, 0xB40C, 0xABCB, 0xBC2C, 0xC46D, 0xC44D, 0xBC4D,
    0xC4AE, 0xCCEF, 0xC48D, 0xBC4C, 0xBC4C, 0xBC6D, 0xC48D, 0xC48E, 0xC48E, 0xC48E, 0xC48E, 0xC48E, 0xC48E, 0xC4AE, 0xC4AE, 0xC4AE,
    0xC4AE, 0xC4AE, 0xCCCF, 0xA40D, 0x18A2, 0x0000, 0x0000, 0x0000, 0x0000, 0x0000, 0x0000, 0x0000, 0x0000, 0x0000, 0x0000, 0x0000,
    0x0000, 0x0000, 0x0000, 0x0000, 0x5227, 0xDE16, 0xFF19, 0xFED8, 0xF696, 0xA46F, 0x20E3, 0x0000, 0x0000, 0x0000, 0x0000, 0x0000,
    0x0000, 0x0000, 0x0000, 0x0000, 0x0000, 0x0000, 0xB4AF, 0xFEF7, 0xFE76, 0xFE96, 0xFE96, 0xFE76, 0xFED7, 0xC572, 0x0800, 0x0000,
    0x0000, 0x0000, 0x0000, 0x0000, 0x0020, 0x0000, 0x5A68, 0xFEF8, 0xFE96, 0xFE75, 0xFE96, 0xFE96, 0xFE76, 0xFE96, 0xFF18, 0xB4B0,
    0x20E3, 0x0000, 0x0000, 0x0000, 0x0000, 0x2124, 0x528B, 0x526C, 0x526C, 0x526C, 0x526C, 0x526C, 0x526C, 0x526C, 0x526C, 0x526C,
    0x526C, 0x526C, 0x526C, 0x526C, 0x526C, 0x526C, 0x526C, 0x526C, 0x526C, 0x526C, 0x526B, 0x526B, 0x526B, 0x526B, 0x526B, 0x526B,
    0x526B, 0x526B, 0x526B, 0x526B, 0x4A4B, 0x524B, 0x524B, 0x526B, 0x526B, 0x526B, 0x526B, 0x526B, 0x524B, 0x524B, 0x524B, 0x524B,
    0x524B, 0x526B, 0x526B, 0x526B, 0x526B, 0x526B, 0x526B, 0x526B, 0x526B, 0x526B, 0x526B, 0x526B, 0x526B, 0x526B, 0x526B, 0x4A2A,
    0x4248, 0x4248, 0x4248, 0x3A27, 0x31E6, 0x31A6, 0x31A6, 0x2985, 0x2985, 0x31C6, 0x3A07, 0x4228, 0x4248, 0x4248, 0x4248, 0x4268,
    0x4248, 0x4248, 0x4248, 0x4248, 0x4A69, 0x4A8A, 0x4A8A, 0x4A6A, 0x424A, 0x4229, 0x3A09, 0x3A09, 0x422A, 0x4A6B, 0x528D, 0x528F,
    0x52AF, 0x5AF1, 0x5AD3, 0x5AD3, 0x5AF2, 0x5AD0, 0x528F, 0x5AB0, 0x5AAF, 0x526D, 0x420B, 0x39A9, 0x39C9, 0x39A8, 0x3988, 0x3988,
    0x3988, 0x3987, 0x3186, 0x39A5, 0x39A5, 0x41C6, 0x3985, 0x41E6, 0x3985, 0x2103, 0x3144, 0x3965, 0x3144, 0x41A4, 0x49A4, 0x49C4,
    0x5A46, 0x6A86, 0x7AC7, 0x8328, 0x8B69, 0x9B69, 0xA38A, 0xA3AA, 0xA3CB, 0xABEB, 0xABEB, 0xABEB, 0xABEB, 0xABEB, 0xABCB, 0xA3AA,
    0xA38A, 0x9B49, 0xA349, 0xCC4D, 0xD48F, 0xDCD0, 0xE4D0, 0xD48F, 0xD48E, 0xCCAF, 0xC48E, 0xBC2D, 0xB3EC, 0xB3CB, 0xABCB, 0xB3EB,
    0xB40B, 0xABEB, 0xB40B, 0xB42C, 0xBC4D, 0xC48D, 0xC4AE, 0xC4AE, 0xC4AE, 0xC4AE, 0xC48E, 0xC48E, 0xC48E, 0xC4AE, 0xC4AE, 0xC4AE,
    0xC4AE, 0xCCCF, 0xB44D, 0x20A1, 0x0000, 0x0000, 0x0000, 0x0000, 0x0000, 0x0000, 0x0000, 0x0000, 0x0000, 0x0000, 0x0000, 0x0000,
    0x0000, 0x0000, 0x0000, 0x8B8C, 0xFED8, 0xFEB7, 0xF696, 0xF696, 0xFEB5, 0xFF17, 0xEE55, 0x5A68, 0x0000, 0x0000, 0x0000, 0x0000,
    0x0000, 0x0000, 0x0000, 0x0000, 0x0000, 0x0000, 0x9C2D, 0xFEF7, 0xFE76, 0xFE96, 0xFE96, 0xFE96, 0xFEB7, 0xE635, 0x1881, 0x0000,
    0x0000, 0x0000, 0x0000, 0x0020, 0x0000, 0x3144, 0xEE56, 0xFEB6, 0xFE95, 0xFE96, 0xFE96, 0xFE96, 0xFE96, 0xFE96, 0xFE75, 0xFEF7,
    0xE635, 0x72C9, 0x3103, 0x49E6, 0x1041, 0x3186, 0x5ACD, 0x526C, 0x526C, 0x526C, 0x526C, 0x526C, 0x526C, 0x526C, 0x526C, 0x526C,
    0x526C, 0x526C, 0x526C, 0x528C, 0x528C, 0x526C, 0x526C, 0x526C, 0x526C, 0x526C, 0x526C, 0x526C, 0x526C, 0x526C, 0x526B, 0x526B,
    0x526B, 0x526B, 0x4A4B, 0x4A4B, 0x4A4B, 0x4A4B, 0x4A4B, 0x4A4B, 0x4A4B, 0x4A4B, 0x526B, 0x526B, 0x526B, 0x526B, 0x526B, 0x526B,
    0x526B, 0x526B, 0x526B, 0x526B, 0x526B, 0x526B, 0x526B, 0x526B, 0x526B, 0x526B, 0x526B, 0x526B, 0x526B, 0x526B, 0x526B, 0x4A2A,
    0x4248, 0x4A68, 0x4268, 0x4248, 0x3A07, 0x31E6, 0x31C6, 0x31C6, 0x39E7, 0x4228, 0x4248, 0x4268, 0x4A69, 0x4A89, 0x4A89, 0x4A68,
    0x4248, 0x4248, 0x4A68, 0x4A69, 0x4A8A, 0x52AA, 0x52AA, 0x4A6A, 0x4229, 0x3A09, 0x3A09, 0x422A, 0x424A, 0x4A8B, 0x52CD, 0x5ACF,
    0x5AF0, 0x6311, 0x6313, 0x6312, 0x5AD0, 0x528E, 0x4A6E, 0x5AD0, 0x5ACF, 0x4A6D, 0x41EB, 0x39C9, 0x39A8, 0x3167, 0x3168, 0x3168,
    0x3989, 0x3988, 0x39C7, 0x39A5, 0x41C6, 0x4A07, 0x41E6, 0x49E6, 0x41A5, 0x3164, 0x3985, 0x3964, 0x41C5, 0x49A4, 0x5A26, 0x6246,
    0x6A86, 0x72C7, 0x8308, 0x8B69, 0x9389, 0x9BAA, 0xA3AA, 0xA3CB, 0xABEB, 0xABEB, 0xABEB, 0xABEB, 0xABEB, 0xABEB, 0xABEB, 0xA3CA,
    0xA38A, 0x9B69, 0x9B28, 0xB3AB, 0xD46E, 0xD46E, 0xDC6F, 0xD46E, 0xD48E, 0xD4CF, 0xCCCF, 0xCCAF, 0xC46E, 0xBC2C, 0xB40C, 0xBC0C,
    0xB42C, 0xB42C, 0xBC4C, 0xBC4D, 0xBC6D, 0xC48E, 0xC4AE, 0xC4AE, 0xC48E, 0xC48D, 0xC48D, 0xC48E, 0xC48E, 0xC4AE, 0xC4AE, 0xC4AE,
    0xC4AE, 0xBC8E, 0x3124, 0x0000, 0x0020, 0x0000, 0x0000, 0x0000, 0x0000, 0x0000, 0x0000, 0x0000, 0x0000, 0x0000, 0x0000, 0x0000,
    0x0000, 0x0820, 0xA46F, 0xFF38, 0xFE95, 0xFE75, 0xFE96, 0xFE96, 0xFE96, 0xFE76, 0xFEB6, 0xFEF7, 0x940E, 0x0820, 0x0000, 0x0020,
    0x0000, 0x0000, 0x0000, 0x0000, 0x0000, 0x0000, 0xB4D0, 0xFEF7, 0xFE75, 0xFE96, 0xFE96, 0xFE96, 0xFE76, 0xFF17, 0x7B4B, 0x0000,
    0x0000, 0x0000, 0x0000, 0x0000, 0x2903, 0xDDD4, 0xFED6, 0xFE95, 0xFE96, 0xFE96, 0xFE96, 0xFE96, 0xFE96, 0xFE96, 0xFE96, 0xFE75,
    0xFEB6, 0xFEF7, 0xFE75, 0xFF18, 0xA490, 0x0000, 0x422A, 0x528D, 0x526C, 0x526C, 0x526C, 0x526C, 0x526C, 0x526C, 0x526C, 0x526C,
    0x526C, 0x526C, 0x528C, 0x528C, 0x528C, 0x528C, 0x526C, 0x526C, 0x526C, 0x526C, 0x526C, 0x526C, 0x526C, 0x526C, 0x526C, 0x526C,
    0x526B, 0x526B, 0x4A4B, 0x4A4B, 0x4A2B, 0x4A2B, 0x4A2B, 0x4A4B, 0x4A4B, 0x4A4B, 0x4A4B, 0x4A4B, 0x4A6B, 0x4A6B, 0x526B, 0x526B,
    0x526B, 0x526B, 0x526B, 0x526B, 0x526B, 0x526B, 0x526B, 0x526B, 0x526B, 0x526B, 0x526B, 0x526B, 0x526B, 0x526B, 0x526B, 0x4A2A,
    0x4A89, 0x4A89, 0x4268, 0x4248, 0x4228, 0x3A07, 0x3A07, 0x4227, 0x4268, 0x4A69, 0x4A89, 0x4A89, 0x4A89, 0x4A89, 0x4A68, 0x4268,
    0x4A69, 0x4A89, 0x4A89, 0x4A89, 0x52AA, 0x52AA, 0x52AA, 0x4249, 0x3A08, 0x4229, 0x4A4A, 0x4A8B, 0x52AB, 0x52CC, 0x5AEE, 0x5AEF,
    0x5AF0, 0x6332, 0x6B31, 0x6310, 0x52AE, 0x528E, 0x52AE, 0x52AF, 0x4A4D, 0x39CB, 0x39CB, 0x41EA, 0x39C9, 0x3188, 0x31A9, 0x3189,
    0x3189, 0x39C8, 0x4207, 0x49E6, 0x49E6, 0x4A26, 0x4A26, 0x49E6, 0x41A5, 0x39A4, 0x3984, 0x41A5, 0x5A46, 0x5A25, 0x6225, 0x72A7,
    0x72C7, 0x7AE8, 0x8B29, 0x936A, 0x9BAA, 0xA3CB, 0xA3CB, 0xABEB, 0xABEB, 0xABEC, 0xABEC, 0xABEC, 0xABEC, 0xAC0C, 0xAC0B, 0xABEB,
    0xA3AA, 0x9B69, 0x9B48, 0x9B49, 0xBBEC, 0xCC4E, 0xCC2D, 0xD44E, 0xD48E, 0xD4EF, 0xD510, 0xCCEF, 0xD4CF, 0xCCCF, 0xCCAF, 0xCCAE,
    0xCCAE, 0xC48E, 0xBC6D, 0xBC4D, 0xBC6D, 0xC48E, 0xC4AE, 0xC48E, 0xC48E, 0xC48E, 0xC48E, 0xC48E, 0xC4AE, 0xC4AE, 0xC48E, 0xC48E,
    0xC4D0, 0x4184, 0x0000, 0x0000, 0x0000, 0x0000, 0x0000, 0x0000, 0x0000, 0x0000, 0x0000, 0x0000, 0x0000, 0x0000, 0x0000, 0x0000,
    0x0000, 0x93ED, 0xFF38, 0xF695, 0xFE95, 0xFE96, 0xFE96, 0xFE96, 0xFE96, 0xFE96, 0xFE76, 0xFE75, 0xFF18, 0xBD11, 0x2903, 0x0000,
    0x0000, 0x0000, 0x0020, 0x0020, 0x0000, 0x2903, 0xEE75, 0xFE96, 0xFE96, 0xFE96, 0xFE96, 0xFE96, 0xFE96, 0xFEB6, 0xF676, 0x5A68,
    0x0000, 0x0000, 0x0841, 0x49E7, 0xDDF5, 0xFED6, 0xFE75, 0xFE96, 0xFE96, 0xFE96, 0xFE96, 0xFE96, 0xFE96, 0xFE96, 0xFE95, 0xFE95,
    0xFE95, 0xFE75, 0xFE96, 0xFE75, 0xFF19, 0x6AC9, 0x0821, 0x528D, 0x526C, 0x4A6C, 0x4A6C, 0x526C, 0x526C, 0x526C, 0x526C, 0x526C,
    0x526C, 0x526C, 0x526C, 0x528C, 0x528C, 0x528C, 0x526C, 0x526C, 0x526C, 0x526C, 0x528C, 0x528C, 0x528C, 0x528C, 0x526C, 0x526C,
    0x526C, 0x526C, 0x4A4B, 0x4A4B, 0x4A2B, 0x4A4B, 0x4A4B, 0x4A4B, 0x4A4B, 0x4A4B, 0x4A6B, 0x4A6B, 0x526B, 0x4A6B, 0x526B, 0x526B,
    0x526B, 0x526B, 0x526B, 0x526B, 0x526B, 0x4A6B, 0x4A6B, 0x4A6B, 0x4A6B, 0x4A6B, 0x526B, 0x526B, 0x526B, 0x526B, 0x526B, 0x4A2A,
    0x4A89, 0x4A69, 0x4268, 0x4248, 0x4248, 0x3A07, 0x4227, 0x4A68, 0x4A89, 0x4A89, 0x4A89, 0x4AA9, 0x4A89, 0x4A68, 0x4268, 0x4A69,
    0x4A89, 0x4A89, 0x4AA9, 0x52A9, 0x52CA, 0x52CA, 0x4A8A, 0x4249, 0x4249, 0x4A8A, 0x52AB, 0x52CC, 0x5AEC, 0x5B0D, 0x632E, 0x5B0E,
    0x6310, 0x6B51, 0x6330, 0x5AEF, 0x5AEF, 0x6330, 0x5B0F, 0x528E, 0x31AA, 0x31AB, 0x422C, 0x4A2C, 0x39CA, 0x39AA, 0x318A, 0x31AA,
    0x39AA, 0x41C8, 0x4A27, 0x5226, 0x5A47, 0x5A46, 0x5A47, 0x5206, 0x49C5, 0x41C5, 0x3984, 0x5205, 0x6287, 0x72C7, 0x6A66, 0x7AE8,
    0x8308, 0x8329, 0x8B49, 0x938A, 0x9BAA, 0xA3CB, 0xABEB, 0xABEB, 0xABEB, 0xAC0C, 0xAC0C, 0xABEB, 0xABEB, 0xAC0C, 0xAC0C, 0xAC0B,
    0xABCB, 0xA3AA, 0x9B89, 0x9B49, 0xA369, 0xC42D, 0xCC4D, 0xCC4D, 0xCC8E, 0xD4EF, 0xD510, 0xD4F0, 0xD4EF, 0xD4EF, 0xD4EF, 0xD4EF,
    0xCCEF, 0xC4AE, 0xBC6D, 0xBC4C, 0xBC6D, 0xC48E, 0xC4AE, 0xC48E, 0xC4AE, 0xC4AE, 0xC4AE, 0xC48E, 0xC48E, 0xC4AE, 0xC4AD, 0xC4D0,
    0x5A27, 0x0000, 0x0020, 0x0000, 0x0000, 0x0000, 0x0000, 0x0000, 0x0000, 0x0000, 0x0000, 0x0000, 0x0000, 0x0000, 0x0000, 0x0000,
    0x93CD, 0xFEF7, 0xFE75, 0xFE95, 0xFE96, 0xFE96, 0xFE96, 0xFE96, 0xFE96, 0xFE96, 0xFE96, 0xFE96, 0xFE76, 0xFED7, 0xEE55, 0x7B2B,
    0x18C3, 0x0000, 0x0000, 0x0000, 0x28E3, 0xC552, 0xFEF7, 0xFE76, 0xFE96, 0xFE96, 0xFE96, 0xFE96, 0xFE96, 0xFE96, 0xFE96, 0xFED7,
    0xCD73, 0xB4D0, 0xDDB5, 0xFEB7, 0xFEB6, 0xFE75, 0xFE95, 0xFE96, 0xFE96, 0xFE96, 0xFE96, 0xFE96, 0xFE96, 0xFE96, 0xFE96, 0xFE96,
    0xFE96, 0xFE96, 0xFE95, 0xFE95, 0xFEB6, 0xEE76, 0x3123, 0x2947, 0x52AD, 0x4A6C, 0x4A6C, 0x526C, 0x526C, 0x526C, 0x526C, 0x526C,
    0x526C, 0x526C, 0x528C, 0x528C, 0x528C, 0x528C, 0x528C, 0x528C, 0x528C, 0x528C, 0x528D, 0x528C, 0x528C, 0x528C, 0x528C, 0x528C,
    0x528C, 0x526C, 0x526C, 0x526C, 0x4A4B, 0x4A6C, 0x4A6C, 0x526C, 0x526C, 0x526C, 0x526C, 0x526C, 0x526C, 0x526C, 0x526C, 0x526C,
    0x526C, 0x526C, 0x526C, 0x526B, 0x526B, 0x526B, 0x4A6B, 0x4A6B, 0x4A6B, 0x4A6B, 0x526B, 0x526B, 0x526B, 0x526B, 0x526B, 0x4A2A,
    0x4A68, 0x4268, 0x4247, 0x4247, 0x4227, 0x4227, 0x4268, 0x4A89, 0x4AA9, 0x4A89, 0x4AA9, 0x4AA9, 0x4A88, 0x4A68, 0x4A89, 0x4A89,
    0x4A89, 0x4A89, 0x4A89, 0x52AA, 0x52AA, 0x4A8A, 0x4A69, 0x4A69, 0x4A8A, 0x52CB, 0x5B0C, 0x632D, 0x632D, 0x634E, 0x634E, 0x632F,
    0x6350, 0x632F, 0x5B0F, 0x632F, 0x7391, 0x73B2, 0x6B51, 0x4A6D, 0x420C, 0x422D, 0x4A4D, 0x420C, 0x39CC, 0x39CC, 0x318B, 0x318B,
    0x39AA, 0x41E9, 0x6AC9, 0x72E8, 0x6AA8, 0x6287, 0x6A87, 0x5A46, 0x5A26, 0x5206, 0x49E5, 0x5A46, 0x7B29, 0x7B28, 0x7B08, 0x8349,
    0x8B49, 0x8B69, 0x9369, 0x9B8A, 0xA3CB, 0xA3EB, 0xABEB, 0xABEB, 0xAC0B, 0xAC0B, 0xAC0B, 0xAC0C, 0xAC0C, 0xAC0C, 0xAC0B, 0xAC0C,
    0xABEC, 0xABCB, 0xA3AA, 0x9B89, 0x9B69, 0xABAA, 0xBC0C, 0xC42D, 0xCC6E, 0xCCAF, 0xCCCF, 0xD4CF, 0xD4F0, 0xD4F0, 0xD4EF, 0xD4EF,
    0xCCCF, 0xC48E, 0xB40C, 0xBC2C, 0xBC6D, 0xC48E, 0xC48E, 0xC48E, 0xC4AE, 0xC4AE, 0xC4AE, 0xC48E, 0xC48E, 0xC48D, 0xCCEF, 0x7B0A,
    0x0000, 0x0020, 0x0000, 0x0000, 0x0000, 0x0000, 0x0000, 0x0000, 0x0000, 0x0000, 0x0000, 0x0000, 0x0000, 0x0000, 0x2904, 0xAC4F,
    0xFEF7, 0xFE95, 0xFE95, 0xFE96, 0xFE95, 0xFE96, 0xFE96, 0xFE96, 0xFE96, 0xFE96, 0xFE96, 0xFE96, 0xFE96, 0xFE76, 0xFE96, 0xFEF8,
    0xEE56, 0xA42E, 0x7B2A, 0xA42E, 0xEE56, 0xFED7, 0xFE76, 0xFE96, 0xFE96, 0xFE96, 0xFE96, 0xFE96, 0xFE96, 0xFE96, 0xFE76, 0xFE76,
    0xFED7, 0xFED7, 0xFEB7, 0xFE95, 0xFE75, 0xFE96, 0xFE96, 0xFE96, 0xFE96, 0xFE96, 0xFE96, 0xFE96, 0xFE96, 0xFE96, 0xFE96, 0xFE96,
    0xFE96, 0xFE96, 0xFE96, 0xFE96, 0xFE75, 0xFF18, 0xBCF1, 0x0801, 0x4A6C, 0x528C, 0x528C, 0x528D, 0x528D, 0x528D, 0x528D, 0x528D,
    0x528D, 0x528D, 0x528D, 0x528C, 0x528C, 0x528C, 0x528C, 0x528C, 0x528C, 0x528C, 0x528D, 0x528D, 0x528D, 0x528C, 0x528C, 0x528C,
    0x526C, 0x526C, 0x526C, 0x526C, 0x526C, 0x526C, 0x526C, 0x526C, 0x526C, 0x526C, 0x526C, 0x528C, 0x528C, 0x528C, 0x528C, 0x528C,
    0x528C, 0x528C, 0x528C, 0x528C, 0x528C, 0x526C, 0x526C, 0x526C, 0x526C, 0x526B, 0x526B, 0x526B, 0x526B, 0x526B, 0x526B, 0x524A,
    0x4247, 0x4247, 0x4227, 0x4247, 0x4A68, 0x4A89, 0x4AA9, 0x52C9, 0x52C9, 0x52CA, 0x52C9, 0x52CA, 0x52CA, 0x52CA, 0x52CA, 0x52CA,
    0x52EA, 0x52CA, 0x52CA, 0x52CA, 0x52CA, 0x52CA, 0x52EB, 0x5AEB, 0x5B0C, 0x634D, 0x6B6D, 0x6B8E, 0x6B8E, 0x6B8E, 0x6B6F, 0x6B6F,
    0x632E, 0x5AED, 0x630E, 0x7390, 0x7BD2, 0x7391, 0x5ACF, 0x528D, 0x528E, 0x52AF, 0x528F, 0x4A2E, 0x420E, 0x39CD, 0x39AC, 0x398B,
    0x316A, 0x4A49, 0x83AC, 0x8B8B, 0x8B6A, 0x8329, 0x7B29, 0x6AC7, 0x6266, 0x6AA7, 0x5A25, 0x6A87, 0x8B8A, 0x8B69, 0x8B8A, 0x8B6A,
    0x938A, 0x9BAA, 0x9BAA, 0xA3CB, 0xAC0B, 0xAC0B, 0xAC0B, 0xAC0B, 0xABEB, 0xABEB, 0xAC0B, 0xAC0B, 0xAC0B, 0xAC0B, 0xAC0B, 0xB40C,
    0xABEB, 0xABEB, 0xABCB, 0xA38A, 0xA38A, 0xA38A, 0xABAA, 0xB3CB, 0xBC0C, 0xC44D, 0xC46E, 0xCCAE, 0xD4CF, 0xD4EF, 0xD4EF, 0xD4EF,
    0xCCCF, 0xBC2C, 0xABAA, 0xB42C, 0xBC4D, 0xBC6D, 0xC46D, 0xC48D, 0xC48E, 0xC48E, 0xC48E, 0xC48E, 0xC48E, 0xCCCE, 0xA40D, 0x1061,
    0x0000, 0x0000, 0x0000, 0x0000, 0x0000, 0x0000, 0x0000, 0x0000, 0x0000, 0x0000, 0x0000, 0x0800, 0x3985, 0x93ED, 0xF676, 0xFED7,
    0xFE95, 0xFE95, 0xFE96, 0xFE95, 0xFE96, 0xFE96, 0xFE96, 0xFE96, 0xFE96, 0xFE96, 0xFE96, 0xFE96, 0xFE96, 0xFE96, 0xFE96, 0xFE76,
    0xFE96, 0xFEF7, 0xFF17, 0xFEF7, 0xFE96, 0xFE95, 0xFE96, 0xFE96, 0xFE96, 0xFE96, 0xFE96, 0xFE96, 0xFE96, 0xFE96, 0xFE96, 0xFE96,
    0xFE76, 0xFE76, 0xFE76, 0xFE96, 0xFE96, 0xFE96, 0xFE96, 0xFE96, 0xFE95, 0xFE75, 0xFE75, 0xFE75, 0xFE75, 0xFE75, 0xFE76, 0xFE96,
    0xFE96, 0xFE96, 0xFE96, 0xFE96, 0xFE96, 0xFE96, 0xFED7, 0x4185, 0x20E5, 0x5ACD, 0x528C, 0x528D, 0x528D, 0x528D, 0x528D, 0x528D,
    0x528D, 0x528D, 0x528D, 0x528C, 0x528C, 0x528C, 0x528C, 0x528C, 0x528C, 0x528C, 0x528C, 0x528D, 0x528D, 0x528C, 0x528C, 0x528C,
    0x526C, 0x526C, 0x526C, 0x526C, 0x526C, 0x526C, 0x526C, 0x526C, 0x526C, 0x526C, 0x528C, 0x528C, 0x528C, 0x528C, 0x528C, 0x528C,
    0x528C, 0x528C, 0x528C, 0x528C, 0x528C, 0x528C, 0x528C, 0x528C, 0x528C, 0x528C, 0x526C, 0x526C, 0x526C, 0x526C, 0x526B, 0x4A4B,
    0x3A06, 0x4268, 0x52A9, 0x52EA, 0x5B0A, 0x5B0A, 0x5B0B, 0x5B2B, 0x632B, 0x634B, 0x634B, 0x634B, 0x634B, 0x634B, 0x634C, 0x634C,
    0x636C, 0x634C, 0x6B6C, 0x636C, 0x634C, 0x634C, 0x6B8D, 0x6B8E, 0x73CE, 0x7BEF, 0x7C0F, 0x7BF0, 0x7BEF, 0x7BF0, 0x73B0, 0x634E,
    0x5B0D, 0x5AED, 0x6B6F, 0x73D1, 0x73B1, 0x5AEE, 0x4A6D, 0x4A4C, 0x4A6E, 0x52AF, 0x52AF, 0x526F, 0x526F, 0x4A4F, 0x39CD, 0x39CD,
    0x316A, 0x6B0C, 0xA44D, 0x9BEB, 0x9BEC, 0x8B8A, 0x8B8A, 0x7B08, 0x6AA7, 0x7B29, 0x7AE8, 0x8329, 0x8B69, 0x93AA, 0x9BAB, 0x93AA,
    0x9BAA, 0x9BCA, 0xA3CB, 0xAC0B, 0xAC0C, 0xAC0C, 0xAC0C, 0xAC0B, 0xABEB, 0xABEB, 0xABEB, 0xABEB, 0xABEB, 0xAC0B, 0xAC0B, 0xAC0B,
    0xABEB, 0xABEB, 0xABCB, 0xABCB, 0xABCB, 0xA3AA, 0xABAA, 0xABCB, 0xABCB, 0xB3CB, 0xBBEC, 0xBC4D, 0xC48E, 0xCCAE, 0xCCAE, 0xCCAF,
    0xC48E, 0xABAA, 0xABAA, 0xBC2C, 0xBC4D, 0xBC6D, 0xBC6D, 0xC48D, 0xC48E, 0xC48E, 0xC48E, 0xC48D, 0xC48D, 0xBC6E, 0x2903, 0x0000,
    0x0000, 0x0000, 0x0000, 0x0000, 0x0000, 0x0000, 0x0000, 0x0000, 0x0000, 0x0000, 0x0841, 0xAC90, 0xFEF8, 0xFEF8, 0xFE96, 0xFE75,
    0xFE96, 0xFE96, 0xFE96, 0xFE96, 0xFE96, 0xFE96, 0xFE96, 0xFE96, 0xFE96, 0xFE96, 0xFE96, 0xFE96, 0xFE96, 0xFE96, 0xFE96, 0xFE96,
    0xFE96, 0xFE76, 0xFE75, 0xFE75, 0xFE95, 0xFE96, 0xFE96, 0xFE96, 0xFE96, 0xFE96, 0xFE96, 0xFE96, 0xFE96, 0xFE96, 0xFE96, 0xFE96,
    0xFE96, 0xFE96, 0xFE96, 0xFE96, 0xFE96, 0xFE96, 0xFE76, 0xFE75, 0xFEB6, 0xFEF8, 0xFF18, 0xFF38, 0xFF38, 0xFF17, 0xFEF7, 0xFE96,
    0xFE75, 0xFE96, 0xFE96, 0xFE96, 0xFE96, 0xFE76, 0xFEF7, 0xB4D1, 0x0821, 0x526C, 0x52AD, 0x528D, 0x528D, 0x528D, 0x528D, 0x528D,
    0x528D, 0x528D, 0x528D, 0x528C, 0x528C, 0x528C, 0x528C, 0x528C, 0x528C, 0x528C, 0x528C, 0x528C, 0x528D, 0x528C, 0x528C, 0x528C,
    0x528C, 0x528C, 0x526C, 0x528C, 0x528C, 0x528C, 0x528C, 0x528C, 0x528C, 0x528C, 0x528C, 0x528C, 0x528C, 0x528C, 0x528C, 0x528C,
    0x528C, 0x528C, 0x528C, 0x528C, 0x528C, 0x528C, 0x528C, 0x528C, 0x528C, 0x528C, 0x528C, 0x526C, 0x526C, 0x526C, 0x526C, 0x4A2B,
    0x39E6, 0x4A68, 0x5B0B, 0x5B0A, 0x5B0A, 0x5B0A, 0x5B2B, 0x634B, 0x634B, 0x634B, 0x634B, 0x634B, 0x634B, 0x634C, 0x634C, 0x634C,
    0x6B6C, 0x6B6C, 0x6B8D, 0x6B8D, 0x6B8D, 0x6B8D, 0x73CE, 0x7C0F, 0x7C10, 0x7C0F, 0x7C10, 0x8450, 0x8451, 0x8431, 0x73B0, 0x632E,
    0x5AED, 0x632E, 0x6B90, 0x73B0, 0x632F, 0x5ACE, 0x528D, 0x422C, 0x4A6D, 0x528F, 0x5AAF, 0x528F, 0x5AB0, 0x5AB0, 0x420E, 0x41EE,
    0x39AB, 0x940E, 0xB48D, 0xAC0B, 0xA40C, 0x9BCA, 0x93AA, 0x8B49, 0x8308, 0x8349, 0x8B69, 0x93AA, 0x93AA, 0x9BCA, 0xA3EB, 0xA40B,
    0xA3EB, 0xA3EB, 0xAC0B, 0xAC0C, 0xAC0C, 0xB42C, 0xAC2C, 0xAC0B, 0xAC0B, 0xAC0B, 0xAC0B, 0xB42B, 0xB42B, 0xAC0B, 0xAC0B, 0xAC0B,
    0xB40C, 0xAC0B, 0xABEB, 0xAC0C, 0xABEC, 0xA3AB, 0xABCB, 0xABEB, 0xABCB, 0xABCB, 0xB3EB, 0xB3EB, 0xB3EC, 0xBC2C, 0xBC4D, 0xBC2C,
    0xABAA, 0x9B69, 0xABCB, 0xB42C, 0xBC6D, 0xBC6D, 0xC48D, 0xC48E, 0xC48E, 0xC48E, 0xC48E, 0xC46D, 0xC4EF, 0x5207, 0x0000, 0x0020,
    0x0000, 0x0000, 0x0000, 0x0000, 0x0000, 0x0000, 0x0000, 0x0000, 0x0000, 0x0820, 0xB4F1, 0xFF18, 0xFE96, 0xFE76, 0xFE96, 0xFE96,
    0xFE96, 0xFE96, 0xFE96, 0xFE96, 0xFE96, 0xFE96, 0xFE96, 0xFE96, 0xFE96, 0xFE96, 0xFE96, 0xFE96, 0xFE96, 0xFE96, 0xFE96, 0xFE96,
    0xFE96, 0xFE96, 0xFE96, 0xFE96, 0xFE96, 0xFE96, 0xFE96, 0xFE96, 0xFE96, 0xFE96, 0xFE96, 0xFE96, 0xFE96, 0xFE96, 0xFE96, 0xFE96,
    0xFE96, 0xFE96, 0xFE96, 0xFE96, 0xFE96, 0xFE76, 0xFED7, 0xFF18, 0xE5F5, 0xAC70, 0x7B4C, 0x72EA, 0x72EA, 0x9BEE, 0xCD73, 0xFEB7,
    0xFF18, 0xFEB6, 0xFE75, 0xFE96, 0xFE96, 0xFE96, 0xFE96, 0xFED7, 0x4185, 0x2946, 0x5ACE, 0x526D, 0x528D, 0x528D, 0x528D, 0x528D,
    0x528D, 0x528D, 0x528D, 0x528D, 0x528D, 0x528D, 0x528D, 0x528C, 0x528C, 0x528C, 0x528C, 0x528C, 0x528C, 0x528C, 0x528C, 0x528D,
    0x528C, 0x528C, 0x528C, 0x528C, 0x528C, 0x528C, 0x528D, 0x528D, 0x528D, 0x528C, 0x528C, 0x528C, 0x528C, 0x528C, 0x528C, 0x528C,
    0x528C, 0x528C, 0x528C, 0x528C, 0x528C, 0x528C, 0x528C, 0x528C, 0x528C, 0x528C, 0x528C, 0x526C, 0x526C, 0x526C, 0x526C, 0x4A2B,
    0x39E6, 0x4227, 0x52CA, 0x4AA9, 0x4248, 0x4A68, 0x52A9, 0x52CA, 0x52EA, 0x5AEA, 0x5AEA, 0x5AEA, 0x5AEA, 0x5AEA, 0x5B0B, 0x5B0B,
    0x5B0B, 0x632B, 0x632C, 0x634C, 0x6B8D, 0x6BAD, 0x7BEE, 0x7C0F, 0x7C0F, 0x73CE, 0x73CE, 0x8430, 0x8C71, 0x7C10, 0x6B6F, 0x5B0D,
    0x632D, 0x634E, 0x6B6F, 0x6B6F, 0x632E, 0x5AED, 0x528D, 0x422C, 0x4A4D, 0x4A6E, 0x52AF, 0x5AB0, 0x5AB0, 0x526F, 0x420E, 0x39CE,
    0x522C, 0xB4CF, 0xBC8D, 0xAC0B, 0xB44C, 0xAC2C, 0xA3EB, 0x938A, 0x938A, 0x9389, 0x93AA, 0xA40B, 0xA40B, 0xA42B, 0xAC2B, 0xAC2C,
    0xAC0C, 0xAC0B, 0xB42C, 0xB42C, 0xB42C, 0xB42C, 0xB42C, 0xB42B, 0xB42B, 0xB42B, 0xB42B, 0xB42C, 0xB42C, 0xAC0B, 0xB42B, 0xB42B,
    0xB42C, 0xB42C, 0xB40B, 0xAC0B, 0xAC0B, 0xB40C, 0xB40C, 0xB40B, 0xB40C, 0xB40C, 0xB40C, 0xB40C, 0xB3EB, 0xABCB, 0xABCB, 0xA38A,
    0xA38A, 0xABEB, 0xB42C, 0xBC4D, 0xBC6D, 0xC48D, 0xC48E, 0xC48E, 0xC48E, 0xC48E, 0xC46D, 0xC4AE, 0x938B, 0x0820, 0x0000, 0x0000,
    0x0000, 0x0000, 0x0000, 0x0000, 0x0000, 0x0000, 0x0000, 0x0000, 0x0000, 0x9C2E, 0xFF18, 0xFE76, 0xFE96, 0xFE96, 0xFE96, 0xFE96,
    0xFE96, 0xFE96, 0xFE96, 0xFE96, 0xFE96, 0xFE96, 0xFE96, 0xFE96, 0xFE96, 0xFE76, 0xFE76, 0xFE96, 0xFE96, 0xFE96, 0xFE96, 0xFE96,
    0xFE96, 0xFE96, 0xFE96, 0xFE96, 0xFE96, 0xFE96, 0xFE96, 0xFE96, 0xFE96, 0xFE96, 0xFE96, 0xFE96, 0xFE96, 0xFE96, 0xFE96, 0xFE96,
    0xFE96, 0xFE96, 0xFE96, 0xFE76, 0xFE96, 0xFF18, 0xCD52, 0x5207, 0x3103, 0x49A6, 0x6289, 0x6AEA, 0x6267, 0x5A06, 0x3103, 0x3143,
    0x7B6B, 0xE676, 0xFF17, 0xFE96, 0xFE96, 0xFE96, 0xF696, 0xFF17, 0xA44F, 0x0821, 0x528C, 0x526D, 0x526D, 0x528D, 0x526D, 0x528D,
    0x528D, 0x528D, 0x526C, 0x526C, 0x526C, 0x528D, 0x528D, 0x528C, 0x528C, 0x528C, 0x526C, 0x526C, 0x528C, 0x528C, 0x528C, 0x528D,
    0x528C, 0x528C, 0x528C, 0x528C, 0x528C, 0x528C, 0x528C, 0x528C, 0x528C, 0x528C, 0x528C, 0x528C, 0x528C, 0x528C, 0x528C, 0x528C,
    0x528C, 0x528C, 0x528C, 0x528C, 0x528C, 0x528C, 0x528C, 0x528C, 0x528C, 0x528C, 0x528C, 0x528C, 0x526C, 0x526C, 0x526C, 0x524B,
    0x31E6, 0x3A07, 0x4A89, 0x4268, 0x4228, 0x4248, 0x3A27, 0x31E6, 0x3A07, 0x3A28, 0x4248, 0x4A68, 0x4A89, 0x4A89, 0x52A9, 0x4A89,
    0x4A89, 0x4A69, 0x4A89, 0x4A68, 0x4A69, 0x52AA, 0x5B0B, 0x5B2C, 0x634C, 0x634C, 0x634C, 0x7BEF, 0x7C10, 0x73AF, 0x634D, 0x634D,
    0x6B8F, 0x6B6E, 0x632D, 0x634E, 0x632E, 0x5AED, 0x4A8C, 0x422B, 0x422C, 0x4A6E, 0x52AF, 0x528F, 0x528F, 0x4A2F, 0x39CD, 0x318D,
    0x62AC, 0xC50F, 0xC4AD, 0xB46C, 0xB46D, 0xB46D, 0xAC4C, 0x9BAA, 0xA40B, 0xA40B, 0xA40B, 0xAC2C, 0xAC4C, 0xB44C, 0xB44C, 0xB44C,
    0xB42C, 0xB42C, 0xB42C, 0xB44C, 0xB42C, 0xB42C, 0xB42C, 0xAC0B, 0xB42C, 0xB42C, 0xB42C, 0xB42C, 0xB42C, 0xB42B, 0xB42C, 0xB42C,
    0xB42B, 0xB42B, 0xAC0B, 0xAC0B, 0xAC2B, 0xB42C, 0xB42C, 0xB40C, 0xB42C, 0xB40C, 0xB42C, 0xB42C, 0xB42C, 0xB40C, 0xABEB, 0xABEB,
    0xAC0C, 0xB42C, 0xBC6D, 0xBC6D, 0xC46D, 0xC48D, 0xC48E, 0xC48E, 0xC48E, 0xC46D, 0xC48D, 0xBC6E, 0x20A2, 0x0000, 0x0000, 0x0000,
    0x0000, 0x0000, 0x0000, 0x0000, 0x0000, 0x0000, 0x0020, 0x0000, 0x5247, 0xFEF7, 0xFE95, 0xFE96, 0xFE96, 0xFE96, 0xFE96, 0xFE96,
    0xFE96, 0xFE96, 0xFE96, 0xFE96, 0xFE75, 0xFE75, 0xFE96, 0xFEB6, 0xFED7, 0xFEF7, 0xFED7, 0xFEB6, 0xFE76, 0xFE76, 0xFE76, 0xFE96,
    0xFE96, 0xFE96, 0xFE96, 0xFE96, 0xFE96, 0xFE96, 0xFE96, 0xFE96, 0xFE96, 0xFE96, 0xFE96, 0xFE96, 0xFE96, 0xFE96, 0xFE96, 0xFE96,
    0xFE96, 0xFE96, 0xFE76, 0xFE96, 0xFEF8, 0x836B, 0x20C2, 0x732B, 0xDDF5, 0xFED8, 0xFF18, 0xFF18, 0xFF18, 0xFEF7, 0xEE55, 0xAC8F,
    0x4185, 0x20C2, 0x940D, 0xFEF7, 0xFEB6, 0xFE76, 0xFE96, 0xFEB6, 0xF696, 0x28E3, 0x2967, 0x528D, 0x526C, 0x526D, 0x526D, 0x526D,
    0x528D, 0x528D, 0x526C, 0x4A4C, 0x4A6C, 0x526C, 0x528D, 0x528C, 0x528C, 0x526C, 0x526C, 0x526C, 0x526C, 0x528C, 0x528D, 0x528D,
    0x528D, 0x528D, 0x528D, 0x528D, 0x528D, 0x528C, 0x528C, 0x528C, 0x528C, 0x528C, 0x528C, 0x528C, 0x528C, 0x528C, 0x528C, 0x528C,
    0x528C, 0x528C, 0x528C, 0x528C, 0x528C, 0x528C, 0x528C, 0x528C, 0x528C, 0x528C, 0x528C, 0x528C, 0x528C, 0x526C, 0x526C, 0x524B,
    0x31E6, 0x3A07, 0x4A89, 0x4A89, 0x4A89, 0x4A68, 0x31E6, 0x1903, 0x1923, 0x2144, 0x2145, 0x2965, 0x2985, 0x2964, 0x2164, 0x2164,
    0x2965, 0x31E6, 0x4AA9, 0x52CB, 0x5B0C, 0x6B8D, 0x6BAE, 0x6B8D, 0x6B8D, 0x73CE, 0x73AE, 0x73CE, 0x73CF, 0x73AF, 0x6B6E, 0x73AF,
    0x7BF0, 0x6B6F, 0x630D, 0x634E, 0x632E, 0x5AED, 0x4A6C, 0x422B, 0x424C, 0x52AE, 0x5ACF, 0x528E, 0x4A6E, 0x420D, 0x39CD, 0x318B,
    0x836D, 0xCD2F, 0xC4CD, 0xC4AD, 0xBC8D, 0xBC8D, 0xB44C, 0xA3CA, 0xAC4C, 0xAC4C, 0xB46C, 0xB46D, 0xB46C, 0xB46C, 0xB46C, 0xBC6C,
    0xB44C, 0xB42C, 0xB42C, 0xB44C, 0xB44C, 0xB42C, 0xB42C, 0xB42C, 0xB42C, 0xB42C, 0xB44C, 0xB44C, 0xB44C, 0xB42C, 0xB42C, 0xB42C,
    0xB42C, 0xB42C, 0xB42C, 0xB42C, 0xB42C, 0xB42C, 0xB42C, 0xB42C, 0xBC6D, 0xBC4D, 0xBC4D, 0xBC4D, 0xBC4D, 0xB44C, 0xB44C, 0xBC4D,
    0xB44D, 0xBC4D, 0xBC8D, 0xC48E, 0xC48E, 0xC48E, 0xC48E, 0xC48E, 0xC48E, 0xBC6D, 0xC4CF, 0x6247, 0x0000, 0x0021, 0x0000, 0x0000,
    0x0000, 0x0000, 0x0000, 0x0000, 0x0000, 0x0000, 0x0000, 0x1061, 0xDDF4, 0xFED6, 0xFE95, 0xFE96, 0xFE96, 0xFE96, 0xFE96, 0xFE96,
    0xFE96, 0xFE96, 0xFE76, 0xFE96, 0xFEF7, 0xFEF8, 0xF677, 0xDDF4, 0xCD52, 0xB4AF, 0xCD52, 0xE615, 0xFED8, 0xFF18, 0xFEB7, 0xFE76,
    0xFE96, 0xFE96, 0xFE96, 0xFE96, 0xFE96, 0xFE96, 0xFE96, 0xFE96, 0xFE96, 0xFE96, 0xFE96, 0xFE96, 0xFE96, 0xFE96, 0xFE96, 0xFE96,
    0xFE96, 0xFE76, 0xFEB7, 0xF697, 0x49C6, 0x49A6, 0xDE15, 0xFF18, 0xFEB6, 0xFE96, 0xFE76, 0xFE76, 0xFE76, 0xFE76, 0xFEB6, 0xFEF8,
    0xFEF8, 0xBCD0, 0x3103, 0x4A06, 0xEE55, 0xFED7, 0xFE75, 0xFE95, 0xFF18, 0x836B, 0x0822, 0x528D, 0x528C, 0x526D, 0x526D, 0x526D,
    0x528D, 0x528D, 0x526C, 0x4A4C, 0x4A6C, 0x526C, 0x528D, 0x528C, 0x528C, 0x526C, 0x526C, 0x526C, 0x526C, 0x528C, 0x528C, 0x528D,
    0x528D, 0x528D, 0x528C, 0x528D, 0x528D, 0x528C, 0x528C, 0x528C, 0x528C, 0x528C, 0x528C, 0x528C, 0x528C, 0x528C, 0x528C, 0x528C,
    0x528C, 0x528C, 0x528C, 0x528C, 0x528C, 0x528C, 0x528C, 0x528C, 0x528C, 0x528C, 0x528C, 0x528C, 0x528C, 0x528C, 0x5A8C, 0x524B,
    0x39E6, 0x3A07, 0x52A9, 0x52CA, 0x52A9, 0x4A89, 0x3A07, 0x10E2, 0x10E2, 0x18E3, 0x10C3, 0x10C2, 0x18E3, 0x2124, 0x31C6, 0x4A69,
    0x632C, 0x8430, 0x9D14, 0xB5B6, 0xBE18, 0xCE9A, 0xD6BA, 0xC658, 0xBE18, 0xBE17, 0xAD96, 0x94D3, 0x8451, 0x73CF, 0x6B6E, 0x73CF,
    0x7BF0, 0x6B6E, 0x5B0D, 0x632E, 0x632E, 0x632D, 0x52CD, 0x4A6B, 0x4A8C, 0x52CE, 0x5AEF, 0x52AE, 0x528E, 0x4A2D, 0x39CD, 0x31AA,
    0xA42E, 0xCD2F, 0xC4CD, 0xC4CE, 0xBC8D, 0xBC8D, 0xB46D, 0xAC2C, 0xB44C, 0xB44C, 0xBC6D, 0xBC8D, 0xBC6D, 0xBC8D, 0xB46C, 0xB46C,
    0xBC6C, 0xB44C, 0xB44C, 0xB44C, 0xB44C, 0xB44C, 0xB44C, 0xB44C, 0xB44C, 0xB44C, 0xB44C, 0xB44C, 0xB44C, 0xB42C, 0xB42C, 0xB42C,
    0xB42C, 0xB44C, 0xB42C, 0xB42C, 0xB42C, 0xB42C, 0xB42C, 0xB44C, 0xBC6D, 0xBC6D, 0xBC4D, 0xBC4D, 0xBC4D, 0xB44D, 0xBC6D, 0xBC6D,
    0xBC6D, 0xBC8D, 0xC48E, 0xC48E, 0xC48E, 0xC48E, 0xC48E, 0xC48E, 0xC48E, 0xC4AE, 0xA42C, 0x1040, 0x0000, 0x0001, 0x0000, 0x0000,
    0x0000, 0x0000, 0x0000, 0x0000, 0x0000, 0x0000, 0x0000, 0x72CA, 0xFEF7, 0xFE75, 0xFE96, 0xFE96, 0xFE96, 0xFE96, 0xFE96, 0xFE96,
    0xFE96, 0xFE76, 0xFEF7, 0xFED7, 0xACB0, 0x5207, 0x20C3, 0x2924, 0x3164, 0x2903, 0x3123, 0x30E3, 0x3965, 0x730A, 0xCD93, 0xFF18,
    0xFEB7, 0xFE75, 0xFE96, 0xFE96, 0xFE96, 0xFE96, 0xFE96, 0xFE96, 0xFE96, 0xFE96, 0xFE96, 0xFE96, 0xFE96, 0xFE96, 0xFE96, 0xFE96,
    0xFE96, 0xFE96, 0xFED8, 0x49C6, 0x4165, 0xF6B8, 0xFED7, 0xF675, 0xFE95, 0xFE96, 0xFE96, 0xFE96, 0xFE96, 0xFE96, 0xFE96, 0xFE75,
    0xFE95, 0xFEF7, 0xFED7, 0x5A48, 0x20C2, 0xD5D4, 0xFEF7, 0xFE75, 0xFEB7, 0xE635, 0x1882, 0x39C9, 0x52AE, 0x526D, 0x526D, 0x528D,
    0x528D, 0x528D, 0x528D, 0x528D, 0x528D, 0x528D, 0x528D, 0x528C, 0x528C, 0x528C, 0x526C, 0x526C, 0x528C, 0x528C, 0x528C, 0x528C,
    0x528C, 0x528C, 0x528C, 0x528C, 0x528D, 0x528D, 0x528D, 0x528D, 0x528D, 0x528C, 0x528C, 0x528C, 0x528C, 0x528C, 0x528C, 0x528C,
    0x528C, 0x528C, 0x528C, 0x528C, 0x528C, 0x528C, 0x528C, 0x528C, 0x528C, 0x528C, 0x528C, 0x528C, 0x528C, 0x528C, 0x5A8C, 0x524B,
    0x31E6, 0x3A07, 0x4AA9, 0x52CA, 0x52CA, 0x4A89, 0x4227, 0x18E2, 0x10C2, 0x10C2, 0x2144, 0x4A8A, 0x7BEF, 0x94D2, 0xA534, 0xAD96,
    0xBDF8, 0xC659, 0xCE9A, 0xD6DB, 0xDF1C, 0xE75D, 0xE75D, 0xE73C, 0xE73C, 0xDF1C, 0xD6BA, 0xC659, 0xBDF7, 0x9D14, 0x8430, 0x6B8E,
    0x7BF0, 0x6B6E, 0x5AEC, 0x632D, 0x632D, 0x632E, 0x5AED, 0x4A8C, 0x4A6C, 0x52AD, 0x5ACE, 0x5ACE, 0x5AAF, 0x528F, 0x39ED, 0x420A,
    0xB4B0, 0xCD0E, 0xCCEE, 0xCCEE, 0xC4AD, 0xBC8D, 0xBC6D, 0xBC6C, 0xBC6D, 0xBC6C, 0xBC6C, 0xBC8D, 0xBC8D, 0xBC8D, 0xBC6D, 0xBC6D,
    0xBC6C, 0xBC6C, 0xBC6C, 0xB44C, 0xBC6C, 0xBC6C, 0xB44C, 0xB44C, 0xB44C, 0xB44C, 0xB42C, 0xB42C, 0xB42C, 0xB42C, 0xB42C, 0xB44C,
    0xB44C, 0xB44C, 0xBC4C, 0xBC4C, 0xB44C, 0xB44C, 0xB42C, 0xB42C, 0xBC6D, 0xC46D, 0xBC6D, 0xBC6D, 0xBC6D, 0xBC6D, 0xC48D, 0xC48D,
    0xBC8D, 0xC48D, 0xC4AE, 0xC4AE, 0xC48D, 0xC48D, 0xC48D, 0xBC8D, 0xBC6D, 0xC4CF, 0x49C5, 0x0000, 0x0000, 0x0000, 0x0000, 0x0000,
    0x0000, 0x0000, 0x0000, 0x0000, 0x0000, 0x0000, 0x18A2, 0xE5F4, 0xFEB6, 0xFE95, 0xFE96, 0xFE96, 0xFE96, 0xFE96, 0xFE96, 0xFE76,
    0xFE96, 0xFF18, 0xBCD0, 0x3123, 0x18C2, 0x62A9, 0xACB0, 0xE614, 0xFE96, 0xFE96, 0xF676, 0xD5B3, 0x9C0E, 0x49C6, 0x1061, 0x6288,
    0xE615, 0xFEF8, 0xFE96, 0xFE96, 0xFE96, 0xFE96, 0xFE96, 0xFE96, 0xFE96, 0xFE96, 0xFE96, 0xFE96, 0xFE96, 0xFE96, 0xFE96, 0xFE96,
    0xFE76, 0xFEF8, 0x8BCD, 0x28E3, 0xF697, 0xFEB6, 0xFE75, 0xFE96, 0xFE96, 0xFE96, 0xFE96, 0xFE96, 0xFE96, 0xFE96, 0xFE96, 0xFE96,
    0xFE96, 0xFE75, 0xFEB6, 0xFF38, 0x72EA, 0x1060, 0xD5B4, 0xFEF7, 0xF675, 0xFF18, 0x7B0A, 0x1063, 0x5AAD, 0x528D, 0x528D, 0x528D,
    0x528D, 0x528D, 0x528D, 0x528D, 0x528D, 0x528D, 0x528D, 0x528D, 0x528D, 0x528D, 0x528D, 0x528D, 0x528D, 0x528D, 0x528D, 0x528D,
    0x528D, 0x528D, 0x528D, 0x528D, 0x528D, 0x52AD, 0x52AD, 0x52AD, 0x52AD, 0x52AD, 0x52AD, 0x52AD, 0x52AD, 0x5AAD, 0x52AC, 0x528C,
    0x528C, 0x52AC, 0x52AC, 0x528C, 0x528C, 0x528C, 0x528C, 0x528C, 0x528C, 0x528C, 0x528C, 0x528C, 0x528C, 0x528C, 0x528C, 0x524B,
    0x31E6, 0x3A07, 0x4A89, 0x52CA, 0x52EA, 0x4A68, 0x4248, 0x1903, 0x10C2, 0x31A6, 0x73AF, 0xAD96, 0xCE9A, 0xDEFC, 0xDEFB, 0xD6DB,
    0xD6DB, 0xCE9A, 0xCE9A, 0xD6BB, 0xDEFC, 0xE73C, 0xE73C, 0xDF1C, 0xE73C, 0xE73C, 0xDEFB, 0xDEFB, 0xDEFB, 0xD6DB, 0xC639, 0x9D14,
    0x7BF0, 0x6B6E, 0x5AEC, 0x5B0D, 0x632D, 0x632E, 0x52CC, 0x424B, 0x424B, 0x4A8C, 0x52AD, 0x5ACE, 0x5ACF, 0x528F, 0x39ED, 0x5A8B,
    0xCD31, 0xCCEE, 0xCCEE, 0xCCEE, 0xC4CE, 0xBC8D, 0xBC8D, 0xBC8D, 0xBC6D, 0xBC8C, 0xBC8C, 0xBC8D, 0xBC8D, 0xBC8D, 0xBC8D, 0xBC8D,
    0xBC8D, 0xBC8D, 0xBC6C, 0xBC6C, 0xBC6D, 0xBC6D, 0xBC6C, 0xBC6C, 0xBC6C, 0xB44C, 0xB42C, 0xB42C, 0xB42C, 0xB44C, 0xB44C, 0xB44C,
    0xB44C, 0xBC4C, 0xBC4C, 0xBC4C, 0xBC4C, 0xBC4C, 0xBC6C, 0xBC4C, 0xBC4C, 0xBC6D, 0xBC6D, 0xC48D, 0xC48D, 0xC4AE, 0xC4AE, 0xC4AE,
    0xC48D, 0xC48D, 0xC4AE, 0xC4AE, 0xC48D, 0xBC6D, 0xC48D, 0xBC6D, 0xC48D, 0x9BCC, 0x0800, 0x0000, 0x0000, 0x0000, 0x0000, 0x0000,
    0x0000, 0x0000, 0x0000, 0x0000, 0x0000, 0x0000, 0x8BCD, 0xFEF7, 0xFE75, 0xFE96, 0xFE96, 0xFE96, 0xFE96, 0xFE96, 0xFE75, 0xFE96,
    0xFEB7, 0x6AA9, 0x1861, 0x838C, 0xEE76, 0xFF18, 0xFEF7, 0xFEB6, 0xFE96, 0xFE96, 0xFE96, 0xFED7, 0xFF18, 0xFEF8, 0xCD73, 0x49E6,
    0x1061, 0xAC90, 0xFEF8, 0xFE95, 0xFE96, 0xFE96, 0xFE96, 0xFE96, 0xFE96, 0xFE96, 0xFE96, 0xFE96, 0xFE96, 0xFE96, 0xFE96, 0xFE76,
    0xFED7, 0xD5B3, 0x1041, 0xC552, 0xFEF7, 0xFE75, 0xFE96, 0xFE96, 0xFE96, 0xFE96, 0xFE96, 0xFE96, 0xFE96, 0xFE96, 0xFE96, 0xFE96,
    0xFE96, 0xFE96, 0xFE96, 0xFE95, 0xFF39, 0x730A, 0x2081, 0xE635, 0xFEB7, 0xFEB6, 0xDDD4, 0x1862, 0x41EA, 0x52AD, 0x528D, 0x528D,
    0x528D, 0x528D, 0x528D, 0x528D, 0x528D, 0x528D, 0x528D, 0x52AD, 0x52AD, 0x52AD, 0x52AD, 0x52AD, 0x52AD, 0x52AD, 0x52AD, 0x52AD,
    0x52AD, 0x52AD, 0x52AD, 0x52AD, 0x52AD, 0x5AAD, 0x5AAD, 0x52AD, 0x52AD, 0x5AAD, 0x5AAD, 0x5AAD, 0x5AAD, 0x5AAD, 0x5AAD, 0x5AAD,
    0x5AAD, 0x5AAD, 0x5AAD, 0x52AC, 0x528C, 0x528C, 0x528C, 0x528C, 0x52AC, 0x52AC, 0x5AAD, 0x5AAD, 0x5AAD, 0x5AAD, 0x5AAD, 0x526C,
    0x31E6, 0x39E6, 0x4A89, 0x52CA, 0x52CA, 0x4A68, 0x4248, 0x1923, 0x1903, 0x52CB, 0xAD76, 0xDEFB, 0xE75D, 0xE73D, 0xDF1C, 0xDF1C,
    0xD6DB, 0xD6DB, 0xDEDB, 0xDEFC, 0xE73D, 0xDF1C, 0xDF1C, 0xE73D, 0xEF7D, 0xE75D, 0xE73C, 0xE75D, 0xE75D, 0xE75D, 0xDF1C, 0xD6BB,
    0xAD76, 0x6B8E, 0x5ACC, 0x5B0D, 0x5B0D, 0x5B0E, 0x52AC, 0x422B, 0x422B, 0x4A6C, 0x52AD, 0x5ACD, 0x5ACE, 0x5ACE, 0x41EC, 0x7B2D,
    0xD571, 0xCCEE, 0xCCEE, 0xCCEE, 0xC4CE, 0xC4AD, 0xBC8D, 0xBC8D, 0xBC8D, 0xC4AD, 0xBCAD, 0xC4AD, 0xC4AD, 0xBC8D, 0xBC8D, 0xBC8D,
    0xBC8D, 0xBC8C, 0xBC6C, 0xBC6C, 0xBC6C, 0xBC6C, 0xBC6C, 0xBC6D, 0xBC6C, 0xB44C, 0xB44C, 0xB42C, 0xB42C, 0xB44C, 0xB44C, 0xBC4C,
    0xBC4C, 0xBC4C, 0xBC4C, 0xBC4C, 0xBC4C, 0xBC4C, 0xBC6C, 0xBC6D, 0xBC6D, 0xC48D, 0xC48D, 0xC48D, 0xC4CE, 0xC4AE, 0xC4AD, 0xC4AD,
    0xC4AD, 0xC4AD, 0xC48D, 0xC48D, 0xC48D, 0xBC6D, 0xC48D, 0xC46D, 0xC4CF, 0x5206, 0x0000, 0x0000, 0x0000, 0x0000, 0x0000, 0x0000,
    0x0000, 0x0000, 0x0000, 0x0000, 0x0000, 0x18C2, 0xEE55, 0xFEB6, 0xFE96, 0xFE96, 0xFE96, 0xFE96, 0xFE96, 0xFE75, 0xFEB6, 0xEE76,
    0x3144, 0x3123, 0xD5B4, 0xFF18, 0xFE95, 0xFE75, 0xFE75, 0xFE76, 0xFE96, 0xFE96, 0xFE96, 0xFE96, 0xFE76, 0xFE96, 0xFED7, 0xFEF8,
    0x9C4E, 0x1040, 0x8BCC, 0xFF18, 0xFE76, 0xFE96, 0xFE96, 0xFE96, 0xFE96, 0xFE96, 0xFE96, 0xFE96, 0xFE96, 0xFE96, 0xFE96, 0xFE76,
    0xFF18, 0x5A67, 0x6289, 0xFF38, 0xF675, 0xFE96, 0xFE96, 0xFE96, 0xFE96, 0xFE96, 0xFE96, 0xFE96, 0xFE96, 0xFE96, 0xFE96, 0xFE96,
    0xFE96, 0xFE96, 0xFE96, 0xFE96, 0xFE95, 0xFF18, 0x6268, 0x51C6, 0xFEF8, 0xF675, 0xFF18, 0x7B2B, 0x1063, 0x5ACE, 0x528D, 0x52AD,
    0x52AD, 0x528D, 0x52AD, 0x5AAD, 0x52AD, 0x528D, 0x52AD, 0x52AD, 0x52AD, 0x52AD, 0x52AD, 0x52AD, 0x52AD, 0x52AD, 0x52AD, 0x52AD,
    0x52AD, 0x52AD, 0x52AD, 0x52AD, 0x52AD, 0x5AAD, 0x5AAD, 0x528D, 0x528D, 0x528D, 0x52AD, 0x5AAD, 0x5AAD, 0x5AAD, 0x5AAD, 0x5AAD,
    0x5AAD, 0x5AAD, 0x5AAD, 0x5AAD, 0x52AC, 0x5AAD, 0x5AAD, 0x5AAD, 0x5AAD, 0x5AAD, 0x5AAD, 0x5AAD, 0x5AAD, 0x5AAD, 0x5AAD, 0x528C,
    0x31C6, 0x31E6, 0x4268, 0x52CA, 0x52A9, 0x4A89, 0x4248, 0x2123, 0x1903, 0x52CB, 0xB5D7, 0xDEFC, 0xD6DB, 0xD6BB, 0xCE7A, 0xCE7A,
    0xCE7A, 0xCE9A, 0xD6DB, 0xE73D, 0xE75D, 0xDEFB, 0xD6BA, 0xD6DB, 0xE75D, 0xEF7D, 0xE75D, 0xEF7E, 0xEF7D, 0xEF7D, 0xE75D, 0xE73D,
    0xD6DB, 0xA556, 0x632D, 0x52CC, 0x5B0D, 0x5B0E, 0x52CD, 0x422B, 0x422B, 0x4A8C, 0x52CD, 0x52CD, 0x5ACE, 0x5ACE, 0x4A2C, 0x9C0E,
    0xD570, 0xCCEE, 0xCCEF, 0xCCEE, 0xCCCE, 0xC4CE, 0xC4CE, 0xC4CE, 0xC4CE, 0xC4CD, 0xC4AD, 0xC4AD, 0xC4AD, 0xBC8D, 0xC4AD, 0xBC8D,
    0xBCAD, 0xBC8C, 0xBC8C, 0xBC8C, 0xBC8C, 0xBC8C, 0xBC8C, 0xBC8D, 0xBC6C, 0xB44C, 0xBC6C, 0xB44C, 0xB44C, 0xB44C, 0xB44C, 0xBC4C,
    0xBC4C, 0xBC4C, 0xBC4C, 0xBC4C, 0xBC4D, 0xBC6C, 0xBC6C, 0xBC6D, 0xC48D, 0xC4AE, 0xC4AD, 0xC48E, 0xC4AE, 0xC4AD, 0xC4AD, 0xC4AD,
    0xC48D, 0xC48D, 0xC48D, 0xC48D, 0xC48D, 0xC48D, 0xC48D, 0xC4AE, 0xA44D, 0x1041, 0x0000, 0x0000, 0x0000, 0x0000, 0x0000, 0x0000,
    0x0000, 0x0000, 0x0000, 0x0000, 0x0000, 0x7B4A, 0xFF17, 0xFE96, 0xFE96, 0xFE96, 0xFE96, 0xFE96, 0xFE96, 0xFEB6, 0xF697, 0x3965,
    0x41C6, 0xF696, 0xFED6, 0xF675, 0xFE76, 0xFE76, 0xFE96, 0xFE96, 0xFE96, 0xFE96, 0xFE96, 0xFE96, 0xFE96, 0xFE96, 0xFE95, 0xFE95,
    0xFF18, 0xD5D4, 0x28E2, 0x732A, 0xFEF8, 0xFE76, 0xFE96, 0xFE96, 0xFE96, 0xFE96, 0xFE96, 0xFE96, 0xFE96, 0xFE96, 0xFE76, 0xFED7,
    0xD5B3, 0x1861, 0xD5B3, 0xFEF6, 0xFE95, 0xFE96, 0xFE76, 0xFE76, 0xFE96, 0xFE96, 0xFE96, 0xFE96, 0xFE96, 0xFE75, 0xFE76, 0xFE96,
    0xFE96, 0xFE96, 0xFE96, 0xFE96, 0xFE96, 0xFE95, 0xFEF8, 0x3903, 0x7B0A, 0xFF38, 0xFE96, 0xE635, 0x1882, 0x3188, 0x630F, 0x5AAD,
    0x5AAD, 0x5AAD, 0x5AAE, 0x5AAE, 0x5AAD, 0x52AD, 0x52AD, 0x52AD, 0x52AD, 0x52AD, 0x52AD, 0x52AD, 0x52AD, 0x52AD, 0x52AD, 0x52AD,
    0x52AD, 0x52AD, 0x52AD, 0x52AD, 0x52AD, 0x52AD, 0x528D, 0x528D, 0x528D, 0x528C, 0x528D, 0x52AD, 0x5AAD, 0x5AAD, 0x5AAD, 0x5AAD,
    0x5AAD, 0x5AAD, 0x5AAD, 0x5AAD, 0x5AAD, 0x5AAD, 0x5AAD, 0x5AAD, 0x5AAD, 0x5ACD, 0x5ACD, 0x5AAD, 0x5AAD, 0x5AAD, 0x5AAD, 0x528C,
    0x31C6, 0x31C6, 0x4248, 0x4AA9, 0x52A9, 0x4A89, 0x4248, 0x2144, 0x18E3, 0x4249, 0x9CF4, 0xD69A, 0xCE39, 0xBDF8, 0xB5B7, 0xB5B7,
    0xB5D7, 0xC618, 0xD69A, 0xE71C, 0xEF5D, 0xD6FB, 0xBE18, 0xC659, 0xDF3C, 0xEF9E, 0xE77D, 0xEF9E, 0xEF9E, 0xEF9E, 0xEF7E, 0xEF7D,
    0xE73C, 0xD6BA, 0x9CF3, 0x5AEB, 0x5AED, 0x5B0E, 0x52AC, 0x422B, 0x422A, 0x528C, 0x52CD, 0x52CD, 0x5ACD, 0x52AD, 0x526B, 0xB4CF,
    0xD54F, 0xCCEE, 0xCCEE, 0xCCEE, 0xCCEE, 0xCCCE, 0xCCCE, 0xCCCE, 0xCCCE, 0xCCCE, 0xCCCD, 0xC4CD, 0xC4AD, 0xC48D, 0xC4AD, 0xC4AD,
    0xC4AD, 0xBC8D, 0xBC8C, 0xBC8C, 0xBC8C, 0xBC8D, 0xBC8D, 0xBC8D, 0xBC6C, 0xBC4C, 0xBC6C, 0xBC6C, 0xB44C, 0xB44C, 0xBC4C, 0xBC4C,
    0xBC4C, 0xBC4D, 0xBC4C, 0xBC4C, 0xBC4C, 0xBC6D, 0xBC8D, 0xBC8D, 0xC4AE, 0xC4AE, 0xC4AD, 0xC4AD, 0xC4AD, 0xC48D, 0xC48D, 0xC48D,
    0xC48D, 0xC48D, 0xC48D, 0xC48D, 0xC48D, 0xC48D, 0xBC6D, 0xCCEE, 0x6A88, 0x0000, 0x0000, 0x0000, 0x0000, 0x0000, 0x0000, 0x0000,
    0x0000, 0x0000, 0x0000, 0x0000, 0x1061, 0xDDB3, 0xFEB6, 0xFE96, 0xFE96, 0xFE96, 0xFE96, 0xFE96, 0xFE96, 0xFEF8, 0x5227, 0x3964,
    0xF6D7, 0xFEB6, 0xFE75, 0xFE96, 0xFE96, 0xFE96, 0xFE96, 0xFE96, 0xFE96, 0xFE96, 0xFE96, 0xFE96, 0xFE96, 0xFE96, 0xFE96, 0xFE96,
    0xFE75, 0xFF17, 0xD5D4, 0x0820, 0x93CD, 0xFF18, 0xFE75, 0xFE96, 0xFE96, 0xFE96, 0xFE96, 0xFE96, 0xFE96, 0xFE96, 0xFE76, 0xFF18,
    0x7B8B, 0x51E7, 0xFEF7, 0xFE75, 0xFE75, 0xFED7, 0xFEF8, 0xFEF8, 0xFE97, 0xEE56, 0xF676, 0xFEB7, 0xFED7, 0xFEF8, 0xFED7, 0xFE76,
    0xFE76, 0xFE96, 0xFE96, 0xFE96, 0xFE96, 0xFE95, 0xFEF7, 0xCD73, 0x1800, 0xBCF1, 0xFED7, 0xFEF7, 0xA42E, 0x0000, 0x2968, 0x62EE,
    0x5ACE, 0x5AAD, 0x5ACE, 0x5AAD, 0x5AAD, 0x5AAD, 0x5AAD, 0x5AAD, 0x5AAD, 0x5AAD, 0x5AAD, 0x52AD, 0x52AD, 0x52AD, 0x52AD, 0x52AD,
    0x52AD, 0x52AD, 0x52AD, 0x52AD, 0x52AD, 0x52AD, 0x528C, 0x528C, 0x528C, 0x528D, 0x52AD, 0x52AD, 0x5AAD, 0x5AAD, 0x52AC, 0x528C,
    0x52AC, 0x5AAD, 0x5AAD, 0x5AAD, 0x5AAD, 0x5AAD, 0x5AAD, 0x5AAD, 0x5AAD, 0x5AAD, 0x5AAD, 0x5AAD, 0x5AAD, 0x5AAD, 0x5AAD, 0x526C,
    0x29A5, 0x31A5, 0x4227, 0x4AA9, 0x52A9, 0x4A89, 0x4268, 0x2164, 0x10E3, 0x31C7, 0x7BF0, 0xB5B7, 0xAD76, 0xA535, 0x9CF4, 0xA514,
    0xAD76, 0xBE18, 0xD6DB, 0xDF1C, 0xE75D, 0xE73C, 0xC659, 0xBE18, 0xDEFB, 0xE77D, 0xE77D, 0xEF9E, 0xEF9E, 0xEF9E, 0xEF9E, 0xEF9E,
    0xEF7C, 0xE71A, 0xBDD3, 0x840D, 0x5AEC, 0x5B0D, 0x52AC, 0x422A, 0x422A, 0x528C, 0x52CD, 0x52CD, 0x5ACD, 0x528D, 0x6AEC, 0xCD50,
    0xD52F, 0xCD0E, 0xCCEE, 0xCCEE, 0xCCEE, 0xCCEE, 0xCCEE, 0xCCEE, 0xCCEE, 0xCCEE, 0xCCEE, 0xCCCE, 0xC4AD, 0xC48D, 0xC4AD, 0xC4AD,
    0xBC8D, 0xC4AD, 0xC48D, 0xBC8D, 0xBC8D, 0xBC8D, 0xBC8D, 0xBC8D, 0xBC8D, 0xBC6C, 0xBC6C, 0xBC6C, 0xBC6C, 0xBC6C, 0xBC6C, 0xBC6C,
    0xBC6C, 0xBC4C, 0xBC4C, 0xBC4C, 0xBC6D, 0xBC8D, 0xC4AD, 0xC4AD, 0xC4AE, 0xC4AE, 0xC4CE, 0xC4AE, 0xC4AD, 0xC48D, 0xC48D, 0xC48D,
    0xC48D, 0xBC6D, 0xC48D, 0xC48D, 0xC48D, 0xBC6D, 0xBC6D, 0xBCAE, 0x2903, 0x0000, 0x0000, 0x0000, 0x0000, 0x0000, 0x0000, 0x0000,
    0x0000, 0x0000, 0x0000, 0x0000, 0x5A48, 0xFED7, 0xFE75, 0xFE96, 0xFE96, 0xFE96, 0xFE96, 0xFE75, 0xFEF8, 0x8BCD, 0x1881, 0xEE55,
    0xFEB6, 0xFE75, 0xFE95, 0xFE96, 0xFE96, 0xFE96, 0xFE96, 0xFE96, 0xFE96, 0xFE96, 0xFE96, 0xFE96, 0xFE96, 0xFE96, 0xFE96, 0xFE96,
    0xFE96, 0xFE75, 0xFF18, 0xB4F0, 0x1020, 0xBD11, 0xFEF7, 0xFE75, 0xFE96, 0xFE96, 0xFE96, 0xFE96, 0xFE96, 0xFE96, 0xFE96, 0xFEB7,
    0x2902, 0x9C0E, 0xFEF7, 0xFEB5, 0xFEF7, 0xDDB4, 0x93AD, 0x5A27, 0x3944, 0x20C2, 0x2903, 0x3965, 0x49E6, 0x834B, 0xCD52, 0xFED7,
    0xFED7, 0xFE76, 0xFE96, 0xFE96, 0xFE96, 0xFE96, 0xFE95, 0xFF38, 0x72A9, 0x4144, 0xFED7, 0xFE75, 0xFED7, 0xC552, 0x28E3, 0x1083,
    0x528C, 0x5AEE, 0x52AD, 0x5AAD, 0x5ACD, 0x5ACD, 0x5ACD, 0x5AAE, 0x5AAE, 0x5AAE, 0x5AAD, 0x52AD, 0x52AD, 0x52AD, 0x52AD, 0x52AD,
    0x52AD, 0x52AD, 0x52AD, 0x52AD, 0x52AD, 0x52AD, 0x528D, 0x528C, 0x52AD, 0x5AAD, 0x5AAD, 0x5AAD, 0x5AAD, 0x5AAD, 0x528C, 0x528C,
    0x528C, 0x528C, 0x528C, 0x52AD, 0x52AD, 0x52AD, 0x52AD, 0x52AD, 0x5AAD, 0x5AAD, 0x5AAD, 0x5AAD, 0x5AAD, 0x5AAD, 0x5AAD, 0x526C,
    0x2985, 0x29A5, 0x3A27, 0x4A89, 0x4AA9, 0x4A89, 0x4248, 0x2985, 0x18E3, 0x39C7, 0x73AF, 0xA535, 0x9D14, 0xA535, 0xA555, 0xAD55,
    0xB5B6, 0xC659, 0xDEFC, 0xDEFB, 0xDF1C, 0xE75D, 0xCE9A, 0xBDF7, 0xCE9A, 0xDF3C, 0xE75D, 0xEF7D, 0xEF7D, 0xEF7E, 0xEF7E, 0xEF7D,
    0xE75C, 0xDEF8, 0xB5B0, 0x9CED, 0x738C, 0x5AEC, 0x52CC, 0x422A, 0x420A, 0x4A8C, 0x52CD, 0x52CD, 0x52CD, 0x4A6C, 0x7B6C, 0xD570,
    0xD50E, 0xCD0F, 0xCD0E, 0xCD0E, 0xCD0E, 0xCCEE, 0xCCEE, 0xCCEE, 0xCCEE, 0xCCEE, 0xCCEE, 0xCCCE, 0xC4CD, 0xC4AD, 0xC4AD, 0xC4CD,
    0xC4AD, 0xC4AD, 0xC4AD, 0xC48D, 0xC48D, 0xC48D, 0xC48D, 0xBC8D, 0xBC8D, 0xBC8D, 0xBC6C, 0xBC6C, 0xBC6C, 0xBC6C, 0xBC6C, 0xBC6C,
    0xBC6C, 0xBC4C, 0xBC4C, 0xBC6D, 0xBC6D, 0xBC8D, 0xC4AD, 0xC4AE, 0xC4AE, 0xC4AE, 0xC4CE, 0xC4AD, 0xC4AD, 0xC48D, 0xC48D, 0xC48D,
    0xBC6D, 0xBC6D, 0xC48D, 0xC48D, 0xC48D, 0xBC6D, 0xC48D, 0x9BAB, 0x0020, 0x0000, 0x0000, 0x0000, 0x0000, 0x0000, 0x0000, 0x0000,
    0x0000, 0x0000, 0x0000, 0x0000, 0xB4D1, 0xFED7, 0xFE76, 0xFE96, 0xFE96, 0xFE96, 0xFE76, 0xFEB6, 0xDDD4, 0x0800, 0xAC8F, 0xFF17,
    0xFE75, 0xFE95, 0xFE96, 0xFE96, 0xFE96, 0xFE96, 0xFE96, 0xFE96, 0xFE76, 0xFE75, 0xFE75, 0xFE75, 0xFE75, 0xFE76, 0xFE96, 0xFE96,
    0xFE96, 0xFE96, 0xF675, 0xFF38, 0x7B2B, 0x2061, 0xEE76, 0xFEB6, 0xFE96, 0xFE96, 0xFE96, 0xFE96, 0xFE96, 0xFE96, 0xFE96, 0xFE76,
    0x9BEC, 0xE5F3, 0xFEF7, 0xD5B3, 0x6AC9, 0x1061, 0x0000, 0x0000, 0x0000, 0x0000, 0x0000, 0x0000, 0x0000, 0x0000, 0x0800, 0x49E7,
    0xBCF1, 0xFEF8, 0xFE96, 0xFE76, 0xFE96, 0xFE96, 0xFE96, 0xFEB7, 0xEE55, 0xD592, 0xFE96, 0xFE95, 0xFE76, 0xFED7, 0xF676, 0x6AA9,
    0x0000, 0x39C9, 0x5ACE, 0x52AD, 0x52AD, 0x52AD, 0x52AD, 0x52AD, 0x5AAD, 0x5AAD, 0x5AAD, 0x5AAD, 0x5AAD, 0x5AAD, 0x52AD, 0x52AD,
    0x52AD, 0x52AD, 0x52AD, 0x52AD, 0x52AD, 0x52AD, 0x528D, 0x528D, 0x5AAD, 0x5AAD, 0x5AAD, 0x5AAD, 0x5AAD, 0x5AAD, 0x528D, 0x528C,
    0x528C, 0x528C, 0x528C, 0x528C, 0x528D, 0x528C, 0x528C, 0x528C, 0x528C, 0x528D, 0x52AD, 0x5AAD, 0x5AAD, 0x5AAD, 0x5AAD, 0x526C,
    0x2964, 0x2985, 0x3A07, 0x4A89, 0x4AA9, 0x4A89, 0x4248, 0x2985, 0x18E3, 0x39C7, 0x83F0, 0xB535, 0xB535, 0xB576, 0xB596, 0xB576,
    0xB5B7, 0xCE7A, 0xDF1C, 0xDEFC, 0xDEFC, 0xDF3C, 0xD6DB, 0xC638, 0xC659, 0xD6DB, 0xE73C, 0xE75D, 0xE77D, 0xEF7D, 0xE75D, 0xE73C,
    0xDF1C, 0xD6D9, 0xBDF2, 0xAD4F, 0x8C6F, 0x630D, 0x528B, 0x3A09, 0x420A, 0x4A8B, 0x52AC, 0x52AC, 0x52AC, 0x4A4B, 0x940E, 0xD570,
    0xD50F, 0xD52F, 0xD52F, 0xD50F, 0xD50F, 0xCD0E, 0xCD0E, 0xCD0E, 0xCD0E, 0xCD0E, 0xCCEE, 0xCCEE, 0xCCCE, 0xC4CD, 0xC4CD, 0xCCCE,
    0xCCCE, 0xC4AD, 0xC4AD, 0xC48D, 0xC46D, 0xC46D, 0xC46D, 0xBC8D, 0xBC8D, 0xBC8D, 0xBC8D, 0xBC8D, 0xBC8D, 0xBC8D, 0xBC8D, 0xBC8D,
    0xBC6D, 0xBC6C, 0xBC4C, 0xBC6D, 0xC46D, 0xC48D, 0xC4AD, 0xC4AE, 0xC4AD, 0xC4AD, 0xC4CE, 0xC4AD, 0xC4AD, 0xC48D, 0xBC6D, 0xBC6D,
    0xBC6C, 0xBC6C, 0xBC6C, 0xBC6D, 0xBC8D, 0xBC4C, 0xC4AE, 0x5A27, 0x0000, 0x0000, 0x0000, 0x0000, 0x0000, 0x0000, 0x0000, 0x0000,
    0x0000, 0x0000, 0x0000, 0x3104, 0xF677, 0xFE96, 0xFE96, 0xFE96, 0xFE96, 0xFE96, 0xFE76, 0xFEF7, 0x5226, 0x4A06, 0xFEF7, 0xFE75,
    0xFE95, 0xFE96, 0xFE96, 0xFE96, 0xFE96, 0xFE75, 0xFE76, 0xFEB6, 0xFED7, 0xFEF8, 0xFEF8, 0xFEF8, 0xFEF7, 0xFED7, 0xFE96, 0xFE75,
    0xFE96, 0xFE96, 0xFE96, 0xFE96, 0xF6B7, 0x28C2, 0x72EA, 0xFF18, 0xFE76, 0xFE96, 0xFE96, 0xFE96, 0xFE96, 0xFE96, 0xFE96, 0xFE96,
    0xFEF7, 0xFF17, 0xB4B0, 0x1081, 0x0000, 0x0000, 0x0800, 0x0000, 0x0020, 0x0000, 0x0000, 0x0800, 0x0821, 0x0821, 0x0000, 0x0000,
    0x0000, 0x62A9, 0xEE76, 0xFED7, 0xFE76, 0xFE96, 0xFE96, 0xFE96, 0xFEB6, 0xFEB6, 0xFE95, 0xFE96, 0xFE96, 0xFE75, 0xFEB6, 0xFEF8,
    0x9BED, 0x0820, 0x2946, 0x5AEE, 0x52AD, 0x528C, 0x52AD, 0x52AD, 0x52AD, 0x52AD, 0x52AC, 0x5AAD, 0x5AAD, 0x5AAD, 0x5AAD, 0x5AAD,
    0x5AAD, 0x5AAD, 0x52AD, 0x52AD, 0x52AD, 0x528D, 0x528C, 0x52AD, 0x5AAD, 0x5ACD, 0x5ACD, 0x5ACD, 0x5ACD, 0x5AAD, 0x528D, 0x528D,
    0x528D, 0x528D, 0x528D, 0x528D, 0x528D, 0x528C, 0x528C, 0x528C, 0x528C, 0x528D, 0x52AD, 0x5AAD, 0x5AAD, 0x5AAD, 0x5AAD, 0x526C,
    0x2123, 0x2144, 0x39E6, 0x4268, 0x4A89, 0x4A69, 0x4248, 0x29A5, 0x10C2, 0x41C7, 0x9432, 0xC597, 0xC577, 0xC597, 0xBD97, 0xB576,
    0xB5B7, 0xCE59, 0xDEFB, 0xD6DB, 0xD6DB, 0xDF1C, 0xDF1C, 0xD6DB, 0xCE9A, 0xCE9A, 0xD6DB, 0xD6DB, 0xD6DB, 0xD6FB, 0xD6FB, 0xD6FB,
    0xDEFB, 0xD69A, 0xC617, 0xB594, 0xA532, 0x7BF0, 0x528B, 0x4209, 0x422A, 0x4A6B, 0x52AC, 0x528C, 0x4A6B, 0x4A4B, 0xA46F, 0xDD6F,
    0xD52F, 0xD54F, 0xD54F, 0xD52F, 0xD52F, 0xD52F, 0xD52F, 0xD52F, 0xD52F, 0xD50F, 0xD50E, 0xCCEE, 0xCCEE, 0xCCCE, 0xCCCD, 0xCCCE,
    0xCCCE, 0xC4AD, 0xC4AD, 0xC48D, 0xC46D, 0xC46D, 0xC48D, 0xBC8D, 0xC4AD, 0xC4AD, 0xC48D, 0xC48D, 0xC48D, 0xC4AD, 0xC4AD, 0xC4AD,
    0xC4AD, 0xBC8D, 0xBC4C, 0xBC6D, 0xC48D, 0xC48D, 0xC4AD, 0xC4AD, 0xC4AD, 0xC4AD, 0xC4AD, 0xC4AD, 0xC4AD, 0xC48D, 0xC48D, 0xC48D,
    0xBC6D, 0xBC6D, 0xBC6D, 0xBC6D, 0xBC6D, 0xBC6D, 0xAC4D, 0x20A2, 0x0000, 0x0000, 0x0000, 0x0000, 0x0000, 0x0000, 0x0000, 0x0000,
    0x0000, 0x0020, 0x0000, 0x7B2B, 0xFEF8, 0xFE75, 0xFE96, 0xFE96, 0xFE96, 0xFE96, 0xFED7, 0xD593, 0x1061, 0xD5B3, 0xFED6, 0xFE75,
    0xFE95, 0xFE96, 0xFE96, 0xFE75, 0xFE96, 0xFEF8, 0xFEF8, 0xE635, 0xC532, 0x9C2E, 0x93CD, 0xA44F, 0xB4D1, 0xCD73, 0xF676, 0xFEF8,
    0xFEB7, 0xFE75, 0xFE96, 0xFE96, 0xFEF7, 0xCD72, 0xBCF1, 0xFED7, 0xFE76, 0xFE96, 0xFE96, 0xFE96, 0xFE96, 0xFE96, 0xFE96, 0xFE76,
    0xFED7, 0x9C2E, 0x0800, 0x0000, 0x0000, 0x0000, 0x0000, 0x0000, 0x0000, 0x0000, 0x0841, 0x0000, 0x0000, 0x0000, 0x0000, 0x0000,
    0x0000, 0x0000, 0x3985, 0xE5F4, 0xFEB6, 0xFE76, 0xFE96, 0xFE96, 0xFE96, 0xFE75, 0xFE96, 0xFE96, 0xFE96, 0xFE96, 0xFE96, 0xFE76,
    0xFF18, 0xC552, 0x20C2, 0x18E5, 0x5AED, 0x5ACD, 0x5AAC, 0x5AAD, 0x5AAC, 0x5AAC, 0x52AC, 0x528C, 0x528C, 0x528C, 0x528C, 0x528C,
    0x528C, 0x528C, 0x528C, 0x528C, 0x528C, 0x528C, 0x528C, 0x528C, 0x5AAD, 0x5ACD, 0x5ACD, 0x5ACD, 0x5AAD, 0x5AAD, 0x528D, 0x528D,
    0x528D, 0x528D, 0x5AAD, 0x5AAD, 0x52AD, 0x528D, 0x528D, 0x528D, 0x52AD, 0x5AAD, 0x5AAD, 0x5AAD, 0x5AAD, 0x5AAD, 0x5AAD, 0x526C,
    0x10E2, 0x1903, 0x31C6, 0x4268, 0x4A69, 0x4268, 0x4248, 0x2984, 0x18C2, 0x5A8A, 0xB515, 0xD5F9, 0xD5D8, 0xCDB8, 0xC5B8, 0xBDD7,
    0xBDF8, 0xCE7A, 0xDEFC, 0xD6DB, 0xD6DB, 0xDEFB, 0xDEFB, 0xDF1C, 0xD6FB, 0xCE9A, 0xCE9A, 0xCE79, 0xCE79, 0xCE79, 0xCE79, 0xCE9A,
    0xCE7A, 0xCE59, 0xCE59, 0xC638, 0xAD74, 0x8450, 0x630D, 0x4A6B, 0x4A6B, 0x4A8B, 0x52AC, 0x4A8B, 0x4A4B, 0x526A, 0xBCF0, 0xDD6F,
    0xD54F, 0xD56F, 0xD54F, 0xD54F, 0xD52F, 0xD52F, 0xD52F, 0xD52F, 0xD52F, 0xD52F, 0xD50F, 0xCD0E, 0xCCEE, 0xCCEE, 0xCCCE, 0xCCEE,
    0xCCCE, 0xC4AD, 0xC4AD, 0xC4AD, 0xC48D, 0xC46D, 0xC48D, 0xC48D, 0xC4AD, 0xC4AD, 0xC4AD, 0xC4AD, 0xC4AD, 0xC4AD, 0xC4AD, 0xC4AD,
    0xC4AD, 0xC48D, 0xBC4C, 0xBC6D, 0xBC6D, 0xBC8D, 0xC48D, 0xBC8D, 0xC48D, 0xBC8D, 0xC4AD, 0xC48D, 0xC48D, 0xBC6D, 0xBC6D, 0xBC6C,
    0xBC6D, 0xBC6C, 0xBC6D, 0xC46D, 0xBC4D, 0xC48D, 0x93CB, 0x0820, 0x0000, 0x0000, 0x0000, 0x0000, 0x0000, 0x0000, 0x0000, 0x0000,
    0x0000, 0x0000, 0x0840, 0xD593, 0xFEB7, 0xFE75, 0xFE96, 0xFE96, 0xFE96, 0xFE75, 0xFF18, 0x6268, 0x5227, 0xFF18, 0xFE74, 0xFE96,
    0xFE96, 0xFE96, 0xFE76, 0xFEB7, 0xFED7, 0xB512, 0x5A48, 0x1882, 0x0000, 0x0000, 0x0000, 0x0000, 0x0000, 0x0000, 0x2924, 0x836C,
    0xDDD4, 0xFF18, 0xFEB6, 0xFE76, 0xFE96, 0xFED7, 0xFED7, 0xFE76, 0xFE96, 0xFE96, 0xFE96, 0xFE96, 0xFE96, 0xFE96, 0xFE76, 0xFEF7,
    0xBD11, 0x0820, 0x0000, 0x0000, 0x0000, 0x0000, 0x0000, 0x0000, 0x2945, 0xAD55, 0xDEDB, 0xC618, 0x7BEF, 0x2925, 0x0000, 0x0000,
    0x0000, 0x0020, 0x0000, 0x3964, 0xEE56, 0xFEB6, 0xFE96, 0xFE96, 0xFE96, 0xFE96, 0xFE96, 0xFE96, 0xFE96, 0xFE96, 0xFE96, 0xFE96,
    0xFE75, 0xFEF7, 0xE615, 0x3144, 0x18A3, 0x5ACD, 0x5ACD, 0x5AAC, 0x5AAC, 0x5AAC, 0x528C, 0x526C, 0x526B, 0x524B, 0x4A4B, 0x4A4B,
    0x4A4B, 0x4A4B, 0x4A4B, 0x4A2B, 0x4A2B, 0x4A4B, 0x4A4B, 0x4A4B, 0x526C, 0x526C, 0x528C, 0x528C, 0x528D, 0x52AD, 0x528D, 0x528D,
    0x528D, 0x5AAD, 0x5AAD, 0x5AAD, 0x5AAD, 0x5AAD, 0x5AAD, 0x5AAD, 0x5AAD, 0x5AAD, 0x5AAD, 0x5AAD, 0x5AAD, 0x5AAD, 0x5AAD, 0x526C,
    0x10C2, 0x10E2, 0x31C6, 0x4248, 0x4268, 0x4268, 0x3A27, 0x31A5, 0x4207, 0x9451, 0xCE19, 0xD65A, 0xD65A, 0xCE39, 0xC619, 0xC639,
    0xCE7A, 0xDEDB, 0xDEFC, 0xD6DB, 0xD6DB, 0xDEFC, 0xDF1C, 0xE73D, 0xDF3C, 0xD6FB, 0xD6BA, 0xCE9A, 0xCE9A, 0xCE79, 0xCE79, 0xCE79,
    0xCE79, 0xCE79, 0xD69A, 0xCE79, 0xAD54, 0x7C0F, 0x6B6E, 0x5AEC, 0x52AC, 0x52AC, 0x52AC, 0x4A8B, 0x4A2A, 0x62EB, 0xCD71, 0xD54F,
    0xD54F, 0xDD70, 0xD54F, 0xD54F, 0xD54F, 0xD52F, 0xD52F, 0xD52F, 0xD52F, 0xD52F, 0xD52F, 0xD50E, 0xCD0E, 0xCCEE, 0xCCEE, 0xCCEE,
    0xCCCE, 0xC4AD, 0xC4AD, 0xCCAE, 0xC4AE, 0xC48D, 0xC48D, 0xC48D, 0xC4AD, 0xC4AD, 0xC4AE, 0xC4AE, 0xC4AD, 0xC4AD, 0xC4AD, 0xC4AD,
    0xC48D, 0xBC8D, 0xBC6D, 0xBC4C, 0xBC6D, 0xBC6D, 0xBC8D, 0xBC8D, 0xBC8D, 0xBC8D, 0xBC8D, 0xBC8D, 0xBC6D, 0xBC6C, 0xBC6C, 0xBC6C,
    0xBC6C, 0xBC6C, 0xBC6C, 0xBC6D, 0xBC4C, 0xCCCE, 0x7B09, 0x0000, 0x0000, 0x0000, 0x0000, 0x0000, 0x0000, 0x0000, 0x0000, 0x0000,
    0x0000, 0x0000, 0x3944, 0xFEB7, 0xFE96, 0xFE96, 0xFE96, 0xFE96, 0xFE96, 0xFEB6, 0xEE35, 0x18A2, 0xBCF1, 0xFEF6, 0xFE75, 0xFE96,
    0xFE96, 0xFE75, 0xFEF7, 0xDDB3, 0x49E6, 0x0000, 0x0000, 0x0000, 0x0000, 0x0021, 0x0821, 0x0020, 0x0020, 0x0000, 0x0000, 0x0000,
    0x1061, 0x838C, 0xF676, 0xFED7, 0xFE76, 0xFE96, 0xFE76, 0xFE96, 0xFE96, 0xFE96, 0xFE96, 0xFE96, 0xFE96, 0xFE96, 0xFEB6, 0xEE76,
    0x2903, 0x0000, 0x0000, 0x0000, 0x0000, 0x0000, 0x0000, 0x39C7, 0xEF5D, 0xFFFF, 0xFFFF, 0xFFFF, 0xFFFF, 0xF77E, 0x630C, 0x0000,
    0x0000, 0x0000, 0x0020, 0x0000, 0x6289, 0xFEF8, 0xFE75, 0xFE96, 0xFE96, 0xFE96, 0xFE96, 0xFE96, 0xFE96, 0xFE96, 0xFE96, 0xFE96,
    0xFE96, 0xFE75, 0xFEB7, 0xEE77, 0x4185, 0x1062, 0x5AAC, 0x5ACC, 0x5AAB, 0x528C, 0x528B, 0x526B, 0x4A4B, 0x4A4B, 0x4A4B, 0x4A4B,
    0x4A4B, 0x4A4B, 0x4A2B, 0x4A2B, 0x420B, 0x420A, 0x420A, 0x420A, 0x4A0A, 0x4A2B, 0x4A2B, 0x4A4C, 0x526C, 0x528D, 0x5AAD, 0x5AAD,
    0x5AAD, 0x5AAD, 0x5AAD, 0x5AAD, 0x52AD, 0x52AD, 0x5AAD, 0x5AAD, 0x5AAD, 0x5AAD, 0x5AAD, 0x5AAD, 0x5AAD, 0x5AAD, 0x5AAD, 0x526C,
    0x10C2, 0x10E2, 0x29A5, 0x4248, 0x4268, 0x4268, 0x3A27, 0x3A27, 0x5AEA, 0xB596, 0xDEBB, 0xD67A, 0xCE59, 0xCE59, 0xCE59, 0xCE7A,
    0xD69A, 0xD6BB, 0xDEDB, 0xDEDB, 0xDEDB, 0xDEFC, 0xE73C, 0xE75D, 0xE75D, 0xE73C, 0xDEFC, 0xD6DB, 0xD6BA, 0xCE9A, 0xCE9A, 0xD69A,
    0xCE9A, 0xD69A, 0xD6BA, 0xD6BA, 0xB5D6, 0x8C70, 0x8C71, 0x738E, 0x528B, 0x52AC, 0x52AC, 0x4A6B, 0x4209, 0x7B4B, 0xDD91, 0xD54F,
    0xDD4F, 0xDD6F, 0xDD4F, 0xDD4F, 0xD54F, 0xD52F, 0xD52F, 0xD52F, 0xD52F, 0xD52F, 0xD52F, 0xD50E, 0xCD0E, 0xCCEE, 0xCCEE, 0xCCEE,
    0xCCEE, 0xC4AD, 0xC4AD, 0xCCCE, 0xCCCE, 0xCCCE, 0xC4AD, 0xC4AD, 0xC4AD, 0xC4AD, 0xC4AD, 0xC4AD, 0xC4AD, 0xC4AD, 0xC4AD, 0xC48D,
    0xC48D, 0xC48D, 0xC48D, 0xBC6C, 0xBC6C, 0xBC6D, 0xBC6D, 0xC48D, 0xBC6D, 0xBC6C, 0xBC6C, 0xBC6C, 0xBC6D, 0xBC6D, 0xBC4C, 0xBC4C,
    0xBC6C, 0xBC6C, 0xBC4C, 0xBC6C, 0xC4AE, 0xB46E, 0x3103, 0x0000, 0x0820, 0x0000, 0x0000, 0x0000, 0x0000, 0x0000, 0x0000, 0x0000,
    0x0000, 0x0000, 0x836B, 0xFEF7, 0xFE76, 0xFE96, 0xFE96, 0xFE96, 0xFE75, 0xFEF7, 0xA42E, 0x20C2, 0xF696, 0xFE96, 0xFE96, 0xFE96,
    0xFE75, 0xFED7, 0xC531, 0x20C2, 0x0000, 0x0000, 0x0000, 0x0000, 0x0000, 0x0000, 0x0000, 0x0000, 0x0000, 0x0000, 0x0020, 0x0000,
    0x0000, 0x0000, 0x3964, 0xDDD4, 0xFED7, 0xFE76, 0xFE96, 0xFE96, 0xFE96, 0xFE96, 0xFE96, 0xFE96, 0xFE96, 0xFE76, 0xFEF7, 0x9C0D,
    0x0000, 0x0020, 0x0000, 0x0000, 0x0000, 0x0000, 0x18A3, 0xD67A, 0xFFFF, 0xFFBF, 0xFFDF, 0xFFDF, 0xFFDF, 0xFFFF, 0xFFFF, 0x8410,
    0x0000, 0x0000, 0x0000, 0x0020, 0x0000, 0xB4F1, 0xFEF7, 0xFE76, 0xFE96, 0xFE96, 0xFE96, 0xFE96, 0xFE96, 0xFE96, 0xFE96, 0xFE96,
    0xFE96, 0xFE96, 0xFE75, 0xFEB6, 0xEE77, 0x4185, 0x0842, 0x5ACC, 0x5AAB, 0x528B, 0x528B, 0x526B, 0x526B, 0x4A4B, 0x4A4B, 0x4A4B,
    0x4A4B, 0x4A4B, 0x4A4B, 0x4A4B, 0x524B, 0x4A4B, 0x4A2B, 0x4A0A, 0x4A0A, 0x4A0A, 0x4A2A, 0x524B, 0x526C, 0x5AAD, 0x5ACD, 0x5ACD,
    0x5ACD, 0x5AAD, 0x5AAD, 0x5AAD, 0x5AAD, 0x528D, 0x528D, 0x52AD, 0x52AD, 0x5AAD, 0x5AAD, 0x5AAD, 0x5AAD, 0x5AAD, 0x5AAD, 0x528C,
    0x10C2, 0x10E3, 0x2985, 0x4248, 0x4268, 0x4248, 0x3A27, 0x31E6, 0x4A69, 0xA513, 0xC5F8, 0xC618, 0xC618, 0xCE38, 0xCE59, 0xCE5A,
    0xCE7A, 0xD69A, 0xDEDB, 0xDEDB, 0xDEDB, 0xDF1C, 0xDF1C, 0xDF1C, 0xE73C, 0xE75D, 0xE75D, 0xE73D, 0xE73C, 0xDF1C, 0xDEFC, 0xDEDB,
    0xD6DB, 0xD6DB, 0xD6BB, 0xD6BA, 0xC658, 0xA554, 0xAD75, 0x8430, 0x4A8A, 0x528B, 0x4A4A, 0x424A, 0x4A6A, 0x9C0E, 0xDD91, 0xD54F,
    0xDD70, 0xDD6F, 0xDD4F, 0xDD4F, 0xDD4F, 0xD54F, 0xD54F, 0xD54F, 0xD54F, 0xD52F, 0xD52F, 0xD52F, 0xD50E, 0xCD0E, 0xCCEE, 0xCCEE,
    0xCCEE, 0xCCCE, 0xCCCE, 0xCCCE, 0xCCCE, 0xCCCD, 0xC4AD, 0xC4AD, 0xC4AD, 0xC4AD, 0xC4AD, 0xC4AD, 0xC4AD, 0xC4AD, 0xC48D, 0xC48D,
    0xC48D, 0xC48D, 0xC48D, 0xBC6D, 0xBC6C, 0xBC6D, 0xBC6C, 0xBC6D, 0xBC6D, 0xBC6C, 0xBC4C, 0xBC4C, 0xBC4C, 0xBC4C, 0xBC4C, 0xBC4C,
    0xBC4C, 0xBC6C, 0xBC6C, 0xBC6D, 0x6226, 0x3103, 0x4185, 0x20A2, 0x0000, 0x0000, 0x0000, 0x0000, 0x0000, 0x0000, 0x0000, 0x0000,
    0x0000, 0x0000, 0xC532, 0xFED7, 0xFE76, 0xFE96, 0xFE96, 0xFE96, 0xFE75, 0xFF17, 0x5206, 0x6268, 0xFF18, 0xFE75, 0xFE96, 0xFE75,
    0xFED7, 0xD552, 0x1061, 0x0000, 0x0020, 0x0000, 0x0000, 0x0000, 0x0000, 0x0020, 0x4A49, 0x5ACB, 0x3186, 0x0000, 0x0000, 0x0000,
    0x0000, 0x0020, 0x0000, 0x18A2, 0xDDB4, 0xFED7, 0xFE96, 0xFE96, 0xFE96, 0xFE96, 0xFE96, 0xFE96, 0xFE96, 0xFE95, 0xFEF7, 0x5207,
    0x0000, 0x0020, 0x0000, 0x0000, 0x0020, 0x0000, 0x2104, 0xCE39, 0xFFFF, 0xFFDF, 0xFFFF, 0xFFFF, 0xFFFF, 0xFFFF, 0xFFDF, 0xFFFF,
    0x6B4D, 0x0000, 0x0000, 0x0020, 0x0000, 0x5A27, 0xFED7, 0xFE76, 0xFE96, 0xFE96, 0xFE96, 0xFE96, 0xFE96, 0xFE96, 0xFE96, 0xFE96,
    0xFE96, 0xFE96, 0xFE96, 0xFE76, 0xFEB6, 0xEE76, 0x3965, 0x10A3, 0x5ACB, 0x528A, 0x528B, 0x526B, 0x526B, 0x526B, 0x4A4B, 0x4A4B,
    0x4A4B, 0x4A4B, 0x4A4B, 0x4A4B, 0x524B, 0x524B, 0x524B, 0x524B, 0x522B, 0x522B, 0x522B, 0x524B, 0x526C, 0x5ACD, 0x62EE, 0x630E,
    0x62EE, 0x5AEE, 0x5ACD, 0x62EE, 0x5AEE, 0x5ACD, 0x5ACD, 0x5ACD, 0x5ACD, 0x5ACD, 0x5ACD, 0x5ACD, 0x5ACD, 0x5ACD, 0x5AAD, 0x526C,
    0x10E3, 0x10E3, 0x2985, 0x3A27, 0x4248, 0x4228, 0x3A27, 0x3A06, 0x31A5, 0x630B, 0x9CF3, 0xBDB7, 0xC5F8, 0xC618, 0xCE39, 0xCE59,
    0xCE7A, 0xD69A, 0xDEDB, 0xDEDB, 0xDEFC, 0xE71C, 0xDF1C, 0xDF1C, 0xDF1C, 0xE75D, 0xEF7E, 0xE75D, 0xE73D, 0xDF1C, 0xD6DB, 0xCE59,
    0xBE18, 0xB5B6, 0xAD55, 0xA514, 0x9492, 0x7BEF, 0x7BEF, 0x5AEB, 0x39E7, 0x31A7, 0x5AEC, 0x634C, 0x738C, 0xC531, 0xDD50, 0xD550,
    0xDD70, 0xDD6F, 0xDD4F, 0xDD4F, 0xDD4F, 0xDD4F, 0xDD4F, 0xDD4F, 0xD54F, 0xD52F, 0xD54F, 0xD54F, 0xD52E, 0xD50E, 0xCD0E, 0xCD0E,
    0xD50E, 0xCCEE, 0xCCEE, 0xCCEE, 0xCCCE, 0xCCCE, 0xC4CD, 0xC4AD, 0xC4AD, 0xC4AD, 0xC4AD, 0xCCCE, 0xC4AD, 0xC48D, 0xC48D, 0xC48D,
    0xBC6D, 0xBC6D, 0xBC6D, 0xBC6C, 0xBC6C, 0xBC6C, 0xBC4C, 0xBC6C, 0xBC6C, 0xBC4C, 0xBC4C, 0xBC4C, 0xBC4C, 0xB44C, 0xB42C, 0xB44C,
    0xAC0B, 0xA3AA, 0xB46E, 0x3103, 0x3124, 0xD5D4, 0xFED7, 0xEE34, 0xA42E, 0x5207, 0x0000, 0x0000, 0x0000, 0x0000, 0x0000, 0x0000,
    0x0000, 0x20E3, 0xEE55, 0xFE96, 0xFE96, 0xFE96, 0xFE96, 0xFE96, 0xFE95, 0xFED7, 0x5A27, 0xAC6E, 0xFEF7, 0xFE76, 0xFE96, 0xFEB6,
    0xEE55, 0x2903, 0x0000, 0x0800, 0x0000, 0x0000, 0x0000, 0x0000, 0x2124, 0xBDF7, 0xFFFF, 0xFFFF, 0xFFDF, 0xCE79, 0x52AA, 0x0000,
    0x0000, 0x0000, 0x0021, 0x0000, 0x3124, 0xEE76, 0xFEB6, 0xFE96, 0xFE96, 0xFE96, 0xFE96, 0xFE96, 0xFE96, 0xFEB6, 0xEE35, 0x18A2,
    0x0000, 0x0000, 0x0000, 0x0000, 0x0000, 0x0000, 0x0000, 0x2945, 0xCE59, 0xFFFF, 0xFFFF, 0xFFDF, 0xFFFF, 0xFFFF, 0xFFDF, 0xFFFF,
    0xD69A, 0x0821, 0x0000, 0x0000, 0x0000, 0x1041, 0xE5D4, 0xFEB6, 0xFE96, 0xFE96, 0xFE96, 0xFE96, 0xFE96, 0xFE96, 0xFE96, 0xFE96,
    0xFE96, 0xFE96, 0xFE96, 0xFE96, 0xFE75, 0xFEB7, 0xE656, 0x2903, 0x20E4, 0x5ACC, 0x528B, 0x528B, 0x526B, 0x526B, 0x526B, 0x4A4B,
    0x4A4B, 0x4A4B, 0x4A4B, 0x4A4B, 0x524B, 0x524B, 0x524B, 0x524B, 0x524B, 0x524B, 0x524B, 0x526C, 0x5A8C, 0x62ED, 0x630E, 0x632E,
    0x632E, 0x6B2F, 0x6B2F, 0x6B2F, 0x6B2F, 0x632E, 0x630E, 0x630E, 0x630E, 0x630E, 0x630E, 0x5ACD, 0x5ACD, 0x5ACD, 0x5ACD, 0x526C,
    0x10E3, 0x10E3, 0x2165, 0x3A07, 0x4228, 0x4268, 0x4A89, 0x4AA9, 0x4268, 0x4A69, 0x6B4D, 0x9CB2, 0xB596, 0xBDF7, 0xC618, 0xCE59,
    0xCE79, 0xD69A, 0xD6DB, 0xDEDB, 0xDEFC, 0xE73D, 0xE73D, 0xDEFB, 0xCE9A, 0xBE18, 0xB5B7, 0xA535, 0x8C92, 0x7C10, 0x6B6E, 0x5ACB,
    0x4A6A, 0x4229, 0x39E8, 0x39C7, 0x31A7, 0x3186, 0x31C6, 0x2965, 0x3A08, 0x9492, 0x7BEF, 0x736C, 0xB552, 0xD551, 0xDD70, 0xDD70,
    0xDD70, 0xDD6F, 0xDD4F, 0xDD4F, 0xDD4F, 0xDD4F, 0xDD4F, 0xDD4F, 0xDD4F, 0xDD4F, 0xD54F, 0xD52F, 0xD52E, 0xD50E, 0xD50E, 0xD50E,
    0xD50E, 0xCCEE, 0xCCEE, 0xCCEE, 0xCCEE, 0xCCCE, 0xCCCD, 0xC4CD, 0xC4AD, 0xC4AD, 0xC4AD, 0xC4AD, 0xC4AD, 0xC48D, 0xC48D, 0xC48D,
    0xC48D, 0xBC6C, 0xBC6D, 0xBC6D, 0xBC4C, 0xBC4C, 0xBC4C, 0xBC4C, 0xBC6C, 0xB44C, 0xB44C, 0xB44C, 0xB42B, 0xB42B, 0xB42B, 0xB42B,
    0xAC0B, 0xAC0C, 0x4164, 0x3944, 0xEE75, 0xFED7, 0xFE95, 0xFEB6, 0xFEF7, 0xFEF7, 0xC532, 0x41E7, 0x0000, 0x0000, 0x0000, 0x0000,
    0x0000, 0x5A68, 0xFEF7, 0xFE75, 0xFE96, 0xFE96, 0xFE96, 0xFE96, 0xFE96, 0xFE96, 0xF676, 0xFE96, 0xFE96, 0xFE96, 0xFE75, 0xFEF8,
    0x7B4B, 0x0000, 0x0000, 0x0000, 0x0000, 0x0000, 0x0000, 0x18A3, 0xD67A, 0xFFFF, 0xFFDF, 0xFFDF, 0xFFFF, 0xFFFF, 0xFFFF, 0x9492,
    0x0000, 0x0000, 0x0000, 0x0000, 0x0000, 0x6AA9, 0xFEF7, 0xFE96, 0xFE96, 0xFE96, 0xFE96, 0xFE96, 0xFE96, 0xFEB7, 0xDDD3, 0x1061,
    0x0000, 0x0000, 0x0000, 0x2965, 0x39E8, 0x0000, 0x0000, 0x0000, 0x0861, 0x8431, 0xFFFF, 0xFFFF, 0xFFFF, 0xFFDF, 0xFFDF, 0xFFFF,
    0xEF5D, 0x18A3, 0x0000, 0x0000, 0x0000, 0x0000, 0xBCF0, 0xFEF7, 0xFE76, 0xFE96, 0xFE96, 0xFE96, 0xFE96, 0xFE96, 0xFE96, 0xFE96,
    0xFE96, 0xFE96, 0xFE96, 0xFE96, 0xFE96, 0xFE76, 0xFED7, 0xD5D3, 0x1060, 0x3187, 0x5AAB, 0x526B, 0x526B, 0x526B, 0x526B, 0x4A4B,
    0x4A4B, 0x4A4B, 0x4A4B, 0x4A4B, 0x524B, 0x524B, 0x524B, 0x524B, 0x524B, 0x524B, 0x5A6C, 0x5A6C, 0x5A8C, 0x5ACD, 0x62ED, 0x5ACD,
    0x5ACD, 0x62ED, 0x62EE, 0x630E, 0x630E, 0x630E, 0x630E, 0x630E, 0x6B2E, 0x6B2F, 0x6B2F, 0x630E, 0x62EE, 0x630E, 0x6B2E, 0x5ACD,
    0x10E3, 0x10C3, 0x2144, 0x3A07, 0x4A89, 0x5B0B, 0x634C, 0x5B2B, 0x52AA, 0x4248, 0x4228, 0x52AA, 0x7BCF, 0x9492, 0xA514, 0xC618,
    0xD69A, 0xCE79, 0xCE79, 0xC659, 0xBDF7, 0xAD75, 0x8C92, 0x73AE, 0x52CB, 0x3A08, 0x31A7, 0x2966, 0x2966, 0x2145, 0x2145, 0x2966,
    0x2986, 0x2986, 0x31A7, 0x31C7, 0x31C7, 0x39C7, 0x3186, 0x528A, 0xBDF8, 0x6B4C, 0x6B2B, 0xC5B5, 0x93AC, 0xC50F, 0xDD70, 0xD54F,
    0xDD70, 0xDD70, 0xDD4F, 0xDD4F, 0xDD6F, 0xDD6F, 0xDD6F, 0xDD4F, 0xDD4F, 0xDD4F, 0xD52F, 0xD52E, 0xD52E, 0xD52E, 0xD50E, 0xD50E,
    0xD50E, 0xCCEE, 0xCCEE, 0xCCEE, 0xCCCD, 0xCCEE, 0xCCCE, 0xCCCE, 0xC4AD, 0xC4AD, 0xC4AD, 0xC4AD, 0xC4AD, 0xC4AD, 0xC48D, 0xC4AD,
    0xC48D, 0xBC6C, 0xBC6D, 0xBC6D, 0xBC4C, 0xBC4C, 0xB44C, 0xB44C, 0xB44C, 0xB44C, 0xB44C, 0xB42C, 0xAC0B, 0xAC0B, 0xAC0B, 0xAC0B,
    0xBC8D, 0x6AA8, 0x1861, 0xE615, 0xFED7, 0xFE76, 0xFE96, 0xFE95, 0xFE75, 0xFE75, 0xFED6, 0xFED7, 0x9C2E, 0x1061, 0x0000, 0x0020,
    0x0000, 0x9C0E, 0xFEF7, 0xFE75, 0xFE96, 0xFE96, 0xFE96, 0xFE96, 0xFE96, 0xFE96, 0xFE96, 0xFE96, 0xFE96, 0xFE96, 0xFE96, 0xF676,
    0x2923, 0x0000, 0x0000, 0x0000, 0x0000, 0x0000, 0x0000, 0x9492, 0xFFFF, 0xF7BE, 0xFFFF, 0xFFFF, 0xFFFF, 0xFFDF, 0xFFDF, 0xFFFF,
    0x9CD3, 0x0020, 0x0000, 0x0000, 0x0000, 0x0820, 0xD5B3, 0xFED7, 0xFE96, 0xFE96, 0xFE96, 0xFE96, 0xFE96, 0xFEB6, 0xDDD3, 0x1040,
    0x0000, 0x0000, 0x0841, 0xDEFB, 0xFFFF, 0xB5B7, 0x2945, 0x0000, 0x0000, 0x0000, 0x39C7, 0xAD76, 0xFFFF, 0xFFFF, 0xFFFF, 0xFFFF,
    0xC5F8, 0x0000, 0x0000, 0x0000, 0x0000, 0x0000, 0xA42E, 0xFEF7, 0xFE76, 0xFE96, 0xFE96, 0xFE96, 0xFE96, 0xFE96, 0xFE96, 0xFE96,
    0xFE96, 0xFE96, 0xFE96, 0xFE96, 0xFE96, 0xFE96, 0xFE76, 0xFEF8, 0xAC6F, 0x0800, 0x4229, 0x528B, 0x526B, 0x526B, 0x526B, 0x4A4B,
    0x4A4B, 0x4A4B, 0x4A4B, 0x4A4B, 0x524B, 0x524B, 0x524B, 0x524B, 0x5A6C, 0x5A6C, 0x5A6C, 0x5A8C, 0x5A8C, 0x5AAC, 0x5AAD, 0x528C,
    0x4A4B, 0x4A4B, 0x4A4B, 0x526B, 0x528B, 0x528C, 0x52AC, 0x5AAC, 0x5ACC, 0x5AED, 0x62ED, 0x630E, 0x630E, 0x632E, 0x6B2E, 0x5ACC,
    0x10A2, 0x10E3, 0x2986, 0x4A89, 0x632C, 0x6BAE, 0x73AE, 0x6B8D, 0x5B0B, 0x52CA, 0x4A89, 0x4208, 0x39E7, 0x4A49, 0x6B4D, 0xA534,
    0xB5B6, 0x9CF4, 0x8451, 0x632C, 0x4228, 0x2986, 0x2145, 0x2145, 0x2965, 0x2986, 0x31A6, 0x31A7, 0x31A7, 0x31C7, 0x31A7, 0x31A7,
    0x31C7, 0x31C7, 0x31C7, 0x31C7, 0x39C7, 0x31A7, 0x4A49, 0xBDF7, 0x62EB, 0x6B2C, 0xEF1A, 0x7B4B, 0x5A05, 0xD591, 0xD54F, 0xD54F,
    0xDD6F, 0xDD6F, 0xDD4F, 0xDD6F, 0xDD6F, 0xDD6F, 0xDD6F, 0xDD4F, 0xDD6F, 0xDD4F, 0xD54F, 0xD52F, 0xD52F, 0xD52F, 0xD52E, 0xD50E,
    0xD50E, 0xCD0E, 0xCD0E, 0xCCED, 0xCCCD, 0xCCCD, 0xCCEE, 0xCCCE, 0xCCCE, 0xC4AD, 0xC4AD, 0xC4AD, 0xC4AD, 0xC4AD, 0xC48D, 0xC48D,
    0xBC6D, 0xBC6C, 0xBC4C, 0xBC4C, 0xBC4C, 0xB44C, 0xB42B, 0xB42B, 0xB42C, 0xB42B, 0xB42B, 0xB42B, 0xAC0B, 0xAC0B, 0xAC0B, 0xAC2B,
    0x9BAB, 0x1020, 0x9C6F, 0xFF18, 0xF675, 0xFE96, 0xFE96, 0xFE96, 0xFE96, 0xFE96, 0xFE75, 0xFE95, 0xFEF7, 0xD594, 0x3164, 0x0000,
    0x0841, 0xD593, 0xFED6, 0xFE75, 0xFE96, 0xFE96, 0xFE96, 0xFE96, 0xFE96, 0xFE96, 0xFE96, 0xFE96, 0xFE96, 0xFE75, 0xFED7, 0xCD31,
    0x0020, 0x0000, 0x0000, 0x0000, 0x0000, 0x0020, 0x0000, 0x2945, 0xCE59, 0xFFFF, 0xFFFF, 0xFFDF, 0xFFFF, 0xFFFF, 0xFFFF, 0xFFDF,
    0xFFFF, 0x528A, 0x0000, 0x0000, 0x0000, 0x0000, 0x730A, 0xFEF8, 0xFE96, 0xFE96, 0xFE96, 0xFE96, 0xFE96, 0xFEB6, 0xEE14, 0x1881,
    0x0000, 0x0020, 0x0000, 0x4A69, 0xE71C, 0xFFFF, 0xFFDF, 0x4A69, 0x0000, 0x0821, 0x0000, 0x0000, 0x4208, 0x8C31, 0xBDB7, 0xB596,
    0x2966, 0x0000, 0x0000, 0x0000, 0x0000, 0x0000, 0xAC6F, 0xFEF7, 0xFE76, 0xFE96, 0xFE96, 0xFE96, 0xFE96, 0xFE96, 0xFE96, 0xFE96,
    0xFE96, 0xFE96, 0xFE96, 0xFE96, 0xFE96, 0xFE96, 0xFE96, 0xF676, 0xFF38, 0x6AA9, 0x0842, 0x52AB, 0x526B, 0x526B, 0x4A4B, 0x4A4B,
    0x4A4B, 0x4A4B, 0x4A4B, 0x4A4B, 0x524B, 0x524B, 0x524B, 0x524B, 0x5A6C, 0x526C, 0x5A6C, 0x5A6C, 0x5A8C, 0x5A8C, 0x5AAC, 0x526B,
    0x420A, 0x41E9, 0x4209, 0x422A, 0x422A, 0x4A2A, 0x4A2A, 0x4A4A, 0x4A4A, 0x4A4A, 0x4A6B, 0x526B, 0x528B, 0x528B, 0x52AC, 0x526B,
    0x1904, 0x2986, 0x4A8A, 0x6B6D, 0x73CE, 0x73CE, 0x73CE, 0x73EE, 0x73CE, 0x6B8D, 0x6B6D, 0x634C, 0x52CB, 0x4208, 0x39E7, 0x5ACB,
    0x528A, 0x39C7, 0x2145, 0x2145, 0x2986, 0x31A6, 0x31C7, 0x31C7, 0x31C7, 0x31C7, 0x31A7, 0x31A7, 0x31A7, 0x31A7, 0x31A7, 0x31A7,
    0x31A7, 0x31C7, 0x31C8, 0x31C7, 0x39E8, 0x2966, 0xB5D7, 0xBDF7, 0x5A89, 0x9450, 0x6B0A, 0x3102, 0xA40D, 0xDD91, 0xD54F, 0xDD70,
    0xDD70, 0xDD70, 0xDD6F, 0xDD6F, 0xDD6F, 0xDD6F, 0xDD6F, 0xDD6F, 0xDD6F, 0xDD4F, 0xDD4F, 0xDD4F, 0xD54F, 0xD52F, 0xD52E, 0xD52E,
    0xD52E, 0xD50E, 0xCD0E, 0xCCED, 0xCCED, 0xCCCD, 0xCCCD, 0xCCCE, 0xCCCE, 0xC4AD, 0xC4AE, 0xC4AD, 0xC4AD, 0xC48D, 0xC48D, 0xC48D,
    0xBC6C, 0xBC4C, 0xBC4C, 0xB42C, 0xB42B, 0xB42B, 0xB42B, 0xAC0B, 0xB42B, 0xAC0B, 0xAC0B, 0xAC0B, 0xAC0B, 0xAC0B, 0xABEA, 0xB44C,
    0x4164, 0x3985, 0xFED8, 0xFE95, 0xFE96, 0xFE95, 0xFE95, 0xFE96, 0xFE96, 0xFE96, 0xFE96, 0xFE96, 0xFE75, 0xFED7, 0xEE96, 0x41C6,
    0x0820, 0xEE55, 0xFEB6, 0xFE95, 0xFE96, 0xFE96, 0xFE96, 0xFE96, 0xFE96, 0xFE96, 0xFE96, 0xFE96, 0xFE96, 0xFE75, 0xFEF8, 0x9BED,
    0x0000, 0x0000, 0x0000, 0x0000, 0x0000, 0x0000, 0x0000, 0x0000, 0x1062, 0x9CD3, 0xFFFF, 0xFFFF, 0xFFDF, 0xFFDF, 0xFFFF, 0xFFDF,
    0xFFFF, 0x9CF3, 0x0000, 0x0000, 0x0000, 0x0000, 0x3164, 0xFEB7, 0xFE96, 0xFE96, 0xFE96, 0xFE96, 0xFE96, 0xFE95, 0xFED7, 0x49E6,
    0x0000, 0x0020, 0x0000, 0x0000, 0x10A2, 0x73AF, 0xDEDB, 0xFFFF, 0x4A49, 0x0000, 0x0000, 0x0000, 0x0000, 0x0000, 0x0000, 0x0000,
    0x0000, 0x0000, 0x0000, 0x0000, 0x0000, 0x0000, 0xBCD1, 0xFEF7, 0xFE76, 0xFE96, 0xFE96, 0xFE96, 0xFE96, 0xFE96, 0xFE96, 0xFE96,
    0xFE96, 0xFE96, 0xFE96, 0xFE96, 0xFE96, 0xFE96, 0xFE96, 0xFE96, 0xFEB6, 0xEE76, 0x20C3, 0x2946, 0x5A8C, 0x4A4B, 0x4A4B, 0x4A4B,
    0x4A4B, 0x4A4B, 0x4A4B, 0x4A4B, 0x524B, 0x524B, 0x524B, 0x524B, 0x524B, 0x526C, 0x5A6C, 0x5A6C, 0x5A8C, 0x5A8C, 0x62AC, 0x5A8C,
    0x4A2A, 0x41E9, 0x4209, 0x4229, 0x4229, 0x4229, 0x4A2A, 0x4A4A, 0x4A29, 0x4A2A, 0x422A, 0x4A4A, 0x4A4A, 0x4A4A, 0x4A4A, 0x4209,
    0x4228, 0x5B0B, 0x73CE, 0x7C0F, 0x7BEF, 0x7BEF, 0x7C0F, 0x7C30, 0x7C2F, 0x7C0F, 0x7C30, 0x7BEF, 0x6B4D, 0x4249, 0x29A6, 0x2986,
    0x2966, 0x2986, 0x31A7, 0x31C7, 0x31A7, 0x31A7, 0x31A7, 0x31C7, 0x31C7, 0x31C7, 0x31C7, 0x31C7, 0x31C7, 0x31C7, 0x31A7, 0x31A7,
    0x31C7, 0x31C7, 0x31C8, 0x39C8, 0x2986, 0x52AB, 0xFFFF, 0x8C30, 0x41C6, 0x28E2, 0x28E2, 0x49A4, 0xBCAF, 0xE5B1, 0xD54F, 0xDD70,
    0xDD70, 0xDD4F, 0xDD6F, 0xDD70, 0xDD6F, 0xDD70, 0xDD70, 0xDD6F, 0xDD6F, 0xDD6F, 0xDD4F, 0xDD4F, 0xD54F, 0xD52F, 0xD52E, 0xD52E,
    0xD50E, 0xD50E, 0xD50E, 0xCD0E, 0xCCEE, 0xCCED, 0xCCCD, 0xCCCD, 0xC4CD, 0xC4AD, 0xC4AD, 0xC4AD, 0xC4AD, 0xC48D, 0xC48D, 0xC48D,
    0xBC6C, 0xBC4C, 0xBC4C, 0xB42B, 0xB40B, 0xB42B, 0xAC0B, 0xAC0B, 0xAC0B, 0xABEB, 0xABEB, 0xABEB, 0xABEB, 0xA3EA, 0xAC0B, 0x938A,
    0x0820, 0xBD11, 0xFEF7, 0xFE95, 0xFE96, 0xFE96, 0xFE95, 0xFE95, 0xFEB6, 0xFEB6, 0xFE95, 0xFE75, 0xFE96, 0xFE75, 0xFED7, 0xDDF4,
    0x9BED, 0xFE96, 0xFE96, 0xFE96, 0xFE96, 0xFE96, 0xFE96, 0xFE96, 0xFE96, 0xFE96, 0xFE96, 0xFE96, 0xFE96, 0xFE75, 0xFEF7, 0x93CD,
    0x0000, 0x0020, 0x0000, 0x2125, 0xB5B6, 0x9CB3, 0x18E3, 0x0000, 0x0000, 0x0000, 0x52AA, 0xD6BA, 0xFFFF, 0xFFFF, 0xFFFF, 0xFFBF,
    0xFFFF, 0x94B3, 0x0000, 0x0000, 0x0000, 0x0000, 0x18A2, 0xEE35, 0xFEB7, 0xFE96, 0xFE96, 0xFE96, 0xFE96, 0xFE76, 0xFEF8, 0x93CE,
    0x0000, 0x0020, 0x0000, 0x0020, 0x0000, 0x0000, 0x0021, 0x528A, 0x4208, 0x0841, 0x39C7, 0x4208, 0x18A3, 0x0000, 0x0000, 0x0000,
    0x0000, 0x0000, 0x0000, 0x0000, 0x0000, 0x1881, 0xE615, 0xFEB6, 0xFE96, 0xFE96, 0xFE96, 0xFE96, 0xFE96, 0xFE96, 0xFE96, 0xFE96,
    0xFE96, 0xFE96, 0xFE96, 0xFE96, 0xFE96, 0xFE96, 0xFE96, 0xFE96, 0xFE75, 0xFEF8, 0xA42E, 0x0000, 0x4A4A, 0x526B, 0x4A4B, 0x4A4B,
    0x4A4B, 0x4A4B, 0x4A4B, 0x4A4B, 0x524B, 0x524B, 0x524B, 0x524B, 0x5A6C, 0x5A6C, 0x5A6C, 0x5A6C, 0x5A8C, 0x5A8C, 0x62AC, 0x62AD,
    0x528B, 0x4A29, 0x41E9, 0x4209, 0x4A29, 0x4A49, 0x4A49, 0x4A4A, 0x4A4A, 0x4229, 0x4A29, 0x4A4A, 0x4A4A, 0x4A4A, 0x526B, 0x4A2A,
    0x6B8E, 0x7C10, 0x7C10, 0x7C0F, 0x7C10, 0x7C10, 0x7C30, 0x8450, 0x8450, 0x8471, 0x8430, 0x73AE, 0x4A69, 0x2986, 0x2986, 0x31A6,
    0x31A7, 0x31A7, 0x31A7, 0x31A7, 0x31A7, 0x31A7, 0x31C7, 0x31C7, 0x31C7, 0x31C7, 0x31C7, 0x31C7, 0x31C7, 0x31C7, 0x31C7, 0x31C7,
    0x31C7, 0x31C7, 0x31C8, 0x31A7, 0x2986, 0xCE59, 0xDEBA, 0x5288, 0x8BEE, 0x6289, 0x5206, 0x5206, 0xCD31, 0xE591, 0xD550, 0xDD70,
    0xDD70, 0xDD4F, 0xDD6F, 0xDD70, 0xDD90, 0xDD90, 0xE590, 0xE590, 0xDD70, 0xDD4F, 0xDD4F, 0xDD4F, 0xD52F, 0xD52F, 0xD52E, 0xD52E,
    0xD50E, 0xD50E, 0xD50E, 0xD50E, 0xD50E, 0xCCEE, 0xCCEE, 0xCCCD, 0xC4AD, 0xC4AD, 0xC4AD, 0xC48D, 0xC48D, 0xC48D, 0xC48D, 0xC48D,
    0xBC6D, 0xBC4C, 0xB42C, 0xB42B, 0xB40B, 0xAC0B, 0xAC0B, 0xABEB, 0xABEB, 0xABEB, 0xABEA, 0xABEA, 0xA3EA, 0xA3AA, 0xAC0C, 0x49E5,
    0x3985, 0xFEF7, 0xFE95, 0xFE96, 0xFE96, 0xFE95, 0xFE96, 0xFEF7, 0xEE35, 0xEE55, 0xFEF7, 0xFF18, 0xFE96, 0xFE96, 0xFE96, 0xFE96,
    0xFED8, 0xFE96, 0xFE96, 0xFE96, 0xFE96, 0xFE96, 0xFE96, 0xFE96, 0xFE96, 0xFE96, 0xFE96, 0xFE96, 0xFE96, 0xFE75, 0xFEF7, 0x93EE,
    0x0000, 0x0020, 0x0000, 0x2945, 0xF7BE, 0xFFFF, 0xEF5D, 0x5AAB, 0x0000, 0x0020, 0x0000, 0x0841, 0x738E, 0xD69A, 0xFFDF, 0xFFFF,
    0xF79E, 0x39C7, 0x0000, 0x0000, 0x0000, 0x0000, 0x1882, 0xEE14, 0xFEB7, 0xFE96, 0xFE96, 0xFE96, 0xFE96, 0xFE96, 0xFEB6, 0xE615,
    0x18A2, 0x0000, 0x0000, 0x0000, 0x0000, 0x0020, 0x0000, 0x0000, 0x0000, 0x20E4, 0xFFBF, 0xFFFF, 0xDEFB, 0x4A49, 0x0000, 0x0000,
    0x0000, 0x0000, 0x0000, 0x0000, 0x0000, 0x49E6, 0xFED7, 0xFE95, 0xFE96, 0xFE96, 0xFE96, 0xFE96, 0xFE96, 0xFE96, 0xFE96, 0xFE96,
    0xFE96, 0xFE96, 0xFE96, 0xFE96, 0xFE96, 0xFE96, 0xFE96, 0xFE96, 0xFE96, 0xFE96, 0xF6B7, 0x3964, 0x2105, 0x526B, 0x4A2A, 0x4A2A,
    0x4A2A, 0x4A2A, 0x4A2A, 0x4A4A, 0x4A4B, 0x524B, 0x524B, 0x524B, 0x524B, 0x526C, 0x5A6B, 0x5A6C, 0x5A6C, 0x5A8C, 0x628C, 0x62CD,
    0x62CC, 0x524B, 0x41E9, 0x41E8, 0x4A49, 0x4A6A, 0x4A6A, 0x4A6A, 0x4A4A, 0x4A4A, 0x4A6A, 0x526B, 0x4A6A, 0x4A4A, 0x4A6A, 0x4229,
    0x7C30, 0x7C10, 0x7C10, 0x7C30, 0x7C30, 0x8430, 0x8451, 0x8C71, 0x8C91, 0x8C71, 0x73CF, 0x4249, 0x2965, 0x2986, 0x31A6, 0x31A6,
    0x31A7, 0x31A7, 0x31A7, 0x31A7, 0x31A7, 0x31C7, 0x31C7, 0x31C7, 0x31C7, 0x31C7, 0x31C7, 0x31C7, 0x31C7, 0x31C7, 0x31C7, 0x31C7,
    0x31C7, 0x31C8, 0x31C8, 0x2986, 0xB5D7, 0xF79D, 0x5AA9, 0x7B8C, 0x5A67, 0x4184, 0x4184, 0x72C8, 0xDDB2, 0xDD91, 0xDD70, 0xDD6F,
    0xDD4F, 0xDD70, 0xDD6F, 0xDD6F, 0xE590, 0xE590, 0xDD70, 0xDD70, 0xDD70, 0xDD6F, 0xDD4F, 0xDD4F, 0xD54F, 0xD52F, 0xD52E, 0xD52E,
    0xD50E, 0xD50E, 0xD50E, 0xD50E, 0xD50E, 0xCCEE, 0xCCEE, 0xCCEE, 0xC4AD, 0xC4AD, 0xC4AD, 0xC48D, 0xC48D, 0xC48D, 0xBC6C, 0xBC4C,
    0xBC4C, 0xBC4C, 0xB42B, 0xB40B, 0xB40B, 0xAC0B, 0xAC0B, 0xABEB, 0xABEA, 0xA3CA, 0xA3CA, 0xA3CA, 0xA3CA, 0xA3AA, 0x9BAB, 0x1040,
    0xA46F, 0xFEF7, 0xFE75, 0xFE96, 0xFE95, 0xFEB6, 0xF697, 0x6A89, 0x1881, 0x20C2, 0x4185, 0xA42E, 0xFED7, 0xFEB7, 0xFE96, 0xFE95,
    0xFE76, 0xFE96, 0xFE96, 0xFE96, 0xFE96, 0xFE96, 0xFE96, 0xFE96, 0xFE96, 0xFE96, 0xFE96, 0xFE96, 0xFE96, 0xFE76, 0xFED7, 0xBCF1,
    0x0000, 0x0000, 0x0000, 0x0000, 0x2124, 0xA534, 0xFFFF, 0xFFFF, 0x738E, 0x0000, 0x0821, 0x0000, 0x0000, 0x0821, 0x3166, 0x528A,
    0x2965, 0x0000, 0x0000, 0x0000, 0x0000, 0x0000, 0x20A2, 0xEE35, 0xFEB6, 0xFE96, 0xFE96, 0xFE96, 0xFE96, 0xFE96, 0xFE76, 0xFEF8,
    0x9C2E, 0x0000, 0x0020, 0x0000, 0x0000, 0x0000, 0x0000, 0x0000, 0x0020, 0x0000, 0x6B6E, 0xF7BE, 0xFFFF, 0xAD76, 0x0000, 0x0000,
    0x0000, 0x0000, 0x0000, 0x0000, 0x0800, 0xBCF1, 0xFED7, 0xFE75, 0xFE96, 0xFE96, 0xFE96, 0xFE96, 0xFE96, 0xFE96, 0xFE96, 0xFE96,
    0xFE96, 0xFE96, 0xFE96, 0xFE96, 0xFE96, 0xFE96, 0xFE96, 0xFE96, 0xFE96, 0xFE75, 0xFEF7, 0xAC6F, 0x0841, 0x4A2A, 0x4A2A, 0x420A,
    0x420A, 0x420A, 0x4A2A, 0x4A2A, 0x4A2A, 0x4A2A, 0x4A2A, 0x4A2A, 0x522B, 0x524B, 0x524B, 0x5A4B, 0x5A6B, 0x5A6B, 0x5A6B, 0x5A8C,
    0x62AC, 0x5A8B, 0x4A09, 0x39C8, 0x4209, 0x4229, 0x4229, 0x4209, 0x4209, 0x4A29, 0x4A4A, 0x4A6B, 0x4A4A, 0x4209, 0x4209, 0x41E9,
    0x7C10, 0x8430, 0x8450, 0x8451, 0x8471, 0x8C71, 0x8C92, 0x94B2, 0x8CB2, 0x7C30, 0x4269, 0x2145, 0x2986, 0x31A7, 0x31A6, 0x31A7,
    0x31A7, 0x31A7, 0x31A7, 0x31A7, 0x31A7, 0x31C7, 0x31C7, 0x31C7, 0x31C7, 0x31C7, 0x31C7, 0x31C7, 0x31C7, 0x31C7, 0x31C7, 0x31C7,
    0x31C7, 0x39E8, 0x2125, 0x94D3, 0xFFFF, 0x632B, 0x734C, 0x83CD, 0x3944, 0x4184, 0x49A4, 0x8B4A, 0xE5B2, 0xDD70, 0xDD70, 0xD54F,
    0xDD4F, 0xDD70, 0xDD70, 0xDD70, 0xDD90, 0xDD90, 0xDD6F, 0xDD6F, 0xDD70, 0xDD70, 0xDD6F, 0xDD4F, 0xD54F, 0xD52F, 0xD52E, 0xD52E,
    0xD50E, 0xD50E, 0xD50E, 0xD50E, 0xD50E, 0xCD0E, 0xCCEE, 0xCCEE, 0xCCCD, 0xC4AD, 0xC4AD, 0xC48D, 0xBC6C, 0xBC6C, 0xBC4C, 0xBC4C,
    0xBC4C, 0xBC4C, 0xB42B, 0xB40B, 0xB40B, 0xAC0B, 0xABEB, 0xABEB, 0xA3CA, 0xA3CA, 0xA3AA, 0xA3AA, 0xA3AA, 0xABEB, 0x72A8, 0x20C3,
    0xE635, 0xFEB6, 0xFE96, 0xFE96, 0xFE96, 0xFEF8, 0x6AA9, 0x28C2, 0xB533, 0xBD33, 0x7B0B, 0x20A2, 0x3924, 0xDDB3, 0xFEB7, 0xFE75,
    0xFE96, 0xFE96, 0xFE96, 0xFE96, 0xFE96, 0xFE96, 0xFE96, 0xFE96, 0xFE96, 0xFE96, 0xFE96, 0xFE96, 0xFE96, 0xFE96, 0xFE96, 0xF655,
    0x28E3, 0x0000, 0x0000, 0x0000, 0x0000, 0x0000, 0x3166, 0x8C72, 0xCE59, 0x2945, 0x0000, 0x0000, 0x0000, 0x0000, 0x0000, 0x0000,
    0x0000, 0x0000, 0x0000, 0x0000, 0x0000, 0x0000, 0x3985, 0xFE96, 0xFE96, 0xFE96, 0xFE96, 0xFE96, 0xFE96, 0xFE76, 0xFE96, 0xFE96,
    0xFEB7, 0x6268, 0x0000, 0x0020, 0x0000, 0x0000, 0x0000, 0x0000, 0x0000, 0x0000, 0x0000, 0x2945, 0x62EC, 0x10A3, 0x0000, 0x0000,
    0x0000, 0x0000, 0x0021, 0x0000, 0x72CA, 0xFED7, 0xFE75, 0xFE96, 0xFE96, 0xFE96, 0xFE96, 0xFE96, 0xFE96, 0xFE96, 0xFE96, 0xFE96,
    0xFE96, 0xFE96, 0xFE96, 0xFE96, 0xFE96, 0xFE96, 0xFE96, 0xFE96, 0xFE96, 0xFE96, 0xFE96, 0xF676, 0x28E3, 0x2947, 0x4A2A, 0x420A,
    0x420A, 0x420A, 0x420A, 0x420A, 0x4A0A, 0x420A, 0x4A0A, 0x4A0A, 0x4A0A, 0x4A2A, 0x524B, 0x524B, 0x5A6B, 0x5A4B, 0x5A4B, 0x5A4B,
    0x5A6B, 0x5A8C, 0x522A, 0x41C8, 0x39C8, 0x39E8, 0x39C8, 0x39C7, 0x39C7, 0x39E8, 0x4209, 0x4209, 0x31A7, 0x3167, 0x31A7, 0x3187,
    0x8450, 0x8471, 0x8C71, 0x8C92, 0x94B2, 0x94D2, 0x94F3, 0x94F3, 0x8C91, 0x5AEB, 0x2144, 0x29A6, 0x31A6, 0x31A6, 0x31C7, 0x31C7,
    0x31C7, 0x31C7, 0x31C7, 0x31C7, 0x31C7, 0x31C7, 0x31C7, 0x31C7, 0x31C7, 0x31C7, 0x31C7, 0x31C7, 0x31C7, 0x31C7, 0x31C7, 0x31C8,
    0x31C7, 0x2125, 0x7BF0, 0xFFFF, 0x842F, 0x5AA9, 0x9C90, 0x3964, 0x1861, 0x6288, 0x6AC8, 0xAC6D, 0xE5B1, 0xDD70, 0xDD70, 0xDD50,
    0xDD50, 0xDD70, 0xDD90, 0xE590, 0xE590, 0xDD6F, 0xDD4F, 0xDD6F, 0xDD70, 0xDD6F, 0xDD6F, 0xDD4F, 0xD52F, 0xD52E, 0xD52E, 0xD52F,
    0xD50E, 0xD50E, 0xD50E, 0xD50E, 0xD50E, 0xCD0E, 0xCCEE, 0xCCEE, 0xCCCE, 0xC4AD, 0xC4AD, 0xC48D, 0xC48D, 0xBC6C, 0xBC4C, 0xBC4C,
    0xB42C, 0xB42C, 0xB42B, 0xB42B, 0xB40B, 0xAC0B, 0xABEB, 0xABEA, 0xA3CA, 0xA3AA, 0xA3A9, 0x9B89, 0x9B69, 0xA3CB, 0x3123, 0x62CA,
    0xFF18, 0xFE75, 0xFE96, 0xFE96, 0xFEB6, 0xE5F5, 0x1840, 0xBD32, 0xFF59, 0xFED7, 0xFF18, 0xEE76, 0x834C, 0xD572, 0xFEB7, 0xFE76,
    0xFE96, 0xFE96, 0xFE96, 0xFE96, 0xFE96, 0xFE96, 0xFE96, 0xFE96, 0xFE96, 0xFE96, 0xFE96, 0xFE96, 0xFE96, 0xFE96, 0xFE75, 0xFEF8,
    0x72EA, 0x0000, 0x0820, 0x0000, 0x0000, 0x0000, 0x0000, 0x0000, 0x0021, 0x0020, 0x528A, 0xBDD7, 0xA534, 0x4A29, 0x0000, 0x0021,
    0x0000, 0x0000, 0x0000, 0x0000, 0x0000, 0x0000, 0x7B2A, 0xFEF7, 0xFE76, 0xFE96, 0xFEB6, 0xFE96, 0xFE96, 0xFE96, 0xFE76, 0xFE76,
    0xFE96, 0xFEB7, 0x6AA9, 0x0000, 0x0000, 0x0020, 0x0000, 0x0000, 0x0000, 0x0000, 0x0000, 0x0000, 0x0000, 0x0000, 0x0000, 0x0000,
    0x0000, 0x0000, 0x0000, 0x5A07, 0xFEB7, 0xFE95, 0xFE95, 0xFE96, 0xFE96, 0xFE96, 0xFE96, 0xFE96, 0xFE96, 0xFE96, 0xFE96, 0xFE96,
    0xFE96, 0xFE96, 0xFE96, 0xFE96, 0xFE96, 0xFE96, 0xFE96, 0xFE96, 0xFE96, 0xFE96, 0xFE75, 0xFF18, 0x7B6B, 0x10A4, 0x4A4B, 0x420A,
    0x420A, 0x420A, 0x420A, 0x420A, 0x4A0A, 0x4A0A, 0x4A0A, 0x4A0A, 0x4A0A, 0x4A2A, 0x522A, 0x524B, 0x524B, 0x524A, 0x524B, 0x524B,
    0x5A6B, 0x5A8C, 0x5A6B, 0x4A09, 0x39E8, 0x39E8, 0x39E8, 0x39E8, 0x39E8, 0x41E8, 0x4208, 0x41E8, 0x3166, 0x2946, 0x31A7, 0x31C7,
    0x8C92, 0x8C92, 0x8CB2, 0x94D3, 0x94F3, 0x9CF3, 0x9D13, 0x94F3, 0x7BEF, 0x29A6, 0x2965, 0x31A6, 0x31A6, 0x31A7, 0x31C7, 0x31C7,
    0x31C7, 0x31C7, 0x31C7, 0x31C7, 0x31C7, 0x31C7, 0x31C7, 0x31C7, 0x31C7, 0x31C7, 0x31C7, 0x31C7, 0x31C7, 0x31C7, 0x31C8, 0x31A7,
    0x3187, 0x8430, 0xB5B6, 0x6B4C, 0x5A89, 0x944F, 0x41A5, 0x20A1, 0x3964, 0x8BED, 0x834A, 0xC530, 0xDD91, 0xDD70, 0xDD70, 0xDD70,
    0xDD70, 0xDD70, 0xDD90, 0xDD90, 0xE590, 0xDD70, 0xDD6F, 0xDD70, 0xDD90, 0xDD70, 0xDD6F, 0xD52F, 0xD52F, 0xD52F, 0xD52F, 0xD52F,
    0xD52F, 0xD52E, 0xD50E, 0xD50E, 0xD50E, 0xCD0E, 0xCCEE, 0xCCEE, 0xCCCD, 0xC4AD, 0xC4AD, 0xC48D, 0xC48D, 0xBC4C, 0xBC4C, 0xBC4C,
    0xB42C, 0xB42B, 0xB42B, 0xB42B, 0xB40B, 0xABEB, 0xABEB, 0xA3CA, 0xA3AA, 0x9BA9, 0x9B89, 0x9B69, 0x9B69, 0x938A, 0x1060, 0xA44F,
    0xFEF7, 0xFE96, 0xFE96, 0xFE75, 0xFF18, 0x9C0E, 0x3944, 0xFED7, 0xFE75, 0xFE75, 0xFE75, 0xFEB6, 0xFF17, 0xFEB6, 0xFE76, 0xFE96,
    0xFE96, 0xFE96, 0xFE96, 0xFE96, 0xFE96, 0xFE96, 0xFE96, 0xFE96, 0xFE96, 0xFE96, 0xFE96, 0xFE96, 0xFE96, 0xFE96, 0xFE76, 0xFEB7,
    0xD5B4, 0x1881, 0x0000, 0x0000, 0x0000, 0x0000, 0x0000, 0x0000, 0x0000, 0x0000, 0x4208, 0xFFFF, 0xFFFF, 0xFFFF, 0x4229, 0x0000,
    0x0000, 0x0000, 0x0000, 0x0000, 0x0000, 0x0820, 0xCD52, 0xFEB6, 0xFE76, 0xFE76, 0xFEB6, 0xF5D4, 0xDB6C, 0xF553, 0xFEB7, 0xFE76,
    0xFE76, 0xFE96, 0xFED7, 0x93ED, 0x1061, 0x0000, 0x0000, 0x0000, 0x0000, 0x0000, 0x0000, 0x0020, 0x0020, 0x0020, 0x0000, 0x0000,
    0x0000, 0x0000, 0x730B, 0xF676, 0xFEB5, 0xFE95, 0xFE96, 0xFE96, 0xFE96, 0xFE96, 0xFE96, 0xFE96, 0xFE96, 0xFE96, 0xFE96, 0xFE96,
    0xFE96, 0xFE96, 0xFE96, 0xFE96, 0xFE96, 0xFE96, 0xFE96, 0xFE96, 0xFE96, 0xFE96, 0xFE76, 0xFED7, 0xC532, 0x1062, 0x4209, 0x420A,
    0x420A, 0x4209, 0x4209, 0x420A, 0x4A0A, 0x4A0A, 0x4A0A, 0x4A0A, 0x4A0A, 0x4A0A, 0x4A2A, 0x522A, 0x522A, 0x522A, 0x522A, 0x524B,
    0x5A6B, 0x5A8B, 0x5A8B, 0x524A, 0x4208, 0x39E8, 0x4209, 0x4A29, 0x4A6A, 0x4A4A, 0x4A4A, 0x4229, 0x39C8, 0x31A7, 0x39E8, 0x4229,
    0x94D2, 0x94F3, 0x94F3, 0x9CF3, 0x9CF3, 0x9D14, 0x9D14, 0x94F3, 0x52EB, 0x1924, 0x29A6, 0x29A6, 0x31C6, 0x31C7, 0x31C7, 0x31C7,
    0x31C7, 0x31C7, 0x31C7, 0x31C7, 0x31C7, 0x31C7, 0x31C7, 0x31C7, 0x31C7, 0x31C7, 0x31C7, 0x31C8, 0x31C8, 0x31C8, 0x31A7, 0x31A7,
    0x7C10, 0xFFFF, 0x73AD, 0x6B4B, 0x9C90, 0x41C5, 0x3123, 0x41E6, 0x5247, 0xACB0, 0x8329, 0xCD30, 0xD570, 0xDD70, 0xDD70, 0xDD90,
    0xDD90, 0xDD70, 0xDD70, 0xE590, 0xDD70, 0xE590, 0xE590, 0xDD90, 0xDD70, 0xDD6F, 0xDD4F, 0xDD4F, 0xD50E, 0xD52F, 0xD52F, 0xD52E,
    0xD52E, 0xD52F, 0xD50E, 0xD50E, 0xD50E, 0xCD0E, 0xCCEE, 0xCCEE, 0xCCCE, 0xC4AD, 0xC4AD, 0xC48D, 0xBC6C, 0xBC6C, 0xBC4C, 0xB42B,
    0xB42C, 0xB42C, 0xB42B, 0xB42B, 0xB40B, 0xAC0B, 0xABEB, 0xA3CA, 0xA3AA, 0x9B89, 0x9B89, 0x9B69, 0x9B89, 0x72C8, 0x18A2, 0xE635,
    0xFEB6, 0xFE96, 0xFE96, 0xFE76, 0xFF17, 0x6247, 0x7B2B, 0xFF18, 0xF675, 0xFE95, 0xFE96, 0xFE96, 0xFE75, 0xFE96, 0xFE96, 0xFE96,
    0xFE96, 0xFE96, 0xFE96, 0xFE96, 0xFE96, 0xFE96, 0xFE96, 0xFE96, 0xFE96, 0xFE96, 0xFE96, 0xFE96, 0xFE96, 0xFE96, 0xFE96, 0xFE76,
    0xFF18, 0x9C0D, 0x0000, 0x0020, 0x0000, 0x0000, 0x0000, 0x0000, 0x0000, 0x0000, 0x0000, 0x4A49, 0xC618, 0xCE59, 0x3186, 0x0000,
    0x0000, 0x0000, 0x0000, 0x0020, 0x0000, 0x62A9, 0xFEF7, 0xFE76, 0xFE96, 0xFE96, 0xFE96, 0xFE35, 0xE32C, 0xE24A, 0xFD33, 0xFEB7,
    0xFE96, 0xFE75, 0xFE96, 0xFEF7, 0xD5B3, 0x6AEA, 0x1082, 0x0000, 0x0000, 0x0000, 0x0000, 0x0000, 0x0000, 0x0000, 0x0000, 0x0020,
    0x41C6, 0xC551, 0xFEF8, 0xFE95, 0xFE75, 0xFE96, 0xFE96, 0xFE96, 0xFE96, 0xFE96, 0xFE96, 0xFE96, 0xFE96, 0xFE96, 0xFE96, 0xFE96,
    0xFE96, 0xFE96, 0xFE96, 0xFE96, 0xFE96, 0xFE96, 0xFE96, 0xFE96, 0xFE96, 0xFE96, 0xFE96, 0xFEB6, 0xE5F4, 0x1882, 0x31A7, 0x420A,
    0x41E9, 0x41E9, 0x4209, 0x420A, 0x4A0A, 0x4A0A, 0x4A0A, 0x4A0A, 0x4A0A, 0x4A0A, 0x4A2A, 0x522A, 0x524A, 0x524A, 0x524A, 0x524B,
    0x524B, 0x5A4B, 0x5A6B, 0x526B, 0x4A29, 0x4208, 0x4209, 0x4229, 0x4A6A, 0x4A4A, 0x4A6A, 0x4A4A, 0x4A4A, 0x39C8, 0x3187, 0x31C8,
    0x9CF3, 0x9CF3, 0x9D13, 0x9D13, 0x9D14, 0x9D34, 0x9D14, 0x94D2, 0x4248, 0x1903, 0x2986, 0x2986, 0x31A6, 0x31C6, 0x31C7, 0x31C7,
    0x31C7, 0x31C7, 0x31E7, 0x31E7, 0x31E7, 0x31C7, 0x31C7, 0x31C7, 0x31C7, 0x31E8, 0x31E8, 0x29A7, 0x2987, 0x2986, 0x3A08, 0x7BF0,
    0x94D3, 0xE73C, 0xF79D, 0x6B4B, 0x39A5, 0x41E6, 0x5A88, 0x49E6, 0x8BED, 0x93ED, 0x936A, 0xD550, 0xD550, 0xDD70, 0xDD70, 0xDD90,
    0xDD90, 0xDD90, 0xDD6F, 0xE590, 0xDD70, 0xDD70, 0xE590, 0xDD90, 0xDD70, 0xDD70, 0xDD4F, 0xD54F, 0xD52F, 0xD54F, 0xD52F, 0xD52E,
    0xD52E, 0xD52F, 0xD52F, 0xD52E, 0xD50E, 0xCD0E, 0xCCEE, 0xCCCD, 0xC4CD, 0xC4AD, 0xC4AD, 0xC48D, 0xC48D, 0xBC6C, 0xBC4C, 0xB42B,
    0xB42B, 0xB42C, 0xB42C, 0xB40B, 0xB40B, 0xAC0B, 0xABEB, 0xA3CA, 0xA3AA, 0x9BA9, 0x9B89, 0x9B69, 0xA3AA, 0x51E5, 0x41A6, 0xFEF8,
    0xFE95, 0xFE96, 0xFE96, 0xFE96, 0xFEF7, 0x49A5, 0xAC6F, 0xFEF7, 0xFE75, 0xFE95, 0xFE96, 0xFE96, 0xFE96, 0xFE96, 0xFE96, 0xFE96,
    0xFE96, 0xFE96, 0xFE96, 0xFE96, 0xFE96, 0xFE96, 0xFE96, 0xFE96, 0xFE96, 0xFE96, 0xFE96, 0xFE96, 0xFE96, 0xFE96, 0xFE96, 0xFE96,
    0xFE95, 0xFED7, 0x7B2B, 0x0000, 0x0000, 0x0000, 0x0000, 0x0000, 0x0000, 0x0000, 0x0000, 0x0000, 0x0000, 0x0000, 0x0000, 0x0000,
    0x0000, 0x0000, 0x0021, 0x0000, 0x3985, 0xEE97, 0xFE96, 0xFE76, 0xFE95, 0xFE96, 0xFE96, 0xFEB6, 0xFE56, 0xEB8D, 0xE229, 0xF4F1,
    0xFEB6, 0xFE96, 0xFE96, 0xFE76, 0xFED7, 0xFEF8, 0xDE15, 0x940E, 0x62C9, 0x39A5, 0x2103, 0x2903, 0x3164, 0x5268, 0x83CC, 0xCD72,
    0xFED7, 0xFF17, 0xF675, 0xFE75, 0xFE95, 0xFE96, 0xFE96, 0xFE96, 0xFE96, 0xFE96, 0xFE96, 0xFE96, 0xFE96, 0xFE96, 0xFE96, 0xFE96,
    0xFE96, 0xFE96, 0xFE96, 0xFE96, 0xFE96, 0xFE96, 0xFE96, 0xFE96, 0xFE96, 0xFE96, 0xFE96, 0xFE95, 0xFEB7, 0x3965, 0x2926, 0x4A2A,
    0x41E9, 0x41E9, 0x4209, 0x4209, 0x4A0A, 0x4A0A, 0x4A0A, 0x4A0A, 0x4A0A, 0x4A0A, 0x4A2A, 0x522A, 0x524A, 0x524B, 0x524B, 0x524B,
    0x5A4B, 0x5A6B, 0x5A6B, 0x5A8B, 0x526A, 0x4229, 0x4209, 0x4209, 0x4A49, 0x4A4A, 0x4A4A, 0x4A49, 0x4A4A, 0x4229, 0x2966, 0x2946,
    0x94D2, 0x9CF3, 0x9D14, 0x9D34, 0x9D34, 0x9D14, 0x9D13, 0x94D3, 0x4269, 0x1903, 0x2165, 0x2965, 0x29A6, 0x31A6, 0x31A6, 0x31C7,
    0x31C7, 0x31C7, 0x31E7, 0x39E8, 0x31E8, 0x31E8, 0x31E7, 0x31E7, 0x39E8, 0x39E8, 0x31C7, 0x4A6A, 0x52AB, 0x6B6E, 0x9D14, 0x9CF4,
    0x8C92, 0x9D13, 0xFFFF, 0x9491, 0x5AA9, 0x5247, 0x62EA, 0x62C9, 0xA48F, 0x7AC8, 0xA3EB, 0xD550, 0xD550, 0xDD70, 0xDD90, 0xDD90,
    0xDD90, 0xDD90, 0xDD90, 0xDD90, 0xE590, 0xDD70, 0xDD90, 0xE590, 0xE590, 0xDD70, 0xDD6F, 0xDD4F, 0xDD4F, 0xDD4F, 0xD54F, 0xD52F,
    0xD52F, 0xD52F, 0xD54F, 0xD52F, 0xD50E, 0xCD0E, 0xCCED, 0xC4CD, 0xC4AD, 0xC4AD, 0xC4AD, 0xC48D, 0xBC6D, 0xBC6C, 0xBC4C, 0xBC4C,
    0xB42B, 0xB42B, 0xB42C, 0xB42B, 0xB40B, 0xAC0B, 0xAC0B, 0xA3EA, 0xA3CA, 0xA3AA, 0x9B89, 0x9B69, 0x9BCA, 0x3123, 0x7B2B, 0xFF18,
    0xFE75, 0xFE96, 0xFE96, 0xFE96, 0xFEB7, 0x3923, 0xB4B0, 0xFEF7, 0xFE75, 0xFE76, 0xFE76, 0xFE96, 0xFED6, 0xFE96, 0xFE96, 0xFE96,
    0xFE96, 0xFE96, 0xFE96, 0xFE96, 0xFE96, 0xFE96, 0xFE96, 0xFE96, 0xFE96, 0xFE96, 0xFE96, 0xFE96, 0xFE96, 0xFE96, 0xFE96, 0xFE96,
    0xFE96, 0xFE95, 0xFEF8, 0x8BCD, 0x0840, 0x0000, 0x0000, 0x0020, 0x0000, 0x0000, 0x0000, 0x0000, 0x0000, 0x0000, 0x0000, 0x0000,
    0x0001, 0x0000, 0x0000, 0x3965, 0xE615, 0xFED6, 0xFE96, 0xFE96, 0xFEB6, 0xFE96, 0xFE96, 0xFE76, 0xFE96, 0xFE96, 0xF40F, 0xE9E9,
    0xFC91, 0xFED7, 0xFE96, 0xFE96, 0xFED7, 0xED12, 0xEBCE, 0xFE36, 0xFF39, 0xFED7, 0xF675, 0xF676, 0xFEB7, 0xFEF8, 0xFF18, 0xFE76,
    0xE3EE, 0xED12, 0xFEB6, 0xFEB6, 0xFE96, 0xFE96, 0xFE96, 0xFE96, 0xFE96, 0xFE96, 0xFE96, 0xFE96, 0xFE96, 0xFE96, 0xFE96, 0xFE96,
    0xFE96, 0xFE96, 0xFE96, 0xFE96, 0xFE96, 0xFE96, 0xFE96, 0xFE96, 0xFE96, 0xFE96, 0xFE96, 0xFE75, 0xFEF8, 0x5A48, 0x18E4, 0x4A2A,
    0x41E9, 0x41E9, 0x4209, 0x4209, 0x4A0A, 0x4A0A, 0x4A0A, 0x4A0A, 0x4A0A, 0x4A0A, 0x4A2A, 0x522A, 0x524A, 0x524B, 0x524B, 0x5A6B,
    0x5A6B, 0x5A6B, 0x5A6B, 0x5A6B, 0x528B, 0x4A4A, 0x4209, 0x4209, 0x4A29, 0x526A, 0x526A, 0x4A6A, 0x4A6A, 0x4A6A, 0x31C7, 0x2125,
    0x94F3, 0x9D13, 0x9D14, 0x9D14, 0x9D14, 0x9D14, 0x9D14, 0x94F3, 0x52CA, 0x1903, 0x2145, 0x1924, 0x2145, 0x2965, 0x2986, 0x31A6,
    0x31A7, 0x31C7, 0x31C7, 0x31E7, 0x39E8, 0x39E8, 0x39E8, 0x39E8, 0x3A08, 0x3A08, 0x4229, 0xAD76, 0x6B6E, 0x634D, 0x9CF4, 0x8C92,
    0xAD96, 0x94D3, 0xCE79, 0xFFDE, 0x7BCE, 0x3985, 0x736C, 0x83ED, 0x93CC, 0x7A87, 0xB46D, 0xD52F, 0xD52F, 0xDD70, 0xDD90, 0xDD90,
    0xDD90, 0xE5B0, 0xE5B0, 0xDD70, 0xE590, 0xE590, 0xE590, 0xE590, 0xE590, 0xE590, 0xDD6F, 0xDD4F, 0xDD4F, 0xDD4F, 0xD52F, 0xD52F,
    0xD52F, 0xD52F, 0xD52F, 0xD52F, 0xD50E, 0xD50E, 0xCD0E, 0xCCCD, 0xC4AD, 0xC4AD, 0xC4AD, 0xC48D, 0xBC6C, 0xBC6C, 0xBC4C, 0xBC4C,
    0xB42C, 0xB42B, 0xB42C, 0xB42C, 0xB40B, 0xAC0B, 0xAC0B, 0xABEA, 0xA3CA, 0xA3CA, 0x9B89, 0x9B69, 0x93AA, 0x18A1, 0xA44F, 0xFEF7,
    0xFE95, 0xFE96, 0xFE96, 0xFE96, 0xFEB7, 0x3923, 0xB4B0, 0xFED7, 0xF675, 0xFE96, 0xFEF7, 0xF6B6, 0xE5D3, 0xFE96, 0xFE96, 0xFE96,
    0xFE96, 0xFE96, 0xFE96, 0xFE96, 0xFE96, 0xFE96, 0xFE96, 0xFE96, 0xFE96, 0xFE96, 0xFE96, 0xFE96, 0xFE96, 0xFE96, 0xFE96, 0xFE96,
    0xFE96, 0xFE96, 0xFE76, 0xFEF8, 0xCD52, 0x41A5, 0x0000, 0x0000, 0x0000, 0x0000, 0x0020, 0x0000, 0x0020, 0x0000, 0x0000, 0x0000,
    0x0000, 0x1041, 0x836C, 0xF696, 0xFEB6, 0xFE75, 0xFEB6, 0xFE34, 0xF5B3, 0xFEB6, 0xFE96, 0xFE76, 0xFE96, 0xFE96, 0xFE96, 0xF4B1,
    0xDA4A, 0xEC2F, 0xFE76, 0xFE96, 0xFEB6, 0xF5B3, 0xDACB, 0xDA4A, 0xEC50, 0xFE76, 0xFEB7, 0xFE76, 0xFE76, 0xFE76, 0xFE75, 0xFE75,
    0xE38D, 0xE229, 0xE32C, 0xF532, 0xFE96, 0xFEB6, 0xFE96, 0xFE96, 0xFE96, 0xFE96, 0xFE96, 0xFE96, 0xFE96, 0xFE96, 0xFE96, 0xFE96,
    0xFE96, 0xFE96, 0xFE96, 0xFE96, 0xFE96, 0xFE96, 0xFE96, 0xFE96, 0xFE96, 0xFE96, 0xFE96, 0xFE75, 0xFEF8, 0x5A48, 0x18C4, 0x4A4A,
    0x41E9, 0x41E9, 0x41E9, 0x4209, 0x420A, 0x4A09, 0x4A09, 0x4A0A, 0x4A0A, 0x4A0A, 0x4A2A, 0x522A, 0x522A, 0x524B, 0x526B, 0x5A6B,
    0x5A6B, 0x5A6B, 0x524B, 0x524A, 0x526B, 0x526A, 0x4A09, 0x41E8, 0x4208, 0x4229, 0x4A49, 0x4A6A, 0x528A, 0x528A, 0x4229, 0x2125,
    0x94F3, 0x94D3, 0x94D3, 0x94F3, 0x9CF3, 0x94F3, 0x94D3, 0x94D2, 0x5B0B, 0x1903, 0x2965, 0x2165, 0x1924, 0x1903, 0x2124, 0x2165,
    0x2986, 0x31A7, 0x31A7, 0x31C7, 0x39C7, 0x39E8, 0x3A08, 0x3A08, 0x3A28, 0x31E7, 0x52AB, 0xAD96, 0x7C31, 0x4229, 0x634D, 0x52CB,
    0x9D14, 0xD6BB, 0x8430, 0xFFFF, 0xBDF7, 0x41E6, 0x8C2F, 0x8C0E, 0x7B09, 0x7AA7, 0xBCAD, 0xCCEE, 0xD52F, 0xDD50, 0xDD70, 0xDD90,
    0xDD90, 0xDD90, 0xE5B0, 0xE5B0, 0xE590, 0xE590, 0xE590, 0xE590, 0xE590, 0xDD70, 0xDD6F, 0xDD4F, 0xDD4F, 0xDD4F, 0xD54F, 0xD52F,
    0xD52F, 0xD52F, 0xD52E, 0xD52E, 0xD50E, 0xD50E, 0xCCEE, 0xCCEE, 0xC4CD, 0xC4AD, 0xC4AD, 0xC48D, 0xBC6C, 0xBC4C, 0xBC4C, 0xBC4C,
    0xB42C, 0xB42B, 0xB42C, 0xB42C, 0xB42B, 0xB42B, 0xAC0B, 0xABEB, 0xA3EA, 0xA3CA, 0x9B89, 0x9B89, 0x8328, 0x1881, 0xCD72, 0xFED6,
    0xFE95, 0xFE96, 0xFE96, 0xFE96, 0xFEB7, 0x3924, 0xBCD0, 0xFF7A, 0xFF18, 0xF676, 0xAC8F, 0x2903, 0x5A06, 0xFED6, 0xFE76, 0xFE96,
    0xFE96, 0xFE96, 0xFE96, 0xFE96, 0xFE96, 0xFE96, 0xFE96, 0xFE96, 0xFE96, 0xFE96, 0xFE96, 0xFE96, 0xFE96, 0xFE96, 0xFE96, 0xFE96,
    0xFE96, 0xFE96, 0xFE96, 0xFE76, 0xFED7, 0xFE97, 0xBCD1, 0x5227, 0x18A2, 0x0000, 0x0000, 0x0000, 0x0000, 0x0000, 0x0820, 0x2923,
    0x732B, 0xCD73, 0xFEF7, 0xFEB5, 0xFE95, 0xFEB5, 0xFED6, 0xF592, 0xD269, 0xF4F1, 0xFED6, 0xFE96, 0xFE96, 0xFE76, 0xFE96, 0xFEB7,
    0xF532, 0xDA4A, 0xE38D, 0xFE56, 0xFEB6, 0xFE96, 0xFE55, 0xEC4F, 0xDA29, 0xE30C, 0xF573, 0xFEB7, 0xFE96, 0xFE76, 0xFE76, 0xFE96,
    0xFE96, 0xFD73, 0xEB8D, 0xDA49, 0xE32C, 0xFD53, 0xFE76, 0xFE96, 0xFE96, 0xFE96, 0xFE96, 0xFE96, 0xFE96, 0xFE96, 0xFE96, 0xFE96,
    0xFE96, 0xFE96, 0xFE96, 0xFE96, 0xFE96, 0xFE96, 0xFE96, 0xFE96, 0xFE96, 0xFE96, 0xFE96, 0xFE75, 0xFEF8, 0x5207, 0x18A3, 0x4A29,
    0x41E8, 0x41E9, 0x41E9, 0x41E9, 0x4209, 0x4209, 0x4A09, 0x4A09, 0x4A0A, 0x4A0A, 0x4A2A, 0x522A, 0x524A, 0x524B, 0x526B, 0x5A6B,
    0x5A6B, 0x5A6B, 0x524B, 0x524A, 0x524A, 0x526B, 0x4A4A, 0x41E8, 0x39C8, 0x39C8, 0x39E8, 0x4208, 0x4229, 0x4A49, 0x4A6A, 0x31A7,
    0x8CB2, 0x8CB2, 0x8CB2, 0x8CB2, 0x94B2, 0x94B2, 0x94B2, 0x8C92, 0x5B0C, 0x10C2, 0x2145, 0x31C7, 0x31E7, 0x31A6, 0x2965, 0x2124,
    0x2104, 0x2125, 0x2145, 0x2945, 0x2965, 0x2966, 0x2986, 0x2986, 0x31A6, 0x2965, 0x5B0C, 0xAD96, 0x94D3, 0x52AB, 0x632D, 0x4229,
    0x9D14, 0xF7BE, 0xA534, 0x94D2, 0xFFFF, 0xC637, 0x7BAD, 0x83AC, 0x6266, 0x7AC7, 0xBCAE, 0xC4CE, 0xCD0F, 0xD54F, 0xDD70, 0xDD90,
    0xDD90, 0xDD90, 0xE5B0, 0xE5B0, 0xE590, 0xE590, 0xDD90, 0xDD90, 0xDD90, 0xDD6F, 0xDD6F, 0xDD4F, 0xDD4F, 0xD52F, 0xD52F, 0xD52F,
    0xD52F, 0xD52E, 0xD52E, 0xD50E, 0xD50E, 0xD50E, 0xCD0E, 0xCCEE, 0xCCCD, 0xC4AD, 0xC4AD, 0xC48D, 0xBC6C, 0xBC6C, 0xBC6C, 0xBC4C,
    0xBC4C, 0xBC4C, 0xB42C, 0xB42B, 0xB42B, 0xB42B, 0xAC0B, 0xABEB, 0xA3EA, 0xA3CA, 0x9B89, 0xA3AA, 0x72A7, 0x1861, 0xE5F4, 0xFEB6,
    0xFE95, 0xFE96, 0xFE96, 0xFE75, 0xFEF8, 0x51C6, 0x49C6, 0xA470, 0x6AA9, 0x28A2, 0x28C3, 0x836C, 0xDE14, 0xFE96, 0xFE76, 0xFE96,
    0xFE96, 0xFE96, 0xFE96, 0xFE96, 0xFE96, 0xFE96, 0xFE96, 0xFE96, 0xFE96, 0xFE96, 0xFE96, 0xFE96, 0xFE96, 0xFE96, 0xFE96, 0xFE96,
    0xFE96, 0xFE96, 0xFE96, 0xFE96, 0xFE76, 0xFE76, 0xFED8, 0xFED7, 0xEE35, 0xCD32, 0x9BED, 0x93AC, 0x93AC, 0xB48F, 0xD5D4, 0xEE55,
    0xFE55, 0xFEF7, 0xF675, 0xFE75, 0xFE95, 0xFE95, 0xFE95, 0xFEB6, 0xF4D0, 0xDA49, 0xF4D1, 0xFEB6, 0xFE76, 0xFE96, 0xFE96, 0xFE76,
    0xFEB7, 0xF552, 0xDA49, 0xE34C, 0xFE56, 0xFE96, 0xFE76, 0xFEB6, 0xFDD4, 0xE32C, 0xE209, 0xEC0F, 0xFE36, 0xFEB7, 0xFE76, 0xFE76,
    0xFE76, 0xFEB6, 0xFEB6, 0xFDD4, 0xEB6D, 0xD269, 0xF5D4, 0xFEB6, 0xFE76, 0xFE96, 0xFE96, 0xFE96, 0xFE96, 0xFE96, 0xFE96, 0xFE96,
    0xFE96, 0xFE96, 0xFE96, 0xFE96, 0xFE96, 0xFE96, 0xFE96, 0xFE96, 0xFE96, 0xFE96, 0xFE96, 0xFE75, 0xFED7, 0x41C6, 0x18C4, 0x4209,
    0x39E8, 0x41E9, 0x41E9, 0x41E9, 0x41E9, 0x41E9, 0x4209, 0x4A09, 0x4A09, 0x4A09, 0x4A0A, 0x4A2A, 0x522A, 0x522A, 0x524A, 0x524B,
    0x526B, 0x524B, 0x524B, 0x524A, 0x524A, 0x526A, 0x524A, 0x41E8, 0x39A7, 0x31A7, 0x39C7, 0x39C7, 0x39C7, 0x4208, 0x4209, 0x39E8,
    0x8450, 0x8450, 0x8451, 0x8451, 0x8451, 0x8451, 0x8471, 0x8471, 0x634C, 0x10C2, 0x10C3, 0x29A6, 0x3A28, 0x4A89, 0x52AA, 0x4A69,
    0x4228, 0x39C7, 0x2985, 0x2124, 0x2104, 0x2104, 0x1903, 0x18E3, 0x1903, 0x10C3, 0x6B8E, 0xAD96, 0x9CF3, 0x634D, 0x52CB, 0x2125,
    0x9D14, 0xBDF7, 0xFFDF, 0x8450, 0x8C91, 0xFFFF, 0xCE58, 0x6B0A, 0x49A3, 0x8B69, 0xB48D, 0xC4CE, 0xCD0F, 0xD54F, 0xDD6F, 0xDD70,
    0xDD90, 0xE5B1, 0xE5B0, 0xE590, 0xE590, 0xDD70, 0xDD70, 0xDD70, 0xDD90, 0xDD70, 0xDD4F, 0xDD4F, 0xDD4F, 0xD54F, 0xD52E, 0xD52F,
    0xD52F, 0xD52E, 0xD52E, 0xD52E, 0xD50E, 0xCD0E, 0xD50E, 0xCCEE, 0xCCCD, 0xC4AD, 0xC4AD, 0xC48D, 0xBC6C, 0xBC6D, 0xBC6D, 0xBC6D,
    0xBC4C, 0xBC4C, 0xBC4C, 0xB42C, 0xB40B, 0xAC0B, 0xAC0B, 0xABEB, 0xA3EA, 0xA3CA, 0x9B8A, 0xA3AA, 0x6A66, 0x28E3, 0xEE55, 0xFEB5,
    0xFE95, 0xFE96, 0xFE96, 0xFE96, 0xFEB7, 0xD573, 0x6A89, 0x51C6, 0x72C9, 0xAC6F, 0xEE57, 0xFF18, 0xFEB6, 0xFE76, 0xFE96, 0xFE96,
    0xFE96, 0xFE96, 0xFE96, 0xFE96, 0xFE96, 0xFE96, 0xFE96, 0xFE96, 0xFE96, 0xFE96, 0xFE96, 0xFE96, 0xFE96, 0xFE96, 0xFE96, 0xFE96,
    0xFE96, 0xFE96, 0xFE96, 0xFE96, 0xFE76, 0xFEB7, 0xE490, 0xE3AD, 0xFE36, 0xFEF8, 0xFED7, 0xFEF7, 0xFF18, 0xFEF7, 0xFEF7, 0xF614,
    0xD2A9, 0xF3CE, 0xFE96, 0xFE96, 0xFE75, 0xFE95, 0xFE95, 0xFE96, 0xFED6, 0xF4D1, 0xE229, 0xF470, 0xFED6, 0xFE76, 0xFE76, 0xFE76,
    0xFE76, 0xFEB6, 0xFDB4, 0xE2CB, 0xE30C, 0xFE35, 0xFE96, 0xFE75, 0xFEB6, 0xFE76, 0xF4F1, 0xE26A, 0xE2AB, 0xF552, 0xFE96, 0xFE76,
    0xFE76, 0xFE75, 0xFE95, 0xFEB6, 0xFE96, 0xF5D3, 0xFE55, 0xFE96, 0xFE96, 0xFE96, 0xFE96, 0xFE96, 0xFE96, 0xFE96, 0xFE96, 0xFE96,
    0xFE96, 0xFE96, 0xFE96, 0xFE96, 0xFE96, 0xFE96, 0xFE96, 0xFE96, 0xFE96, 0xFE96, 0xFE96, 0xFE96, 0xFE96, 0x2903, 0x2125, 0x4209,
    0x39E8, 0x41E9, 0x41E9, 0x41E9, 0x41E9, 0x4209, 0x4A09, 0x4A09, 0x4A09, 0x4A09, 0x4A09, 0x4A09, 0x4A0A, 0x4A2A, 0x522A, 0x522A,
    0x524A, 0x524A, 0x524A, 0x524A, 0x524A, 0x524A, 0x526B, 0x4A29, 0x39A7, 0x3187, 0x3187, 0x31A6, 0x31A7, 0x39C7, 0x39E8, 0x39C7,
    0x73EF, 0x73CF, 0x73EF, 0x7C0F, 0x7C0F, 0x7C10, 0x8430, 0x7C30, 0x6BAE, 0x31E7, 0x10C3, 0x1924, 0x2986, 0x3A07, 0x52AA, 0x632C,
    0x634C, 0x630B, 0x5AEB, 0x52AA, 0x5289, 0x4A89, 0x5B0B, 0x7BCE, 0x9491, 0xA533, 0x9CF3, 0xAD55, 0x94B3, 0x8430, 0x4228, 0x0882,
    0xA555, 0xAD96, 0xC658, 0xFFFF, 0x8450, 0x8470, 0xF7BE, 0xDEDA, 0x5A67, 0x8328, 0xB46D, 0xC4AD, 0xCCEE, 0xD52F, 0xD54F, 0xDD6F,
    0xDD90, 0xE5B0, 0xDD90, 0xE590, 0xE590, 0xE590, 0xDD90, 0xDD6F, 0xDD6F, 0xDD6F, 0xDD6F, 0xDD4F, 0xDD4F, 0xDD4F, 0xD52F, 0xD52F,
    0xD52E, 0xD52E, 0xD50E, 0xD50E, 0xD50E, 0xCD0E, 0xCCEE, 0xCCEE, 0xCCCD, 0xC4AD, 0xC48D, 0xC48D, 0xBC6C, 0xBC6C, 0xBC6D, 0xBC6D,
    0xBC4C, 0xBC4C, 0xBC4C, 0xBC4C, 0xB40B, 0xAC0B, 0xAC0B, 0xABEB, 0xA3EA, 0xA3CA, 0x9BAA, 0xA3AA, 0x6A66, 0x2903, 0xF675, 0xFEB6,
    0xFE95, 0xFE96, 0xFE96, 0xFE96, 0xFE96, 0xFED7, 0xFEF8, 0xFEF7, 0xFF18, 0xFEF7, 0xFE95, 0xFE75, 0xFE76, 0xFE96, 0xFE96, 0xFE96,
    0xFE96, 0xFE96, 0xFE96, 0xFE96, 0xFE96, 0xFE96, 0xFE96, 0xFE96, 0xFE96, 0xFE96, 0xFE96, 0xFE96, 0xFE96, 0xFE96, 0xFE96, 0xFE96,
    0xFE96, 0xFE96, 0xFE96, 0xFE96, 0xFE96, 0xFE96, 0xF532, 0xDAAA, 0xE2AB, 0xFD32, 0xFE96, 0xFE76, 0xFE75, 0xFE76, 0xFE95, 0xFEB6,
    0xF4F1, 0xE229, 0xE3AD, 0xFE55, 0xFE96, 0xFE75, 0xFE96, 0xFE96, 0xFE96, 0xFED6, 0xF4B0, 0xE249, 0xECF0, 0xFEB6, 0xFE76, 0xFE76,
    0xFE76, 0xFE76, 0xFEB6, 0xFE15, 0xE2EC, 0xDB0B, 0xFE55, 0xFE76, 0xF675, 0xF675, 0xFED6, 0xFE15, 0xEB4D, 0xD2EB, 0xFE75, 0xFE96,
    0xFE95, 0xFE95, 0xFE95, 0xFE75, 0xFE95, 0xFEB6, 0xFE96, 0xFE95, 0xFE95, 0xFE96, 0xFE96, 0xFE96, 0xFE96, 0xFE96, 0xFE96, 0xFE96,
    0xFE96, 0xFE96, 0xFE96, 0xFE96, 0xFE96, 0xFE96, 0xFE96, 0xFE96, 0xFE96, 0xFE96, 0xFE96, 0xFEB6, 0xDDD4, 0x1881, 0x3187, 0x41E9,
    0x41E9, 0x41E9, 0x41E9, 0x41E9, 0x41E9, 0x4209, 0x4A09, 0x4A09, 0x4A09, 0x4A09, 0x4A09, 0x4A09, 0x4A0A, 0x4A2A, 0x522A, 0x524A,
    0x524B, 0x524B, 0x524B, 0x524A, 0x526A, 0x524A, 0x526B, 0x526A, 0x41E8, 0x3187, 0x3186, 0x3186, 0x3186, 0x31A7, 0x39E8, 0x39C7,
    0x634D, 0x636D, 0x634D, 0x6B6D, 0x6BAE, 0x73AE, 0x73CE, 0x73EF, 0x6BAE, 0x5AEB, 0x39E7, 0x2985, 0x2985, 0x31C6, 0x4228, 0x4A68,
    0x4A89, 0x52A9, 0x5ACA, 0x5AEB, 0x6B4C, 0x73AD, 0x8C50, 0xA533, 0xC658, 0xCE98, 0xA554, 0xAD75, 0x8C71, 0x5AEB, 0x2986, 0x18E4,
    0xA534, 0xDEDB, 0x8450, 0xE73C, 0xFFFF, 0x94D2, 0x842F, 0xEF9D, 0xEF3B, 0x7B49, 0xA3CA, 0xC4AE, 0xC4CE, 0xD50E, 0xD54F, 0xDD70,
    0xDD90, 0xE5B1, 0xDD90, 0xDD90, 0xDD90, 0xE590, 0xE590, 0xDD6F, 0xDD6F, 0xDD4F, 0xDD4F, 0xDD4F, 0xDD4F, 0xD54F, 0xD52E, 0xD52F,
    0xD52F, 0xD50E, 0xD50E, 0xD50E, 0xD50E, 0xCCEE, 0xCCED, 0xCCCD, 0xC4CD, 0xC4AD, 0xC4AD, 0xC48D, 0xBC6C, 0xBC6C, 0xBC6D, 0xBC6D,
    0xBC4C, 0xBC4C, 0xBC4C, 0xBC4C, 0xB42C, 0xAC0B, 0xABEA, 0xABEB, 0xABEB, 0xA3CA, 0x9BAA, 0xA3AA, 0x72A8, 0x20A2, 0xE614, 0xFEB6,
    0xFE96, 0xFE96, 0xFE96, 0xFE96, 0xFE96, 0xFE96, 0xFE76, 0xFE96, 0xFE75, 0xFE75, 0xFE96, 0xFE96, 0xFE96, 0xFE76, 0xFE75, 0xFE96,
    0xFE96, 0xFE96, 0xFE96, 0xFE96, 0xFE96, 0xFE96, 0xFE96, 0xFE96, 0xFE96, 0xFE96, 0xFE96, 0xFE96, 0xFE96, 0xFE96, 0xFE96, 0xFE96,
    0xFE96, 0xFE96, 0xFE96, 0xFE96, 0xFE96, 0xFE76, 0xFEB6, 0xFE35, 0xF3CE, 0xDA69, 0xEC0E, 0xFE55, 0xFEB6, 0xFE95, 0xFE95, 0xFE95,
    0xFED6, 0xFDF4, 0xE34C, 0xE2CB, 0xFD93, 0xFEB6, 0xFE96, 0xFE96, 0xFE96, 0xFE95, 0xFED6, 0xECD0, 0xE4AF, 0xFE96, 0xFE76, 0xFE96,
    0xFE96, 0xFE96, 0xFE76, 0xFEB7, 0xFE15, 0xEC90, 0xFE96, 0xFF17, 0xFF17, 0xFF17, 0xFEF7, 0xFEF6, 0xFE76, 0xF5F4, 0xFE75, 0xFE95,
    0xFE96, 0xFE95, 0xFE96, 0xFE96, 0xFE95, 0xFE75, 0xFE96, 0xFE96, 0xFE96, 0xFE96, 0xFE96, 0xFE96, 0xFE96, 0xFE96, 0xFE96, 0xFE96,
    0xFE96, 0xFE96, 0xFE96, 0xFE96, 0xFE96, 0xFE96, 0xFE96, 0xFE96, 0xFE96, 0xFE96, 0xFE76, 0xFEF7, 0xA40E, 0x0020, 0x39C8, 0x39C8,
    0x39C8, 0x39C8, 0x39E8, 0x41E8, 0x41E9, 0x41E9, 0x49E9, 0x4A09, 0x4A09, 0x4A09, 0x4A09, 0x4A0A, 0x4A2A, 0x522A, 0x522A, 0x524B,
    0x524B, 0x524B, 0x526B, 0x526B, 0x526A, 0x526A, 0x5A6B, 0x5A8B, 0x4A29, 0x39A7, 0x3166, 0x3186, 0x3186, 0x3186, 0x39C7, 0x31A7,
    0x52EB, 0x5AEB, 0x52CA, 0x52EB, 0x5B0B, 0x5B2C, 0x632C, 0x634C, 0x634C, 0x632C, 0x52CA, 0x4248, 0x39E7, 0x3A28, 0x4A89, 0x52AA,
    0x4A89, 0x4228, 0x4228, 0x4228, 0x4A48, 0x5289, 0x5ACA, 0x630B, 0x738D, 0x840F, 0x94B1, 0xA534, 0xA554, 0x73AE, 0x2104, 0x10A3,
    0xB596, 0xBDF8, 0xCE79, 0x73AE, 0xEF5D, 0xFFFF, 0x9D13, 0x73AE, 0xE71C, 0xEF3B, 0x93EC, 0xAC0B, 0xC4CD, 0xCCEE, 0xD52F, 0xDD6F,
    0xDD90, 0xE5B0, 0xDD90, 0xDD90, 0xDD90, 0xDD90, 0xDD90, 0xDD70, 0xDD6F, 0xDD4F, 0xDD4F, 0xDD4F, 0xDD4F, 0xD54F, 0xD52E, 0xD52F,
    0xD52F, 0xD50E, 0xD50E, 0xD50E, 0xCCEE, 0xCCEE, 0xCCED, 0xCCCD, 0xCCCD, 0xC4CD, 0xC4AD, 0xC4AD, 0xC48D, 0xC48D, 0xBC6D, 0xBC6C,
    0xBC4C, 0xBC4C, 0xBC4C, 0xBC4C, 0xBC4C, 0xB42B, 0xAC0B, 0xABEB, 0xABEB, 0xABEA, 0xA3AA, 0x9B89, 0x8B49, 0x1861, 0xC552, 0xFED6,
    0xFE95, 0xFE96, 0xFE96, 0xFE96, 0xFE96, 0xFE96, 0xFE96, 0xFE96, 0xFE96, 0xFE96, 0xFE96, 0xFE96, 0xFE75, 0xFEB6, 0xFEF7, 0xFEB6,
    0xFE76, 0xFE96, 0xFE96, 0xFE96, 0xFE96, 0xFE96, 0xFE96, 0xFE96, 0xFE96, 0xFE96, 0xFE96, 0xFE96, 0xFE96, 0xFE96, 0xFE96, 0xFE96,
    0xFE96, 0xFE96, 0xFE96, 0xFE96, 0xFE96, 0xFE96, 0xFE96, 0xFE96, 0xFEB6, 0xF552, 0xDAEB, 0xDAEB, 0xF572, 0xFE96, 0xFE96, 0xFE75,
    0xFE75, 0xFEB6, 0xFE75, 0xEBCE, 0xE249, 0xF450, 0xFE96, 0xFE96, 0xFE96, 0xFE96, 0xFE95, 0xFE96, 0xFE96, 0xFE76, 0xFE96, 0xFE96,
    0xFE96, 0xFE96, 0xFE96, 0xFE76, 0xFF18, 0xFEF8, 0xCD72, 0x9C4E, 0x93CC, 0x93ED, 0xBD31, 0xE635, 0xFEF7, 0xFF37, 0xFEB5, 0xFE75,
    0xFE95, 0xFE95, 0xFE96, 0xFE96, 0xFE96, 0xFE96, 0xFE96, 0xFE96, 0xFE96, 0xFE96, 0xFE96, 0xFE96, 0xFE96, 0xFE96, 0xFE96, 0xFE96,
    0xFE96, 0xFE96, 0xFE96, 0xFE96, 0xFE96, 0xFE96, 0xFE96, 0xFE96, 0xFE96, 0xFE96, 0xFE95, 0xFED7, 0x49C6, 0x1083, 0x39C8, 0x3187,
    0x31A7, 0x39A7, 0x39A7, 0x39A8, 0x39C8, 0x39C8, 0x41C8, 0x41C8, 0x41C9, 0x41E9, 0x41E9, 0x41E9, 0x4A09, 0x4A09, 0x4A2A, 0x522A,
    0x524A, 0x524A, 0x526B, 0x526A, 0x526A, 0x526B, 0x5A6B, 0x5A8B, 0x5A8B, 0x41E8, 0x3186, 0x2966, 0x3186, 0x3186, 0x31A7, 0x31A7,
    0x52CA, 0x52AA, 0x52AA, 0x4A89, 0x4AAA, 0x52AA, 0x52AA, 0x52AA, 0x52CA, 0x52CA, 0x52CA, 0x52AA, 0x4A89, 0x4A89, 0x4A89, 0x52AA,
    0x5289, 0x4A69, 0x4A89, 0x52A9, 0x52AA, 0x52AA, 0x5AEA, 0x630B, 0x630B, 0x6B6C, 0x8C70, 0xA533, 0xAD74, 0xAD75, 0x4A49, 0x0000,
    0xC638, 0x9CF4, 0xE71C, 0xB5B6, 0x73AE, 0xE73C, 0xFFFF, 0xAD75, 0x6B8D, 0xDEFB, 0xFFDE, 0xACAF, 0xAC0B, 0xC4EE, 0xCD0E, 0xD54F,
    0xDD70, 0xE5B0, 0xE5B0, 0xDD90, 0xDD90, 0xDD70, 0xDD70, 0xDD6F, 0xDD4F, 0xDD70, 0xDD4F, 0xDD4F, 0xDD70, 0xDD4F, 0xD52F, 0xD52F,
    0xD52F, 0xD52F, 0xD50E, 0xD50E, 0xCCEE, 0xCCEE, 0xCCCD, 0xCCCD, 0xCCCD, 0xCCEE, 0xCCCE, 0xC4AD, 0xC48D, 0xC48D, 0xC48D, 0xBC6C,
    0xBC4C, 0xBC4C, 0xBC4C, 0xB42C, 0xBC4C, 0xB42B, 0xAC2B, 0xABEB, 0xA3CA, 0xA3CA, 0xA3CA, 0x9B89, 0xA3CB, 0x28C2, 0x72EA, 0xFF38,
    0xFE75, 0xFE95, 0xFE96, 0xFE96, 0xFE96, 0xFE96, 0xFE96, 0xFE96, 0xFE96, 0xFE75, 0xFE95, 0xFEB6, 0xFF38, 0xEE76, 0x93ED, 0xCD51,
    0xFEB7, 0xFE75, 0xFE96, 0xFE96, 0xFE96, 0xFE96, 0xFE96, 0xFE96, 0xFE96, 0xFE96, 0xFE96, 0xFE96, 0xFE96, 0xFE96, 0xFE96, 0xFE96,
    0xFE96, 0xFE96, 0xFE96, 0xFE96, 0xFE96, 0xFE96, 0xFE96, 0xFE96, 0xFE96, 0xFEB6, 0xFE55, 0xEC4F, 0xDA8A, 0xEB8D, 0xFDF4, 0xFEB6,
    0xFE75, 0xFE75, 0xFE96, 0xFEB6, 0xF450, 0xE1C8, 0xEBEE, 0xFE76, 0xFE96, 0xFE96, 0xFE96, 0xFE96, 0xFE96, 0xFE96, 0xFE96, 0xFE96,
    0xFE96, 0xFE96, 0xFE96, 0xFEF8, 0xACD0, 0x3964, 0x30A2, 0x38A2, 0x3062, 0x3061, 0x3082, 0x28A2, 0x49C6, 0xA44F, 0xF696, 0xFF18,
    0xFE95, 0xFE96, 0xFE96, 0xFE96, 0xFE96, 0xFE96, 0xFE96, 0xFE96, 0xFE96, 0xFE96, 0xFE96, 0xFE96, 0xFE96, 0xFE96, 0xFE96, 0xFE96,
    0xFE96, 0xFE96, 0xFE96, 0xFE96, 0xFE96, 0xFE96, 0xFE96, 0xFE96, 0xFE96, 0xFE76, 0xFED7, 0xD5B4, 0x0841, 0x2966, 0x3187, 0x3187,
    0x3187, 0x3187, 0x3187, 0x3187, 0x31A7, 0x39A7, 0x39A7, 0x39A7, 0x39A7, 0x39A8, 0x41C8, 0x41C8, 0x41E8, 0x41E8, 0x41E9, 0x49E9,
    0x4A09, 0x4A29, 0x522A, 0x524A, 0x524A, 0x524A, 0x524A, 0x524A, 0x526A, 0x4A29, 0x39A7, 0x2966, 0x2966, 0x3186, 0x3186, 0x3186,
    0x5AEB, 0x5AEB, 0x52CA, 0x4AAA, 0x4A89, 0x4AAA, 0x4A89, 0x4A89, 0x4A89, 0x4A89, 0x4A89, 0x4A89, 0x4A89, 0x4A89, 0x4A89, 0x4A69,
    0x4A69, 0x5289, 0x5289, 0x5289, 0x52AA, 0x5AEB, 0x634C, 0x6B4C, 0x6B6C, 0x73AD, 0x8450, 0x94B2, 0x9D33, 0xAD75, 0x94B2, 0x2124,
    0x94B2, 0xDEFC, 0x9492, 0xFFFF, 0xA534, 0x73AE, 0xDEFB, 0xFFFF, 0xB5B6, 0x6B6D, 0xCE79, 0xFFFF, 0xACB0, 0xB42C, 0xCCEE, 0xD52F,
    0xDD90, 0xE5B0, 0xE5B0, 0xDD90, 0xDD90, 0xDD90, 0xDD6F, 0xDD4F, 0xDD6F, 0xDD70, 0xDD4F, 0xD54F, 0xD54F, 0xDD4F, 0xD52F, 0xD52F,
    0xD52F, 0xD50E, 0xD52F, 0xD52E, 0xD50E, 0xCCEE, 0xCCEE, 0xCCCD, 0xCCCD, 0xCCCE, 0xC4CD, 0xC48D, 0xC48D, 0xC48D, 0xBC6D, 0xBC6C,
    0xBC4C, 0xBC4C, 0xBC4C, 0xB42C, 0xB42B, 0xB42B, 0xB42B, 0xB42B, 0xABEB, 0xA3CA, 0xA3CA, 0xA3AA, 0xABCA, 0x72E8, 0x1040, 0xC512,
    0xFF38, 0xFEB6, 0xFE75, 0xFE75, 0xFE75, 0xFE75, 0xFE96, 0xFE96, 0xFED6, 0xFF18, 0xFED7, 0xDDB3, 0x8BCD, 0x20E3, 0x0000, 0x62C9,
    0xFEF8, 0xFE96, 0xFE75, 0xFE96, 0xFE96, 0xFE96, 0xFE96, 0xFE96, 0xFE96, 0xFE96, 0xFE96, 0xFE96, 0xFE96, 0xFE96, 0xFE96, 0xFE96,
    0xFE96, 0xFE96, 0xFE96, 0xFE96, 0xFE96, 0xFE96, 0xFE96, 0xFE96, 0xFE96, 0xFE76, 0xFE96, 0xFED7, 0xFDB4, 0xE30C, 0xD38C, 0xFE75,
    0xFE96, 0xFE75, 0xFE95, 0xFE95, 0xFEB6, 0xF4F1, 0xE3CD, 0xFE35, 0xFE96, 0xFE76, 0xFE76, 0xFE96, 0xFE96, 0xFE96, 0xFE96, 0xFE96,
    0xFE96, 0xFE76, 0xFED8, 0x8B6C, 0x1000, 0x8208, 0xD36D, 0xDBAD, 0xDBAD, 0xDB8C, 0xD38C, 0xA2C9, 0x5965, 0x2020, 0x28E3, 0x9C0E,
    0xFED7, 0xFED6, 0xFE75, 0xFE96, 0xFE96, 0xFE96, 0xFE96, 0xFE96, 0xFE96, 0xFE96, 0xFE96, 0xFE96, 0xFE96, 0xFE96, 0xFE96, 0xFE96,
    0xFE96, 0xFE96, 0xFE96, 0xFE96, 0xFE96, 0xFE96, 0xFE96, 0xFE96, 0xFE96, 0xFE76, 0xFED7, 0x4A07, 0x1082, 0x39A8, 0x3187, 0x3187,
    0x3187, 0x3187, 0x3187, 0x3187, 0x3187, 0x31A7, 0x39A7, 0x39A7, 0x3987, 0x39A7, 0x39A8, 0x39A8, 0x41C8, 0x41C8, 0x41C8, 0x41C8,
    0x41E8, 0x49E9, 0x4A09, 0x4A09, 0x4A09, 0x4A09, 0x4A09, 0x4A09, 0x4208, 0x4A09, 0x41C8, 0x3166, 0x2946, 0x2966, 0x3186, 0x2965,
    0x5AEB, 0x5B0B, 0x5B0B, 0x52EB, 0x52CA, 0x52AA, 0x4AAA, 0x4A89, 0x4A89, 0x4A69, 0x4A69, 0x4A89, 0x4A69, 0x4A89, 0x4A69, 0x4A68,
    0x4A68, 0x4228, 0x3A07, 0x4207, 0x4A69, 0x5AEA, 0x52A9, 0x52AA, 0x52CA, 0x634C, 0x7C0F, 0x8450, 0x8C91, 0x9CF3, 0xA555, 0x8C71,
    0x52AA, 0xEF7E, 0x9CF4, 0xA534, 0xFFFF, 0xAD55, 0x73AE, 0xD6BA, 0xFFFF, 0xBDD7, 0x634C, 0xC659, 0xFFDE, 0xA46E, 0xB46C, 0xCD0E,
    0xDD4F, 0xDD90, 0xDD90, 0xDD90, 0xE5B0, 0xE5B0, 0xDD6F, 0xDD4F, 0xDD70, 0xDD4F, 0xDD4F, 0xD52F, 0xD52F, 0xDD4F, 0xD52F, 0xD52F,
    0xD52F, 0xD52F, 0xD52F, 0xD50E, 0xD50E, 0xCCEE, 0xCCEE, 0xCCCD, 0xCCCD, 0xC4AD, 0xC4AD, 0xC48D, 0xC48D, 0xC48D, 0xBC6D, 0xBC6D,
    0xBC4C, 0xBC4C, 0xBC4C, 0xB42C, 0xB42B, 0xB42B, 0xB42B, 0xB42B, 0xB42B, 0xABEB, 0xA3AA, 0xA3AA, 0xA3CA, 0xAC0B, 0x6246, 0x1061,
    0x8BCD, 0xEE55, 0xFEF7, 0xFF18, 0xFF18, 0xFF18, 0xFED7, 0xF696, 0xD5D3, 0x8BCD, 0x4185, 0x1881, 0x1861, 0x49E6, 0x6287, 0x1861,
    0x49E7, 0xDE15, 0xFEF7, 0xFE96, 0xFE75, 0xFE96, 0xFE96, 0xFE96, 0xFE96, 0xFE96, 0xFE96, 0xFE96, 0xFE96, 0xFE96, 0xFE96, 0xFE96,
    0xFE96, 0xFE96, 0xFE96, 0xFE96, 0xFE96, 0xFE96, 0xFE96, 0xFE96, 0xFE96, 0xFE96, 0xFE96, 0xFE76, 0xFEB6, 0xFE76, 0xF5D3, 0xFE75,
    0xFE96, 0xFE96, 0xFE96, 0xFE96, 0xFE96, 0xFEB6, 0xFEB6, 0xFE96, 0xFE96, 0xFE96, 0xFE96, 0xFE96, 0xFE96, 0xFE96, 0xFE96, 0xFE96,
    0xFE76, 0xFED7, 0xC512, 0x0800, 0xA2CB, 0xEBAE, 0xDB4B, 0xDB4B, 0xDB4C, 0xDB4C, 0xDB6C, 0xE38C, 0xE3CD, 0xC36C, 0x79E7, 0x1820,
    0x51E7, 0xE635, 0xFEF8, 0xFE95, 0xFE96, 0xFE96, 0xFE96, 0xFE96, 0xFE96, 0xFE96, 0xFE96, 0xFE96, 0xFE96, 0xFE96, 0xFE96, 0xFE96,
    0xFE96, 0xFE96, 0xFE96, 0xFE96, 0xFE96, 0xFE96, 0xFE96, 0xFE96, 0xFE75, 0xFEF8, 0xA44F, 0x0000, 0x3166, 0x3187, 0x3187, 0x3187,
    0x3187, 0x3187, 0x3187, 0x3187, 0x3187, 0x3187, 0x3987, 0x3987, 0x39A7, 0x39A7, 0x39A8, 0x41A8, 0x41C8, 0x41C8, 0x41C8, 0x41C8,
    0x41C8, 0x41E8, 0x41E8, 0x41E9, 0x49E9, 0x4A09, 0x4A09, 0x4A09, 0x41E8, 0x4A09, 0x4A09, 0x39A7, 0x2945, 0x2945, 0x2965, 0x2965,
    0x4A89, 0x52CA, 0x5B0B, 0x5B0B, 0x5AEB, 0x52CA, 0x4A89, 0x4A89, 0x4A69, 0x4A69, 0x4A69, 0x4A69, 0x4A69, 0x4A89, 0x4A89, 0x4A89,
    0x4248, 0x4207, 0x4A48, 0x5289, 0x630B, 0x4207, 0x39E7, 0x39E7, 0x31C6, 0x52CA, 0x73EE, 0x7C0F, 0x8430, 0x8450, 0x94B2, 0xA514,
    0x8430, 0xA514, 0xF7BE, 0x6B6D, 0xBDD7, 0xFFFF, 0xAD75, 0x73CE, 0xD69A, 0xFFFF, 0xBE17, 0x636C, 0xC679, 0xFFBE, 0x9C4D, 0xB48D,
    0xD54F, 0xDD6F, 0xDD90, 0xDD90, 0xE5B0, 0xE590, 0xDD6F, 0xDD70, 0xDD70, 0xDD6F, 0xDD70, 0xDD4F, 0xDD4F, 0xD52F, 0xD52F, 0xD52F,
    0xD52F, 0xD52F, 0xD50E, 0xCD0E, 0xCCEE, 0xCCEE, 0xCCCD, 0xCCCD, 0xCCCD, 0xC4AD, 0xC4AD, 0xC4AD, 0xC48D, 0xC48D, 0xC48D, 0xBC6D,
    0xBC6C, 0xBC6C, 0xBC4C, 0xBC4C, 0xB42B, 0xB42B, 0xB42B, 0xB42B, 0xB42B, 0xAC0B, 0xA3CA, 0xA3AA, 0xA3AA, 0xA38A, 0xA3EB, 0x72C8,
    0x20A1, 0x20C2, 0x5227, 0x72EA, 0x7B2B, 0x6AA9, 0x51E6, 0x2903, 0x20A2, 0x1881, 0x3144, 0x6288, 0x8B4A, 0x938A, 0x8B6A, 0x8309,
    0x3123, 0x20C2, 0x9C2F, 0xFEB7, 0xFEF7, 0xFE75, 0xFE75, 0xFE96, 0xFE96, 0xFE96, 0xFE96, 0xFE96, 0xFE96, 0xFE96, 0xFE96, 0xFE96,
    0xFE96, 0xFE96, 0xFE96, 0xFE96, 0xFE96, 0xFE96, 0xFE96, 0xFE96, 0xFE96, 0xFE96, 0xFE96, 0xFE96, 0xFE96, 0xFE96, 0xFEB6, 0xFE96,
    0xFE96, 0xFE96, 0xFE96, 0xFE96, 0xFE96, 0xFE95, 0xFE95, 0xFE96, 0xFE96, 0xFE96, 0xFE96, 0xFE96, 0xFE96, 0xFE96, 0xFE96, 0xFE96,
    0xFE76, 0xFEF8, 0x5A47, 0x5985, 0xE3CE, 0xDB2B, 0xD36C, 0xDB6C, 0xDB6C, 0xDB6C, 0xDB6C, 0xDB6B, 0xD36B, 0xDB6C, 0xE3AD, 0xC38C,
    0x5965, 0x28A2, 0xB4B1, 0xFEF7, 0xFE95, 0xFE96, 0xFE96, 0xFE96, 0xFE96, 0xFE96, 0xFE96, 0xFE96, 0xFE96, 0xFE96, 0xFE96, 0xFE96,
    0xFE96, 0xFE96, 0xFE96, 0xFE96, 0xFE96, 0xFE96, 0xFE96, 0xFE75, 0xFED6, 0xDDD4, 0x1061, 0x18C3, 0x3187, 0x3166, 0x3187, 0x3187,
    0x3187, 0x3187, 0x3187, 0x3187, 0x3187, 0x3187, 0x3987, 0x3987, 0x39A7, 0x39A7, 0x39A8, 0x41C8, 0x41C8, 0x41C8, 0x41E8, 0x41E8,
    0x41C8, 0x41C8, 0x41C8, 0x41C8, 0x41E9, 0x49E9, 0x4A09, 0x4A09, 0x4A09, 0x4A29, 0x5229, 0x4A09, 0x3186, 0x2945, 0x2965, 0x2945,
    0x4AAA, 0x4A69, 0x4A89, 0x52EB, 0x5B0B, 0x5AEB, 0x52CA, 0x4AAA, 0x4A69, 0x4A69, 0x4A69, 0x4A69, 0x4269, 0x4A69, 0x4A89, 0x4A68,
    0x5289, 0x632C, 0x6B6D, 0x738D, 0x4A48, 0x39E7, 0x3A07, 0x39E7, 0x31C6, 0x4A89, 0x6BAD, 0x73EF, 0x7C0F, 0x7C0F, 0x8430, 0x9492,
    0x9D13, 0x8C91, 0xBE18, 0xD69A, 0x6B6D, 0xC638, 0xFFFF, 0xB5B6, 0x73AE, 0xCE58, 0xFFFF, 0xBE37, 0x636C, 0xC658, 0xF79D, 0x8BCB,
    0xBCAD, 0xDD90, 0xDD70, 0xDD90, 0xDD90, 0xE590, 0xE590, 0xE570, 0xDD70, 0xDD70, 0xDD70, 0xD52F, 0xD52F, 0xDD4F, 0xD52F, 0xD52E,
    0xD52F, 0xD50E, 0xD50E, 0xCD0E, 0xCCEE, 0xCCEE, 0xCCCD, 0xCCCD, 0xCCCD, 0xC4AD, 0xC4AD, 0xC48D, 0xBC6C, 0xBC6D, 0xBC6D, 0xBC6D,
    0xBC6C, 0xBC4C, 0xBC4C, 0xBC4C, 0xBC4C, 0xB44C, 0xB42B, 0xB42C, 0xB42C, 0xB42B, 0xAC0B, 0xABEB, 0xA3CA, 0xA3AA, 0xA38A, 0xABEB,
    0xA3CA, 0x6AA7, 0x3963, 0x28E2, 0x28C1, 0x2902, 0x3943, 0x49C5, 0x6A67, 0x7AE8, 0x7AE8, 0x82E8, 0x82E8, 0x8309, 0x8309, 0x8B29,
    0x936B, 0x6AA8, 0x20A1, 0x3965, 0xBCD1, 0xFED7, 0xFED7, 0xFE75, 0xFE76, 0xFE96, 0xFE96, 0xFE96, 0xFE96, 0xFE96, 0xFE96, 0xFE96,
    0xFE96, 0xFE96, 0xFE96, 0xFE96, 0xFE96, 0xFE96, 0xFE96, 0xFE96, 0xFE96, 0xFE96, 0xFE96, 0xFE96, 0xFE96, 0xFE96, 0xFE96, 0xFE96,
    0xFE96, 0xFE96, 0xFE96, 0xFE96, 0xFE96, 0xFE96, 0xFE96, 0xFE96, 0xFE96, 0xFE96, 0xFE96, 0xFE96, 0xFE96, 0xFE96, 0xFE96, 0xFE96,
    0xFE96, 0xF697, 0x3103, 0x9A69, 0xE38D, 0xD34C, 0xDB4C, 0xDB6C, 0xDB6C, 0xDB6C, 0xDB6C, 0xDB6C, 0xDB6C, 0xDB6C, 0xD36C, 0xDB6C,
    0xE3CE, 0x8A48, 0x0800, 0x838C, 0xFEF8, 0xFE75, 0xFE96, 0xFE96, 0xFE96, 0xFE96, 0xFE96, 0xFE96, 0xFE96, 0xFE96, 0xFE96, 0xFE96,
    0xFE96, 0xFE96, 0xFE96, 0xFE96, 0xFE96, 0xFE96, 0xFE75, 0xFEB6, 0xEE77, 0x3144, 0x0841, 0x39A7, 0x3186, 0x3166, 0x3167, 0x3167,
    0x3187, 0x3187, 0x3187, 0x3187, 0x3187, 0x3187, 0x3987, 0x3987, 0x3987, 0x3987, 0x39A7, 0x39A8, 0x41C8, 0x41C8, 0x41C8, 0x41C8,
    0x41C8, 0x41C8, 0x41E8, 0x41E8, 0x41E9, 0x41E9, 0x49E9, 0x4A09, 0x522A, 0x522A, 0x524A, 0x4A4A, 0x39C7, 0x2965, 0x2945, 0x2945,
    0x634C, 0x52AA, 0x4248, 0x4269, 0x4A89, 0x52EB, 0x5AEB, 0x5AEB, 0x52CA, 0x4A89, 0x4A69, 0x4A69, 0x4A69, 0x4A69, 0x4248, 0x5B0B,
    0x8430, 0x8C91, 0x8450, 0x4A69, 0x4207, 0x4228, 0x4207, 0x4207, 0x39E7, 0x4A89, 0x6B6D, 0x73AE, 0x7BEF, 0x7C0F, 0x7C0F, 0x8430,
    0x8C92, 0x8CB2, 0x8430, 0xAD75, 0xB5D7, 0x6B6D, 0xCE59, 0xFFFF, 0xBE17, 0x6B8D, 0xC638, 0xFFFF, 0xCE78, 0x636C, 0xC658, 0xE71A,
    0x838B, 0xC4CE, 0xDD70, 0xDD90, 0xDD70, 0xDD70, 0xE570, 0xDD70, 0xDD70, 0xDD70, 0xDD4F, 0xD52F, 0xD52F, 0xDD4F, 0xD52F, 0xD52F,
    0xCD0E, 0xD50F, 0xD52F, 0xD50E, 0xCCEE, 0xCCCE, 0xCCCD, 0xCCCD, 0xC4AD, 0xC4AD, 0xC4AD, 0xC48D, 0xBC6D, 0xBC6C, 0xBC6D, 0xBC6C,
    0xBC4C, 0xBC4C, 0xBC4C, 0xBC4C, 0xBC4C, 0xB42C, 0xB42B, 0xB42C, 0xB42B, 0xAC0B, 0xAC0B, 0xAC0B, 0xABEB, 0xABCA, 0xA3AA, 0x9B89,
    0x9B89, 0xA3AA, 0x9B89, 0x9369, 0x8B29, 0x8328, 0x8308, 0x7AC7, 0x7AA7, 0x7287, 0x7287, 0x7287, 0x72A8, 0x7AC8, 0x82E8, 0x8309,
    0x8309, 0x934A, 0x8B4A, 0x49A5, 0x1040, 0x41C6, 0xC553, 0xFEF8, 0xFED7, 0xFE76, 0xFE76, 0xFE96, 0xFE96, 0xFE96, 0xFE96, 0xFE96,
    0xFE96, 0xFE96, 0xFE96, 0xFE96, 0xFE96, 0xFE96, 0xFE96, 0xFE96, 0xFE96, 0xFE96, 0xFE96, 0xFE96, 0xFE96, 0xFE96, 0xFE96, 0xFE96,
    0xFE96, 0xFE96, 0xFE96, 0xFE96, 0xFE96, 0xFE96, 0xFE96, 0xFE96, 0xFE96, 0xFE96, 0xFE96, 0xFE96, 0xFE96, 0xFE96, 0xFE96, 0xFE76,
    0xFE96, 0xEE35, 0x30E3, 0xAACA, 0xDB8C, 0xD34C, 0xDB6C, 0xDB6C, 0xDB6C, 0xDB6C, 0xDB6C, 0xDB6C, 0xDB6C, 0xDB6C, 0xDB6C, 0xDB6C,
    0xDB4B, 0xE3AD, 0x9AA9, 0x0800, 0x9BEE, 0xFF38, 0xFE75, 0xFE96, 0xFE96, 0xFE96, 0xFE96, 0xFE96, 0xFE96, 0xFE96, 0xFE96, 0xFE96,
    0xFE96, 0xFE96, 0xFE96, 0xFE96, 0xFE96, 0xFE75, 0xFEB6, 0xF697, 0x41E7, 0x0000, 0x3186, 0x3187, 0x3166, 0x3166, 0x3166, 0x3166,
    0x3167, 0x3187, 0x3187, 0x3187, 0x3187, 0x3187, 0x3987, 0x3987, 0x3987, 0x3987, 0x3987, 0x39A7, 0x39A8, 0x39A8, 0x41C8, 0x41C8,
    0x41C8, 0x41C8, 0x41E8, 0x41E9, 0x41E9, 0x41E9, 0x49E9, 0x4A09, 0x4A09, 0x4A2A, 0x4A29, 0x522A, 0x4A09, 0x3186, 0x2965, 0x2945,
    0x6BAE, 0x6B6D, 0x52CA, 0x4248, 0x4228, 0x4269, 0x52AA, 0x5AEB, 0x5B2C, 0x5B0B, 0x52AA, 0x4A69, 0x4248, 0x4248, 0x5B0B, 0x9CD2,
    0xBDD6, 0x9CF2, 0x4A69, 0x4207, 0x4A48, 0x4228, 0x4228, 0x4227, 0x3A07, 0x4A89, 0x634C, 0x6B8E, 0x7BEF, 0x7C0F, 0x7C0F, 0x7C30,
    0x8451, 0x8451, 0x8C92, 0x8C71, 0x9CF3, 0x8C72, 0x6B4D, 0xC659, 0xFFFF, 0xC638, 0x6B6D, 0xBE17, 0xFFFF, 0xD6B9, 0x6B8D, 0xB5D6,
    0xDED9, 0xB511, 0xBCEF, 0xD56F, 0xE590, 0xDD6F, 0xDD70, 0xDD70, 0xDD70, 0xDD70, 0xDD50, 0xD52F, 0xD54F, 0xD52F, 0xD52F, 0xD52F,
    0xD52F, 0xD50F, 0xCD0E, 0xCD0E, 0xCCCE, 0xC4CD, 0xC4AD, 0xC4AD, 0xC48D, 0xC48D, 0xC4AD, 0xC48D, 0xBC6D, 0xBC6D, 0xBC6C, 0xBC6C,
    0xBC4C, 0xBC4C, 0xBC4C, 0xBC4C, 0xB42C, 0xB42C, 0xB44C, 0xB42C, 0xB42C, 0xB42B, 0xAC2B, 0xAC0B, 0xAC0B, 0xABEB, 0xABEB, 0xA3AA,
    0x9BAA, 0x9B89, 0x9369, 0x8B28, 0x8308, 0x82E8, 0x7AC7, 0x7AC7, 0x7AC8, 0x7AC7, 0x72A7, 0x7287, 0x7267, 0x7267, 0x7287, 0x7AA7,
    0x7AC8, 0x82E9, 0x8309, 0x938A, 0x7B09, 0x3943, 0x1061, 0x5A69, 0xCD73, 0xFED8, 0xFED7, 0xFE76, 0xFE76, 0xFE96, 0xFE96, 0xFE96,
    0xFE96, 0xFE96, 0xFE96, 0xFE96, 0xFE96, 0xFE96, 0xFE96, 0xFE96, 0xFE96, 0xFE96, 0xFE96, 0xFE96, 0xFE96, 0xFE96, 0xFE96, 0xFE96,
    0xFE96, 0xFE96, 0xFE96, 0xFE96, 0xFE96, 0xFE96, 0xFE96, 0xFE96, 0xFE96, 0xFE96, 0xFE96, 0xFE96, 0xFE96, 0xFE96, 0xFE96, 0xFE76,
    0xFE96, 0xF655, 0x28E3, 0xA2AA, 0xDB8C, 0xD34C, 0xDB4C, 0xDB6C, 0xDB6C, 0xDB6C, 0xDB6C, 0xDB6C, 0xDB6C, 0xDB6C, 0xDB6C, 0xDB6C,
    0xDB6C, 0xDB4B, 0xE3AD, 0xA2CA, 0x1820, 0xAC6F, 0xFF17, 0xFE75, 0xFE96, 0xFE96, 0xFE96, 0xFE96, 0xFE96, 0xFE96, 0xFE96, 0xFE96,
    0xFE96, 0xFE96, 0xFE96, 0xFE96, 0xFE75, 0xFEF7, 0xE636, 0x41A6, 0x0020, 0x3186, 0x3186, 0x3186, 0x3186, 0x3187, 0x3187, 0x3187,
    0x3167, 0x3167, 0x3187, 0x3167, 0x3187, 0x3187, 0x3987, 0x3987, 0x3987, 0x3987, 0x3987, 0x39A7, 0x39A7, 0x39A8, 0x39A8, 0x39A8,
    0x41C8, 0x41C8, 0x41C8, 0x41C8, 0x41E8, 0x41E9, 0x41E8, 0x41E9, 0x49E9, 0x4A09, 0x4A09, 0x4A09, 0x4A29, 0x41E7, 0x3185, 0x2965,
    0x5AEB, 0x6B6D, 0x6B6D, 0x52EB, 0x4248, 0x3A07, 0x4228, 0x4A69, 0x52CA, 0x5B0B, 0x5B0B, 0x52CA, 0x4A89, 0x4A89, 0x73AE, 0xB5D6,
    0xB595, 0x4A69, 0x3A07, 0x4228, 0x4228, 0x4228, 0x4228, 0x4228, 0x3A07, 0x4A89, 0x636D, 0x6B8D, 0x73CF, 0x7C10, 0x7C0F, 0x7C10,
    0x8430, 0x8451, 0x8451, 0x8C71, 0x8C71, 0x94B2, 0x7BEF, 0x630C, 0xBE18, 0xFFFF, 0xCE59, 0x6B6D, 0xAD95, 0xFFFF, 0xE73B, 0x7C0F,
    0x8CB1, 0xE75C, 0xEF1A, 0xBCEF, 0xC4CE, 0xDD70, 0xDD4F, 0xDD70, 0xDD70, 0xDD70, 0xDD50, 0xD54F, 0xDD50, 0xDD50, 0xD52F, 0xD50F,
    0xD50F, 0xD52F, 0xCCEE, 0xCCCE, 0xCCCE, 0xCCCE, 0xC4AD, 0xC4AD, 0xC48D, 0xC48D, 0xC48D, 0xBC6D, 0xC48D, 0xC48D, 0xC48D, 0xC48D,
    0xBC6C, 0xBC4C, 0xBC4C, 0xBC4C, 0xBC4C, 0xBC4C, 0xB44C, 0xB42C, 0xB42C, 0xB42C, 0xB42C, 0xB40B, 0xAC0B, 0xB40B, 0xAC0B, 0xABEB,
    0xA3CA, 0xA3AA, 0x9B89, 0x9349, 0x8B29, 0x8B08, 0x82E8, 0x82E8, 0x82E8, 0x82E8, 0x7AC8, 0x7AC8, 0x7AA8, 0x7AA8, 0x72A7, 0x7287,
    0x7AC8, 0x7B09, 0x72C9, 0x7288, 0x830A, 0x8B8C, 0x72E9, 0x3103, 0x1061, 0x5A48, 0xC552, 0xFED7, 0xFEF7, 0xFE96, 0xFE75, 0xFE76,
    0xFE96, 0xFE96, 0xFE96, 0xFE96, 0xFE96, 0xFE96, 0xFE96, 0xFE96, 0xFE96, 0xFE96, 0xFE96, 0xFE96, 0xFE96, 0xFE96, 0xFE96, 0xFE96,
    0xFE96, 0xFE96, 0xFE96, 0xFE96, 0xFE96, 0xFE96, 0xFE96, 0xFE96, 0xFE96, 0xFE96, 0xFE96, 0xFE96, 0xFE96, 0xFE96, 0xFE96, 0xFE96,
    0xFE96, 0xFEB7, 0x3944, 0x81E7, 0xE3AD, 0xDB4B, 0xD36C, 0xDB6C, 0xDB6C, 0xDB6C, 0xDB6C, 0xDB6C, 0xDB6C, 0xDB6C, 0xDB6C, 0xDB6C,
    0xDB6C, 0xDB6C, 0xD34B, 0xE3AD, 0x9269, 0x2882, 0xDDF4, 0xFEB7, 0xFE96, 0xFE96, 0xFE96, 0xFE96, 0xFE96, 0xFE96, 0xFE96, 0xFE96,
    0xFE96, 0xFE96, 0xFE76, 0xFE96, 0xFF18, 0xD5D4, 0x3103, 0x0821, 0x3186, 0x3186, 0x2986, 0x3186, 0x3187, 0x39C8, 0x39A7, 0x3187,
    0x3187, 0x3167, 0x3167, 0x3167, 0x3187, 0x3187, 0x3987, 0x3987, 0x39A7, 0x39A7, 0x39A7, 0x39A7, 0x39A7, 0x39A7, 0x39A7, 0x39A7,
    0x39A7, 0x39A8, 0x39A8, 0x39C8, 0x41C8, 0x41C8, 0x41C8, 0x41C8, 0x41C8, 0x49E9, 0x49E9, 0x49E9, 0x4A09, 0x4A09, 0x39A7, 0x2924,
    0x4248, 0x52AA, 0x632C, 0x6B6D, 0x5B0B, 0x4269, 0x3A07, 0x39E7, 0x4248, 0x52AA, 0x5B0B, 0x5B2C, 0x5AEB, 0x52CA, 0x5B2C, 0x8450,
    0x52CA, 0x39E7, 0x4228, 0x4228, 0x4228, 0x4228, 0x4227, 0x4227, 0x3A07, 0x4AAA, 0x6B8D, 0x6B8E, 0x73CF, 0x7C10, 0x7C10, 0x7BF0,
    0x7C10, 0x8430, 0x8430, 0x8430, 0x8451, 0x8C92, 0x9CF3, 0x8C71, 0x6B4D, 0xB596, 0xFFFF, 0xD6BA, 0x6B8D, 0x94D2, 0xFFDF, 0xF7DE,
    0x8C71, 0x73AD, 0xDEFB, 0xFFDD, 0x9C2D, 0xBC8D, 0xDD70, 0xD54F, 0xDD4F, 0xDD4F, 0xDD50, 0xDD50, 0xDD50, 0xD52F, 0xD52F, 0xD52F,
    0xD50F, 0xD4EF, 0xCCEE, 0xCCEE, 0xCCCE, 0xCCCE, 0xCCCE, 0xC4AE, 0xC4AE, 0xC48D, 0xC48D, 0xBC6D, 0xC48D, 0xC48D, 0xBC6D, 0xBC6D,
    0xBC6C, 0xBC4C, 0xBC4C, 0xBC4C, 0xBC4C, 0xBC4C, 0xBC4C, 0xB42C, 0xB42C, 0xB42C, 0xB42C, 0xB42C, 0xB40B, 0xB40B, 0xB40B, 0xABEB,
    0xABEB, 0xABCB, 0xA3AA, 0x9B69, 0x9349, 0x8B29, 0x8B29, 0x8B09, 0x8308, 0x82E8, 0x82E8, 0x82E8, 0x82E9, 0x82E9, 0x82E9, 0x832A,
    0x49A4, 0x3984, 0x7BAC, 0x732B, 0x4164, 0x49A5, 0x7B2B, 0x8B8C, 0x6268, 0x20C2, 0x1061, 0x4A06, 0xAC90, 0xF697, 0xFF18, 0xFED7,
    0xFE76, 0xFE75, 0xFE96, 0xFE96, 0xFE96, 0xFE96, 0xFE96, 0xFE96, 0xFE96, 0xFE96, 0xFE96, 0xFE96, 0xFE96, 0xFE96, 0xFE96, 0xFE96,
    0xFE96, 0xFE96, 0xFE96, 0xFE96, 0xFE96, 0xFE96, 0xFE96, 0xFE96, 0xFE96, 0xFE96, 0xFE96, 0xFE96, 0xFE96, 0xFE96, 0xFE96, 0xFE96,
    0xFE76, 0xFEF8, 0x6289, 0x5104, 0xE3CE, 0xD34B, 0xD36C, 0xDB6C, 0xDB6C, 0xDB6C, 0xDB6C, 0xDB6C, 0xDB6C, 0xDB6C, 0xDB6C, 0xDB6C,
    0xDB6C, 0xDB6C, 0xDB6C, 0xDB4B, 0xE3EE, 0x6985, 0x4985, 0xFED7, 0xFE96, 0xFE96, 0xFE96, 0xFE96, 0xFE96, 0xFE96, 0xFE96, 0xFE96,
    0xFE76, 0xFE75, 0xFED7, 0xFED7, 0x8BAC, 0x1041, 0x10A2, 0x3186, 0x3186, 0x3166, 0x2986, 0x3166, 0x3166, 0x31A7, 0x3187, 0x3186,
    0x3167, 0x3167, 0x3167, 0x3166, 0x3167, 0x3187, 0x3187, 0x3187, 0x39A7, 0x39A7, 0x39A7, 0x39A7, 0x39A7, 0x3987, 0x39A7, 0x39A7,
    0x39A7, 0x39A7, 0x39A7, 0x39A8, 0x39A8, 0x39A8, 0x39A8, 0x41A8, 0x41C8, 0x41C8, 0x41C8, 0x49E9, 0x4A09, 0x5229, 0x4187, 0x626B,
    0x4228, 0x4248, 0x4A89, 0x5B0B, 0x6B6D, 0x5B0B, 0x4A69, 0x3A07, 0x31E7, 0x3A07, 0x4A89, 0x5AEB, 0x632C, 0x5B2C, 0x52CA, 0x4248,
    0x3A28, 0x4228, 0x3A28, 0x3A28, 0x3A07, 0x3A28, 0x4208, 0x4208, 0x39E7, 0x52CA, 0x73CF, 0x6BAE, 0x73AF, 0x7C10, 0x8430, 0x7C10,
    0x7C10, 0x7C10, 0x8430, 0x8430, 0x8430, 0x8451, 0x8451, 0x8C92, 0x8C92, 0x6B6E, 0xA514, 0xFFFF, 0xE73C, 0x7BEF, 0x7C0F, 0xEF5C,
    0xFFFF, 0x9D13, 0x632C, 0xC658, 0xF7BD, 0x7B6A, 0xC4CE, 0xD50F, 0xD50F, 0xD52F, 0xD52F, 0xDD4F, 0xD52F, 0xD52F, 0xDD4F, 0xD52F,
    0xCCEE, 0xCCEE, 0xCCEF, 0xCCEE, 0xCCCE, 0xCCCE, 0xC4AE, 0xCCCE, 0xCCCE, 0xC48D, 0xBC6D, 0xBC6D, 0xBC6C, 0xBC6C, 0xBC6D, 0xBC6D,
    0xBC6C, 0xBC6D, 0xBC6C, 0xBC4C, 0xBC4C, 0xBC6D, 0xBC6D, 0xB44C, 0xB44C, 0xB44C, 0xB44C, 0xB42C, 0xB40B, 0xB42C, 0xB40C, 0xB40C,
    0xB40C, 0xAC0B, 0xABEB, 0xA3AA, 0x9B8A, 0x9349, 0x8B29, 0x8B29, 0x8B29, 0x8B09, 0x8309, 0x8309, 0x8309, 0x8309, 0x8309, 0x72A8,
    0x6B0A, 0x3122, 0x2102, 0x7BAD, 0x8C4F, 0x41A5, 0x28E2, 0x6AEA, 0x83CD, 0x5247, 0x20E2, 0x2924, 0x20E3, 0x2923, 0x838C, 0xD5D4,
    0xFEB7, 0xFEF8, 0xFEB6, 0xFE76, 0xFE76, 0xFE96, 0xFE96, 0xFE96, 0xFE96, 0xFE96, 0xFE96, 0xFE96, 0xFE96, 0xFE96, 0xFE96, 0xFE96,
    0xFE96, 0xFE96, 0xFE96, 0xFE96, 0xFE96, 0xFE96, 0xFE96, 0xFE96, 0xFE96, 0xFE96, 0xFE96, 0xFE96, 0xFE96, 0xFE96, 0xFE96, 0xFE96,
    0xFE76, 0xFED7, 0xC512, 0x2841, 0xC34C, 0xDB6C, 0xD36C, 0xDB4C, 0xDB6C, 0xDB6C, 0xDB6C, 0xDB6C, 0xDB6C, 0xDB6C, 0xDB6C, 0xDB6C,
    0xDB6C, 0xDB6C, 0xDB4C, 0xDB6C, 0xDB4C, 0xD38D, 0x2881, 0xAC4F, 0xFEF8, 0xFE75, 0xFE96, 0xFE96, 0xFE96, 0xFE96, 0xFE76, 0xFE75,
    0xFED6, 0xFEF8, 0xCD73, 0x41C6, 0x0000, 0x2104, 0x31A7, 0x3186, 0x3186, 0x3186, 0x3186, 0x2986, 0x2966, 0x2966, 0x2966, 0x2966,
    0x3166, 0x3166, 0x3166, 0x3166, 0x3167, 0x3166, 0x3187, 0x3187, 0x3987, 0x3987, 0x39A7, 0x3987, 0x3987, 0x3987, 0x3987, 0x3987,
    0x3987, 0x39A7, 0x39A7, 0x39A7, 0x39A7, 0x39A8, 0x39A8, 0x39A8, 0x41A8, 0x41A8, 0x41A8, 0x49C8, 0x5209, 0x41A7, 0x832D, 0xB492,
    0x4248, 0x4228, 0x4248, 0x4A69, 0x5AEB, 0x634C, 0x632C, 0x52AA, 0x3A28, 0x39E7, 0x39E7, 0x4248, 0x52EB, 0x632C, 0x634C, 0x5B0B,
    0x4A89, 0x4228, 0x3A28, 0x3A28, 0x3A07, 0x3A07, 0x3A07, 0x4207, 0x39E7, 0x52CA, 0x7C30, 0x73CF, 0x73AE, 0x7BEF, 0x7C10, 0x8430,
    0x8430, 0x8430, 0x8430, 0x8450, 0x8450, 0x8430, 0x8451, 0x8451, 0x8C71, 0x8C72, 0x6B6D, 0x8C51, 0xF7BE, 0xF7BE, 0x8C71, 0x634C,
    0xD69A, 0xFFFF, 0xAD95, 0x632C, 0xC658, 0xCE37, 0x7B2A, 0xCCEF, 0xCCEE, 0xD52F, 0xD52F, 0xD52F, 0xD50F, 0xD50F, 0xD52F, 0xD50F,
    0xD50F, 0xCCEE, 0xCCEF, 0xCCEF, 0xCCCE, 0xCCCE, 0xC4AE, 0xC4AE, 0xCCCE, 0xC4AE, 0xC4AD, 0xC48D, 0xBC6C, 0xBC4C, 0xBC6C, 0xBC4C,
    0xBC6C, 0xBC6C, 0xBC6C, 0xBC6C, 0xBC4C, 0xBC6D, 0xBC6D, 0xBC6D, 0xBC4C, 0xBC4C, 0xB44C, 0xB42C, 0xB42C, 0xB42C, 0xB42C, 0xB40C,
    0xB40B, 0xAC0B, 0xAC0B, 0xAC0C, 0xABEB, 0xA38A, 0x9349, 0x8B08, 0x8B08, 0x8B09, 0x8B29, 0x8B29, 0x8B29, 0x834A, 0x836B, 0x28E1,
    0x41A5, 0x8C2F, 0x5268, 0x1881, 0x5AA9, 0x9CD1, 0x5288, 0x1060, 0x4A47, 0x9CB1, 0x6B2B, 0x2103, 0x4A48, 0x52AA, 0x18C3, 0x0800,
    0x41A5, 0x9C0E, 0xE615, 0xFF18, 0xFEF8, 0xFEB7, 0xFE76, 0xFE76, 0xFE76, 0xFE76, 0xFE96, 0xFE96, 0xFE96, 0xFE96, 0xFE96, 0xFE96,
    0xFE96, 0xFE96, 0xFE96, 0xFE96, 0xFE96, 0xFE96, 0xFE96, 0xFE96, 0xFE96, 0xFE96, 0xFE96, 0xFE96, 0xFE96, 0xFE96, 0xFE96, 0xFE96,
    0xFE96, 0xFE76, 0xFEF8, 0x49A5, 0x7185, 0xE3AD, 0xD34C, 0xDB6C, 0xDB6C, 0xDB6C, 0xDB6C, 0xDB6C, 0xDB6C, 0xDB6C, 0xDB6C, 0xDB6C,
    0xDB6C, 0xDB6C, 0xDB6C, 0xDB6C, 0xDB4B, 0xE3AD, 0x8A49, 0x3903, 0xF697, 0xFE96, 0xFE96, 0xFE96, 0xFE76, 0xFE76, 0xFED7, 0xFF18,
    0xD5B3, 0x62A9, 0x0821, 0x0862, 0x3186, 0x31A7, 0x3186, 0x3186, 0x3186, 0x3186, 0x3186, 0x2986, 0x2966, 0x3166, 0x2966, 0x2966,
    0x3166, 0x3166, 0x3166, 0x3166, 0x3167, 0x3166, 0x3187, 0x3187, 0x3187, 0x3187, 0x3187, 0x3187, 0x3187, 0x3987, 0x3987, 0x3987,
    0x3987, 0x39A7, 0x39A7, 0x39A7, 0x39A7, 0x39A8, 0x39A8, 0x39A7, 0x41A8, 0x41A8, 0x41C8, 0x49C8, 0x4166, 0x72AA, 0xC4B2, 0xA38D,
    0x4A69, 0x4228, 0x4228, 0x4228, 0x4269, 0x52CA, 0x632C, 0x634C, 0x52CA, 0x4248, 0x39E7, 0x31E7, 0x4228, 0x52AA, 0x5B2C, 0x636D,
    0x632C, 0x52AA, 0x4248, 0x3A07, 0x3A07, 0x3A07, 0x3A07, 0x3A07, 0x31C6, 0x5B0B, 0x8451, 0x7C10, 0x73AF, 0x73CF, 0x7C10, 0x8430,
    0x8430, 0x8430, 0x8430, 0x8430, 0x8430, 0x8430, 0x8431, 0x8451, 0x8451, 0x8451, 0x8C51, 0x6B6D, 0x7C10, 0xEF5D, 0xFFFF, 0x9CF3,
    0x52AA, 0xBE17, 0xFFFF, 0xBE17, 0x632C, 0xAD95, 0xB533, 0xAC6E, 0xBC6C, 0xCD0E, 0xD52F, 0xCCEE, 0xCCEE, 0xD50E, 0xD50E, 0xCCEE,
    0xCCEF, 0xCCEF, 0xCCCE, 0xC4AE, 0xCCCE, 0xC4AE, 0xC4AE, 0xCCCE, 0xC4AE, 0xC48D, 0xC48D, 0xC4AD, 0xC48D, 0xBC4C, 0xBC4C, 0xBC4C,
    0xBC6C, 0xBC6C, 0xBC6C, 0xBC6C, 0xBC6C, 0xBC6D, 0xBC6D, 0xBC6D, 0xBC4D, 0xBC4C, 0xBC4C, 0xBC4C, 0xBC4C, 0xBC4C, 0xBC2C, 0xB42C,
    0xB40C, 0xB40B, 0xAC0C, 0xB40C, 0xAC0C, 0xABEB, 0xA3AA, 0x9B6A, 0x9329, 0x9329, 0x8B29, 0x8B29, 0x8B2A, 0x72E9, 0x5A87, 0x7B8C,
    0x2923, 0x2923, 0x9470, 0x8C2F, 0x2923, 0x2943, 0x7B8D, 0x734C, 0x20E2, 0x39A5, 0x9CB1, 0x7BAD, 0x18A2, 0x39C6, 0x9471, 0x6B2C,
    0x0840, 0x0000, 0x2924, 0x4A07, 0xA490, 0xE615, 0xFEF8, 0xFF18, 0xFED7, 0xFE96, 0xFE76, 0xFE76, 0xFE96, 0xFE96, 0xFE96, 0xFE96,
    0xFE96, 0xFE96, 0xFE96, 0xFE96, 0xFE96, 0xFE96, 0xFE96, 0xFE96, 0xFE96, 0xFE96, 0xFE96, 0xFE96, 0xFE96, 0xFE96, 0xFE96, 0xFE96,
    0xFE96, 0xFE76, 0xFED7, 0xC552, 0x2861, 0xC34C, 0xDB6C, 0xDB4C, 0xDB4C, 0xDB4C, 0xDB6C, 0xDB6C, 0xDB6C, 0xDB6C, 0xDB6C, 0xDB6C,
    0xDB6C, 0xDB6C, 0xDB6C, 0xDB6C, 0xDB6C, 0xDB6C, 0xCB8C, 0x3082, 0xBCF1, 0xFED7, 0xFE75, 0xFEB6, 0xFEF8, 0xFEF7, 0xCD73, 0x6AC9,
    0x1061, 0x0020, 0x2145, 0x31A7, 0x3186, 0x3186, 0x3186, 0x3186, 0x3186, 0x3186, 0x3186, 0x2986, 0x2966, 0x3166, 0x2966, 0x2966,
    0x3166, 0x3166, 0x3166, 0x3166, 0x3166, 0x3166, 0x3186, 0x3186, 0x3186, 0x3186, 0x3186, 0x3186, 0x3186, 0x3987, 0x3987, 0x3987,
    0x3987, 0x39A7, 0x39A7, 0x39A7, 0x39A7, 0x39A8, 0x39A8, 0x39A7, 0x39A7, 0x41A8, 0x3966, 0x41A6, 0x8B4C, 0xC4B1, 0xB3EF, 0xA34C,
    0x52AA, 0x4A89, 0x4228, 0x3A28, 0x4228, 0x4248, 0x4AAA, 0x5B0B, 0x634C, 0x5B0B, 0x4A69, 0x3A07, 0x31E6, 0x3A07, 0x4A89, 0x5B0B,
    0x636D, 0x634C, 0x52EB, 0x4A69, 0x3A28, 0x3A07, 0x3A07, 0x3A07, 0x31C6, 0x634C, 0x8450, 0x7C10, 0x73CF, 0x73AE, 0x7BEF, 0x8430,
    0x8451, 0x8450, 0x8430, 0x8430, 0x8430, 0x8430, 0x8451, 0x8451, 0x8451, 0x8451, 0x8C51, 0x8C51, 0x6B6D, 0x6B8E, 0xD6BA, 0xFFFF,
    0xB5B6, 0x4A69, 0xA513, 0xFFFF, 0xD699, 0x6B4D, 0x8430, 0xCE16, 0xC552, 0xB44C, 0xC4CE, 0xD50E, 0xCCEE, 0xCD0F, 0xCD0F, 0xCCEE,
    0xCCEE, 0xCCEE, 0xC4AE, 0xC4AE, 0xC4AE, 0xC4AE, 0xC4AE, 0xC4AD, 0xC48D, 0xBC6C, 0xC48D, 0xC48D, 0xC48D, 0xC48D, 0xBC6D, 0xBC4C,
    0xB42C, 0xBC4C, 0xBC6C, 0xBC6C, 0xBC6D, 0xBC6D, 0xBC6D, 0xBC6C, 0xBC6C, 0xBC6D, 0xBC6D, 0xBC6C, 0xBC6D, 0xBC4D, 0xBC4C, 0xBC2C,
    0xB42C, 0xB42C, 0xB40C, 0xB40C, 0xB40C, 0xABEB, 0xA3CB, 0xA3AA, 0x9B6A, 0x936A, 0x9349, 0x8B29, 0x8B6B, 0x49A4, 0x20E1, 0x4A27,
    0x9470, 0x4A48, 0x18A1, 0x83CE, 0xB574, 0x4206, 0x1060, 0x736C, 0xA512, 0x4207, 0x10A1, 0x738D, 0x8C50, 0x3165, 0x2924, 0x9CD2,
    0x9CF2, 0x41E7, 0x62EB, 0x6B8D, 0x0000, 0x20C2, 0x41A5, 0x836B, 0xD593, 0xFE97, 0xFF18, 0xFF18, 0xFED7, 0xFE96, 0xFE76, 0xFE76,
    0xFE76, 0xFE96, 0xFE96, 0xFE96, 0xFE96, 0xFE96, 0xFE96, 0xFE96, 0xFE96, 0xFE96, 0xFE96, 0xFE96, 0xFE96, 0xFE96, 0xFE96, 0xFE96,
    0xFE96, 0xFE96, 0xFE75, 0xFF18, 0x6288, 0x48A2, 0xDBAD, 0xD34B, 0xD34C, 0xDB4C, 0xDB6C, 0xDB6C, 0xDB6C, 0xDB6C, 0xDB6C, 0xDB6C,
    0xDB6C, 0xDB6C, 0xDB6C, 0xDB6C, 0xDB6C, 0xD34B, 0xDBCC, 0x6185, 0x832B, 0xFF79, 0xFEF7, 0xEE55, 0xA46F, 0x49E6, 0x1040, 0x0021,
    0x2104, 0x31A6, 0x3186, 0x2986, 0x3186, 0x3186, 0x3186, 0x3186, 0x3186, 0x3166, 0x3186, 0x3166, 0x2966, 0x3166, 0x2966, 0x2966,
    0x2966, 0x2966, 0x2966, 0x2966, 0x3166, 0x3166, 0x3166, 0x3166, 0x3166, 0x3166, 0x3166, 0x3186, 0x3186, 0x3987, 0x3987, 0x3987,
    0x39A7, 0x39A7, 0x39A7, 0x39A7, 0x39A7, 0x39A8, 0x39A8, 0x41A7, 0x39A8, 0x3966, 0x6269, 0xB470, 0xC4D1, 0xB3EE, 0xAB6C, 0x92EA,
    0x52CA, 0x52AA, 0x4A69, 0x4228, 0x3A07, 0x4228, 0x4228, 0x4A69, 0x5AEB, 0x634C, 0x5B2B, 0x52A9, 0x4228, 0x39E7, 0x3A07, 0x4268,
    0x52EB, 0x634C, 0x636D, 0x5B0B, 0x4AAA, 0x4228, 0x3A07, 0x3A07, 0x39E7, 0x634D, 0x7BEF, 0x8451, 0x7C10, 0x73AE, 0x7BEF, 0x8431,
    0x8C71, 0x8451, 0x8451, 0x8451, 0x8451, 0x8451, 0x8431, 0x8430, 0x7C30, 0x8430, 0x8430, 0x8431, 0x8431, 0x6B6D, 0x5B0C, 0xBDD7,
    0xFFFF, 0xCE79, 0x4A89, 0x7C0F, 0xFFFF, 0xF79E, 0x8410, 0x630C, 0xC5D6, 0xE6D9, 0xC552, 0xB46D, 0xBCAD, 0xCCEE, 0xCCEE, 0xCCEE,
    0xCCEE, 0xCCEE, 0xC4CE, 0xC4AE, 0xC48E, 0xC48D, 0xC48D, 0xC48D, 0xBC6C, 0xBC4C, 0xBC6C, 0xBC6C, 0xBC6D, 0xC48D, 0xC48D, 0xC48D,
    0xB42C, 0xB42C, 0xBC4C, 0xBC6C, 0xBC6C, 0xBC6C, 0xBC6C, 0xBC6C, 0xBC6C, 0xBC6C, 0xBC6C, 0xBC4C, 0xBC4C, 0xBC4D, 0xBC4D, 0xBC4C,
    0xBC2C, 0xB42C, 0xB40C, 0xB40C, 0xAC0C, 0xABEB, 0xA3CB, 0xA3AB, 0x9B8A, 0x936A, 0x936A, 0x934A, 0x8BAD, 0x3964, 0x5AC9, 0x4206,
    0x3164, 0x9471, 0x83CE, 0x20E2, 0x4A27, 0xA513, 0x6B2B, 0x18A1, 0x6B2B, 0xBDD5, 0x630A, 0x1081, 0x630B, 0xA513, 0x4A28, 0x18C2,
    0x8C50, 0xC5F7, 0x5ACA, 0xAD54, 0xA534, 0x39C7, 0x630C, 0x4228, 0x0820, 0x20C3, 0x6268, 0x9C0E, 0xCD53, 0xFE76, 0xFEF8, 0xFF18,
    0xFEF7, 0xFEB7, 0xFE96, 0xFE76, 0xFE76, 0xFE76, 0xFE76, 0xFE96, 0xFE96, 0xFE96, 0xFE96, 0xFE96, 0xFE96, 0xFE96, 0xFE96, 0xFE96,
    0xFE96, 0xFE96, 0xFE96, 0xFEB6, 0xEE96, 0x30E2, 0x6986, 0xE3CD, 0xD34B, 0xDB4C, 0xDB6C, 0xDB6C, 0xDB4C, 0xDB4C, 0xDB4C, 0xDB4C,
    0xDB4C, 0xD36B, 0xD36B, 0xDB6B, 0xDB6C, 0xE36C, 0xEBED, 0xA2CA, 0x49E6, 0xB512, 0x62A9, 0x20A2, 0x0000, 0x1061, 0x2924, 0x3186,
    0x3186, 0x2966, 0x2966, 0x2966, 0x2966, 0x2966, 0x3166, 0x2966, 0x3166, 0x3166, 0x2966, 0x2965, 0x2945, 0x2965, 0x2945, 0x2945,
    0x2945, 0x2945, 0x2945, 0x2945, 0x3145, 0x2966, 0x3166, 0x3166, 0x3166, 0x3166, 0x3166, 0x3166, 0x3166, 0x3186, 0x3186, 0x3987,
    0x3987, 0x3987, 0x39A7, 0x39A7, 0x39A7, 0x39A7, 0x41A8, 0x39A8, 0x3966, 0x7B0C, 0xCCF2, 0xC470, 0xABCD, 0xAB8C, 0xA34B, 0x92C9,
    0x5AEB, 0x52CA, 0x52AA, 0x4A69, 0x4228, 0x4228, 0x3A28, 0x3A27, 0x4268, 0x52CA, 0x632B, 0x5B2B, 0x52CA, 0x4A68, 0x39E7, 0x31E6,
    0x3A07, 0x4AAA, 0x5B2C, 0x634C, 0x632C, 0x52CA, 0x4248, 0x3A07, 0x3A07, 0x634C, 0x73CF, 0x8C92, 0x7C30, 0x73CF, 0x7C10, 0x8430,
    0x8451, 0x8451, 0x8C71, 0x8451, 0x8431, 0x8431, 0x8431, 0x8451, 0x8430, 0x7C10, 0x8430, 0x8410, 0x8431, 0x8430, 0x6B8E, 0x5AEB,
    0x9CF3, 0xFFFF, 0xEF5C, 0x5AEB, 0x5ACB, 0xDEFB, 0xFFFF, 0xAD75, 0x52CA, 0x8C91, 0xEF5C, 0xEEFA, 0xB4D0, 0xA40B, 0xC4CD, 0xCCCE,
    0xC4CE, 0xC4CE, 0xC4CE, 0xC4CE, 0xC4AE, 0xC4AE, 0xC48D, 0xC48D, 0xC48D, 0xC48D, 0xBC6D, 0xBC4C, 0xBC6D, 0xBC6C, 0xBC6D, 0xC4AD,
    0xBC6D, 0xBC6C, 0xB42C, 0xB42B, 0xBC4C, 0xBC6C, 0xBC6D, 0xBC6D, 0xBC6D, 0xBC6D, 0xBC6D, 0xBC6C, 0xBC4D, 0xBC4D, 0xBC4D, 0xBC4D,
    0xBC4D, 0xBC4C, 0xB42C, 0xB40C, 0xAC0C, 0xABEB, 0xA3CB, 0xA3AB, 0x9B8A, 0x936A, 0x9B6A, 0x8309, 0x730B, 0x4A27, 0x5289, 0x736C,
    0x20E2, 0x5248, 0x8C0F, 0xA4F2, 0x2944, 0x2923, 0xA4F2, 0x9CD2, 0x3164, 0x3185, 0xA4F2, 0x8C50, 0x20E3, 0x4A48, 0xAD54, 0x736D,
    0x18C2, 0x738D, 0xD699, 0x7BAE, 0x9491, 0xA513, 0xAD34, 0xD679, 0xB596, 0x4A69, 0x5AEB, 0x2985, 0x1081, 0x28E3, 0x5A07, 0x93AC,
    0xBCD1, 0xDDD5, 0xF676, 0xFEF8, 0xFF18, 0xFF17, 0xFEF7, 0xFED7, 0xFEB6, 0xFE96, 0xFE96, 0xFE76, 0xFE76, 0xFE76, 0xFE76, 0xFE76,
    0xFE75, 0xFE76, 0xFE76, 0xFE75, 0xFED7, 0xCDD3, 0x2041, 0x79A6, 0xE3CE, 0xDB4B, 0xDB4B, 0xDB4C, 0xDB4C, 0xDB6C, 0xDB6C, 0xE36C,
    0xE38D, 0xE3AD, 0xDBAD, 0xD38D, 0xCB4C, 0xAACA, 0x7207, 0x3903, 0x0840, 0x0000, 0x0820, 0x18C3, 0x3165, 0x3185, 0x3165, 0x2965,
    0x2965, 0x2965, 0x2965, 0x2965, 0x2965, 0x2965, 0x2965, 0x2965, 0x2965, 0x2965, 0x2945, 0x2945, 0x2945, 0x2945, 0x2945, 0x2945,
    0x2945, 0x2945, 0x2945, 0x2945, 0x2945, 0x2945, 0x2966, 0x3166, 0x3166, 0x3166, 0x3166, 0x3166, 0x3166, 0x3166, 0x3166, 0x3166,
    0x3166, 0x3186, 0x3987, 0x3987, 0x3987, 0x3987, 0x39A7, 0x3166, 0x830C, 0xCCF2, 0xBC2E, 0xA3AC, 0xA34B, 0xA32B, 0xA32B, 0x92C9,
    0x5AEB, 0x5AEB, 0x52CA, 0x52AA, 0x4A89, 0x4248, 0x4228, 0x4228, 0x4227, 0x4248, 0x52A9, 0x5AEB, 0x5B0B, 0x5AEB, 0x4A89, 0x3A27,
    0x31C6, 0x31E7, 0x4268, 0x5AEB, 0x634C, 0x634C, 0x5AEB, 0x4269, 0x4269, 0x6B8E, 0x7BEF, 0x8C91, 0x8451, 0x7C10, 0x7C10, 0x8431,
    0x8C71, 0x8C71, 0x8C71, 0x8451, 0x8431, 0x8431, 0x8431, 0x7C30, 0x7C10, 0x8430, 0x7C10, 0x8410, 0x7C10, 0x7BF0, 0x7C10, 0x738E,
    0x5AEB, 0x8410, 0xE75C, 0xFFFF, 0x7BEF, 0x39E7, 0xA534, 0xFFFF, 0xD6DA, 0x636C, 0x5B2C, 0xC638, 0xFFFF, 0xCDF6, 0x9BEC, 0xBC8C,
    0xC4CE, 0xC4AE, 0xC4CE, 0xCCCE, 0xCCCE, 0xCCCE, 0xC4AE, 0xC4AD, 0xC4AD, 0xC48D, 0xC48D, 0xBC6D, 0xBC6D, 0xB42C, 0xB42B, 0xB42B,
    0xB42C, 0xBC6C, 0xBC6C, 0xBC4C, 0xBC4C, 0xBC6D, 0xBC6D, 0xBC6D, 0xBC6D, 0xBC6D, 0xBC6D, 0xBC6D, 0xBC6D, 0xBC6D, 0xBC4D, 0xBC4D,
    0xBC4D, 0xBC4D, 0xB42C, 0xB40C, 0xAC0C, 0xABEB, 0xA3CB, 0xA3AB, 0x9B8A, 0x936A, 0x9B8B, 0x6A88, 0x3985, 0x62CA, 0x4A27, 0x7BAD,
    0x39A5, 0x9450, 0x20C2, 0x6B0B, 0xA4F3, 0x5AAA, 0x18C2, 0x83EE, 0xB575, 0x4227, 0x2103, 0x9CB1, 0xAD54, 0x3185, 0x3185, 0xA514,
    0x9CB2, 0x2103, 0x528A, 0xDEDA, 0x9CB2, 0x840F, 0xCE59, 0xB596, 0x94B2, 0xCE58, 0xD6BA, 0xDEDA, 0x9D13, 0x6B8D, 0x31C6, 0x2103,
    0x1082, 0x18A2, 0x20C2, 0x4A07, 0x732A, 0x940E, 0xACD1, 0xC573, 0xDE15, 0xF676, 0xFED7, 0xFED7, 0xFF18, 0xFF18, 0xFF18, 0xFF18,
    0xFEF7, 0xFEF7, 0xFEF7, 0xFEF7, 0xFEF6, 0xFF58, 0xD5B3, 0x28E2, 0x8207, 0xDBCE, 0xDBCD, 0xDBAD, 0xDBAD, 0xD36C, 0xC36C, 0xBB0B,
    0x9A69, 0x8208, 0x5945, 0x30A2, 0x2061, 0x1041, 0x0841, 0x10A2, 0x2124, 0x2965, 0x3186, 0x3165, 0x2945, 0x2945, 0x2965, 0x2965,
    0x2965, 0x2965, 0x2965, 0x2965, 0x2965, 0x2965, 0x2945, 0x2965, 0x2965, 0x2945, 0x2945, 0x2945, 0x2945, 0x2945, 0x2945, 0x2945,
    0x2945, 0x2945, 0x2945, 0x2945, 0x2925, 0x2945, 0x2945, 0x2945, 0x2945, 0x2945, 0x2945, 0x2945, 0x2945, 0x2945, 0x2945, 0x3145,
    0x3145, 0x3166, 0x3166, 0x3166, 0x3166, 0x3987, 0x3146, 0x6207, 0xBC71, 0xBC0E, 0xABCD, 0xA36B, 0x9B0A, 0x9B0A, 0x9B0A, 0x8A88,
    0x5AEB, 0x5B0B, 0x5B0B, 0x52CA, 0x52AA, 0x4A89, 0x4248, 0x4228, 0x4228, 0x4227, 0x4228, 0x4A89, 0x52AA, 0x5AEA, 0x5AEA, 0x4A89,
    0x3A27, 0x31C6, 0x31C6, 0x3A07, 0x4AAA, 0x5B0C, 0x632C, 0x5AEB, 0x5B0B, 0x7BEF, 0x7BEF, 0x8C71, 0x8C71, 0x8451, 0x8430, 0x8430,
    0x8431, 0x8C71, 0x8C71, 0x8451, 0x8451, 0x8451, 0x7C10, 0x7C10, 0x7C10, 0x7C10, 0x7C10, 0x7C30, 0x7C30, 0x7C10, 0x7C10, 0x8430,
    0x73AE, 0x632C, 0x634C, 0xC638, 0xFFFF, 0xB5B6, 0x39E7, 0x6B6D, 0xEF9D, 0xFFFF, 0x9CF3, 0x4A8A, 0x8C92, 0xF7DF, 0xE6FA, 0x9BEC,
    0xB42C, 0xC48D, 0xBC8D, 0xC4AD, 0xC4AE, 0xC4AE, 0xC4AD, 0xC4AD, 0xC48D, 0xC48D, 0xC4AD, 0xC4AD, 0xC48D, 0xC48D, 0xC48D, 0xBC6C,
    0xB42B, 0xB42C, 0xBC4C, 0xBC4C, 0xBC4C, 0xBC4C, 0xBC4C, 0xBC4C, 0xBC6D, 0xBC6D, 0xBC6D, 0xBC6D, 0xBC6D, 0xBC6D, 0xBC6D, 0xBC4D,
    0xBC4D, 0xBC4D, 0xBC4C, 0xB42C, 0xB40C, 0xABEB, 0xABCB, 0xA3AB, 0x9B8A, 0x9B6A, 0x8B8B, 0x3143, 0x1080, 0x39A5, 0x3185, 0x6B2B,
    0x3985, 0x9491, 0x3164, 0x62CA, 0x5289, 0xA4F2, 0x840F, 0x18A1, 0x5AAA, 0xB595, 0x6B4C, 0x2103, 0x8C2F, 0xBDD6, 0x4A48, 0x2103,
    0x9CD2, 0xBDD6, 0x4A48, 0x4228, 0xE71B, 0xE73C, 0x94B2, 0xBDF7, 0xCE58, 0x7BEF, 0xD6BA, 0xAD75, 0xB595, 0xCE79, 0xA533, 0x8450,
    0x8430, 0x6BAE, 0x530C, 0x4249, 0x2986, 0x18C3, 0x0020, 0x0841, 0x1882, 0x2903, 0x39A5, 0x49E7, 0x6289, 0x72EB, 0x7B4C, 0x8BCD,
    0x9C6F, 0xACD0, 0xACB0, 0xAC8F, 0xB511, 0xB4D0, 0xACD0, 0x62EA, 0x0000, 0x4965, 0x5965, 0x5124, 0x38E3, 0x2881, 0x2061, 0x1881,
    0x0840, 0x0841, 0x0861, 0x10A2, 0x20E4, 0x2945, 0x2965, 0x3165, 0x2965, 0x2965, 0x2945, 0x2945, 0x2945, 0x2945, 0x2965, 0x2965,
    0x2965, 0x2965, 0x2965, 0x2965, 0x2945, 0x2945, 0x2945, 0x2945, 0x2945, 0x2945, 0x2945, 0x2945, 0x2945, 0x2945, 0x2945, 0x2945,
    0x2945, 0x2945, 0x2945, 0x2945, 0x2945, 0x2945, 0x2945, 0x2945, 0x2945, 0x2945, 0x2925, 0x2925, 0x2925, 0x2925, 0x2925, 0x2925,
    0x2925, 0x2945, 0x3145, 0x3145, 0x3166, 0x3166, 0x3145, 0x9B8D, 0xB40E, 0xABCD, 0xABCD, 0xA36B, 0x9B0A, 0x92EA, 0x92E9, 0x8267,
    0x52CA, 0x5B0B, 0x5B2C, 0x5AEB, 0x52CA, 0x52AA, 0x4A89, 0x4248, 0x4228, 0x4228, 0x3A07, 0x3A27, 0x4248, 0x4A69, 0x52A9, 0x52AA,
    0x4A89, 0x4227, 0x31C6, 0x31A6, 0x39E7, 0x4269, 0x52EB, 0x5B2C, 0x6B6D, 0x7C10, 0x7BEF, 0x8C71, 0x8C92, 0x8C92, 0x7C10, 0x7C10,
    0x8430, 0x8430, 0x8C71, 0x8C92, 0x8C71, 0x8451, 0x7C10, 0x7C10, 0x8430, 0x8410, 0x8430, 0x8430, 0x8430, 0x7C30, 0x8430, 0x8430,
    0x7BF0, 0x73CF, 0x8451, 0x5AEB, 0x9492, 0xFFFF, 0xE73C, 0x5B0B, 0x4248, 0xBDF7, 0xFFFF, 0xCE79, 0x630C, 0x634C, 0xDEFB, 0xF77D,
    0xB4D0, 0xA3EB, 0xBC6C, 0xC48D, 0xC48D, 0xC4AE, 0xC4AE, 0xC4CE, 0xC4AD, 0xC4AD, 0xCCCE, 0xC4AD, 0xBC6D, 0xC48D, 0xC4AE, 0xC48D,
    0xBC6D, 0xBC6D, 0xBC4C, 0xBC4C, 0xBC4C, 0xB42C, 0xB42C, 0xBC2C, 0xBC2C, 0xBC4C, 0xBC4D, 0xBC4D, 0xBC4D, 0xBC4D, 0xBC4D, 0xBC4D,
    0xBC4D, 0xBC4D, 0xBC2C, 0xB42C, 0xB40C, 0xABEB, 0xABCB, 0xA3AB, 0xA38A, 0x9BAC, 0x732A, 0x39C5, 0x2943, 0x3144, 0x3164, 0x39A5,
    0x3164, 0x736D, 0x39A5, 0x9470, 0x4A27, 0x41E7, 0xA4D2, 0x9CB1, 0x3164, 0x39A5, 0xB574, 0x9CB1, 0x2924, 0x630B, 0xCE38, 0x738D,
    0x18E2, 0x7BCE, 0xDEDA, 0x8C71, 0x4A48, 0xCE99, 0xE75C, 0xAD74, 0xCE58, 0xD699, 0x840F, 0xE73C, 0x94B2, 0xA513, 0xCE79, 0x9CF3,
    0x7BEF, 0x8C71, 0x8C92, 0x94B3, 0x8C72, 0x8410, 0x5ACB, 0x4A49, 0x4208, 0x39C7, 0x31A7, 0x31A6, 0x31A6, 0x2964, 0x2123, 0x2123,
    0x1903, 0x18C2, 0x1082, 0x1081, 0x18C2, 0x18C2, 0x1081, 0x18C3, 0x2124, 0x10E3, 0x18E3, 0x2124, 0x2965, 0x31A6, 0x39E7, 0x4A48,
    0x4208, 0x39A6, 0x3186, 0x3186, 0x3166, 0x2965, 0x2945, 0x2945, 0x2945, 0x2945, 0x2945, 0x2945, 0x2945, 0x2945, 0x2945, 0x2945,
    0x2945, 0x2945, 0x2945, 0x2945, 0x2945, 0x2945, 0x2945, 0x2945, 0x2945, 0x2945, 0x2945, 0x2945, 0x2945, 0x2945, 0x2945, 0x2945,
    0x2945, 0x2945, 0x2945, 0x2945, 0x2945, 0x2945, 0x2945, 0x2945, 0x2945, 0x2945, 0x2925, 0x2925, 0x2925, 0x2925, 0x2925, 0x2905,
    0x2925, 0x2925, 0x2925, 0x2945, 0x3166, 0x2905, 0x51E8, 0xB42F, 0xABCC, 0xABAC, 0xA38C, 0x9B4B, 0x930A, 0x92C9, 0x8AA8, 0x8247,
    0x4AAA, 0x5B0B, 0x632C, 0x5B0B, 0x5AEB, 0x52CA, 0x52AA, 0x4A89, 0x4248, 0x4228, 0x4227, 0x3A27, 0x3A27, 0x4228, 0x4A68, 0x4AA9,
    0x52AA, 0x4A89, 0x4228, 0x31E7, 0x31A6, 0x31C6, 0x4228, 0x4A89, 0x6B8D, 0x7C10, 0x73CF, 0x8C71, 0x8C92, 0x8C92, 0x8430, 0x7C10,
    0x7C10, 0x8430, 0x8451, 0x8C71, 0x8431, 0x8430, 0x7C10, 0x7C10, 0x7C10, 0x8430, 0x8451, 0x8430, 0x8430, 0x8430, 0x8431, 0x8430,
    0x8431, 0x73AF, 0x73CF, 0xA535, 0x6B4D, 0x632D, 0xDEFB, 0xFFFF, 0x94B2, 0x4208, 0x8C91, 0xFFFF, 0xF79E, 0x842F, 0x4A8A, 0xAD96,
    0xFFFF, 0xCDF6, 0x8B8A, 0x9BEB, 0xBCAE, 0xC48D, 0xC48D, 0xC48D, 0xC4AE, 0xC4AE, 0xC4AE, 0xC48D, 0xC46D, 0xC48D, 0xC48D, 0xC48D,
    0xC48D, 0xC48D, 0xC48D, 0xC48D, 0xBC6D, 0xBC6D, 0xBC4D, 0xBC2C, 0xB42C, 0xB42C, 0xB42C, 0xBC2C, 0xBC4D, 0xBC4D, 0xBC4D, 0xBC4C,
    0xBC4C, 0xBC4D, 0xBC2C, 0xB42C, 0xB40C, 0xABEB, 0xABCB, 0xA3AB, 0xA3AB, 0x93AB, 0x5A67, 0x4A67, 0x39E6, 0x3185, 0x39A6, 0x39A6,
    0x41E6, 0x4207, 0x39C6, 0x6B6C, 0x5268, 0x736C, 0x736C, 0x630B, 0xB554, 0x5268, 0x2944, 0xB574, 0xAD54, 0x39A5, 0x5AAA, 0xBDD6,
    0x8C70, 0x2944, 0x630B, 0xFFDE, 0xA513, 0x4207, 0xBDF7, 0xD6BA, 0x9CF2, 0xBDD6, 0xC617, 0x9491, 0xE73C, 0xB5B6, 0x8C50, 0xC658,
    0x94D2, 0x73AE, 0x8431, 0x8451, 0x7BF0, 0x7C10, 0x6B8E, 0x52AB, 0x52CB, 0x5AEB, 0x634C, 0x73CC, 0x7C0C, 0x842C, 0x7C0C, 0x7C0D,
    0x6B6B, 0x5289, 0x4A69, 0x4A89, 0x4A89, 0x4A89, 0x5289, 0x4A8A, 0x52AA, 0x52AA, 0x52CA, 0x52AA, 0x52AA, 0x52AA, 0x52AA, 0x528A,
    0x41E8, 0x3166, 0x2945, 0x3145, 0x3145, 0x2965, 0x2965, 0x2965, 0x2965, 0x2965, 0x2945, 0x2945, 0x2945, 0x2945, 0x2945, 0x2945,
    0x2965, 0x2945, 0x2945, 0x2945, 0x2945, 0x2945, 0x2945, 0x2945, 0x2945, 0x2945, 0x2945, 0x2945, 0x2945, 0x2945, 0x2945, 0x2945,
    0x2945, 0x2945, 0x2945, 0x2945, 0x2945, 0x2945, 0x2945, 0x2945, 0x2945, 0x2945, 0x2945, 0x2925, 0x2925, 0x2925, 0x2925, 0x2925,
    0x2925, 0x2925, 0x2945, 0x3145, 0x3166, 0x2904, 0x832C, 0xB40E, 0xA3AC, 0x9B4A, 0x9B2A, 0x9B2A, 0x92E9, 0x8AC9, 0x8267, 0x7A06,
    0x4A69, 0x52CA, 0x632C, 0x632C, 0x5B0B, 0x5AEB, 0x52CA, 0x52AA, 0x4A89, 0x4248, 0x4248, 0x4228, 0x3A27, 0x3A27, 0x4228, 0x4248,
    0x4A89, 0x4AA9, 0x4A89, 0x4248, 0x3A07, 0x31A6, 0x31A6, 0x3A28, 0x73CF, 0x7C0F, 0x7C10, 0x8C71, 0x8C92, 0x8C71, 0x8451, 0x7C10,
    0x7C10, 0x8451, 0x7C10, 0x8430, 0x7C10, 0x7C10, 0x7C10, 0x8430, 0x7C10, 0x8430, 0x8451, 0x8451, 0x8451, 0x8451, 0x8451, 0x8430,
    0x8430, 0x8430, 0x6B6E, 0x6B8E, 0xC618, 0x8430, 0x4A6A, 0xB5B7, 0xFFFF, 0xC638, 0x4A89, 0x6B6D, 0xE75D, 0xFFFF, 0xAD55, 0x4A89,
    0x8450, 0xF7DE, 0xEF7C, 0x8C2E, 0x7B08, 0xBC8D, 0xC4AE, 0xBC8D, 0xC4AE, 0xC4AE, 0xC4AE, 0xC4AE, 0xC4AE, 0xC4AE, 0xC4AE, 0xC4AE,
    0xC4AE, 0xC48D, 0xC48D, 0xC48D, 0xC48D, 0xBC6D, 0xBC6D, 0xBC6D, 0xBC4D, 0xBC2C, 0xB42C, 0xB42C, 0xB42C, 0xBC4D, 0xBC4C, 0xB42C,
    0xB42C, 0xB42C, 0xB42C, 0xB42C, 0xB40C, 0xABEB, 0xABCB, 0xA3AB, 0xA3CB, 0x8B8B, 0x5267, 0x4A67, 0x5288, 0x41E6, 0x3985, 0x41C6,
    0x4A28, 0x39C6, 0x5ACA, 0x39C6, 0x5268, 0x6B4C, 0x7BCE, 0x39A5, 0x9C91, 0x9CB1, 0x7BAE, 0x39A5, 0x9491, 0xBDB5, 0x5289, 0x41E6,
    0xAD33, 0xC617, 0x62EB, 0x630B, 0xF7BD, 0xAD54, 0x4207, 0x8C91, 0xE73B, 0xC638, 0xB5B6, 0xC617, 0x842F, 0xBDD6, 0xE73C, 0xA513,
    0xC638, 0xA534, 0x73CE, 0x8431, 0x8410, 0x7BEF, 0x7BEF, 0x5B0C, 0x5AEB, 0x5B0B, 0x5B0B, 0x6B6B, 0x6B8A, 0x73AA, 0x73AB, 0x73AC,
    0x632A, 0x5288, 0x4A48, 0x4A69, 0x4A69, 0x4A69, 0x4A49, 0x4A69, 0x4A89, 0x4A89, 0x4A69, 0x4A69, 0x528A, 0x528A, 0x528A, 0x4A6A,
    0x41E8, 0x3186, 0x3166, 0x3165, 0x2965, 0x2965, 0x2965, 0x2965, 0x2965, 0x2965, 0x2945, 0x2945, 0x2945, 0x2945, 0x2945, 0x2945,
    0x2945, 0x2966, 0x2945, 0x2945, 0x2945, 0x2945, 0x2945, 0x2945, 0x2945, 0x2945, 0x2945, 0x2945, 0x2945, 0x2945, 0x2945, 0x2945,
    0x2945, 0x2945, 0x2945, 0x2945, 0x2945, 0x2945, 0x2945, 0x2945, 0x2945, 0x2945, 0x2945, 0x2945, 0x2945, 0x2945, 0x2945, 0x2945,
    0x2945, 0x2945, 0x3145, 0x3145, 0x2925, 0x41C7, 0xABEE, 0xB3CD, 0xABCD, 0x9B4A, 0x92E9, 0x92E9, 0x8AC9, 0x8247, 0x7206, 0x7206,
    0x4228, 0x4A69, 0x5AEB, 0x632C, 0x632C, 0x5B2C, 0x5AEB, 0x52CA, 0x52A9, 0x4A89, 0x4268, 0x4248, 0x3A27, 0x3A27, 0x3A27, 0x4228,
    0x4248, 0x4A68, 0x4A89, 0x4A89, 0x4A69, 0x4248, 0x31C6, 0x4248, 0x8450, 0x7BEF, 0x8430, 0x8450, 0x8451, 0x8C71, 0x8430, 0x8430,
    0x8451, 0x8451, 0x7BEF, 0x73CF, 0x7C10, 0x7C10, 0x7C10, 0x8430, 0x7BF0, 0x7C10, 0x8431, 0x8451, 0x8430, 0x8431, 0x8431, 0x8430,
    0x8430, 0x8430, 0x8430, 0x6B8E, 0x6B6D, 0xDEFB, 0xAD75, 0x4249, 0x9492, 0xFFFF, 0xE73C, 0x632C, 0x528A, 0xC638, 0xFFFF, 0xD6BA,
    0x632C, 0x632C, 0xDEDB, 0xFFFF, 0xAD32, 0x6AA8, 0xAC2D, 0xBC8E, 0xBC6D, 0xBC8D, 0xBC8D, 0xC4AD, 0xC4AD, 0xC4CE, 0xC4CE, 0xC4CE,
    0xC4AD, 0xC4AD, 0xC4AD, 0xC48D, 0xBC6D, 0xBC6D, 0xBC6D, 0xBC6D, 0xBC6D, 0xC46D, 0xBC6D, 0xBC6D, 0xB42C, 0xB42C, 0xB42C, 0xB40C,
    0xB40C, 0xB40C, 0xB40C, 0xB40C, 0xABEC, 0xABAB, 0xABAB, 0xA3AB, 0xA3AB, 0x834A, 0x83AC, 0x5287, 0x5A89, 0x5289, 0x39A6, 0x4A07,
    0x4A07, 0x4A07, 0x6B4C, 0x3185, 0x83EF, 0x3185, 0x62EB, 0x5268, 0x9CB2, 0x5269, 0xB574, 0x8C50, 0x39A5, 0x738D, 0xC617, 0x736C,
    0x3185, 0x9CB2, 0xF77D, 0x83EF, 0x5AAA, 0xDEDA, 0xCE99, 0x73CE, 0x634C, 0xC638, 0xD6BA, 0xB5B6, 0xDEDA, 0x9CD2, 0x8C91, 0xD6BA,
    0xBDD7, 0xD6DA, 0xC659, 0x8451, 0x8430, 0x7BEF, 0x7C10, 0x73AE, 0x5B0C, 0x5B0C, 0x5B0B, 0x6B6A, 0x73AA, 0x738A, 0x73AB, 0x73AC,
    0x73AC, 0x6B6C, 0x6B4C, 0x634C, 0x632C, 0x5B0B, 0x5AEB, 0x5AEB, 0x5AEB, 0x5ACB, 0x52CA, 0x52CA, 0x52AA, 0x52AA, 0x52AA, 0x528A,
    0x4208, 0x3186, 0x2945, 0x2965, 0x2965, 0x2965, 0x2965, 0x2965, 0x2965, 0x2966, 0x2946, 0x2946, 0x2945, 0x2965, 0x2965, 0x2945,
    0x2946, 0x2966, 0x2946, 0x2945, 0x2946, 0x2966, 0x2966, 0x2945, 0x2945, 0x2945, 0x2945, 0x2945, 0x2945, 0x2945, 0x2945, 0x2945,
    0x2945, 0x2945, 0x2945, 0x2945, 0x2945, 0x2945, 0x2945, 0x2945, 0x2945, 0x2945, 0x2945, 0x2945, 0x2945, 0x2945, 0x2945, 0x2945,
    0x2945, 0x3145, 0x3145, 0x3145, 0x2924, 0x7B2C, 0xBC2F, 0xB3ED, 0xB3ED, 0xABAC, 0xA36B, 0x9B0A, 0x8A88, 0x7A27, 0x8247, 0x7226,
    0x4228, 0x3A28, 0x4A89, 0x5B0B, 0x632C, 0x634C, 0x632C, 0x52EB, 0x52AA, 0x4AAA, 0x4A89, 0x4248, 0x3A27, 0x3A07, 0x3A27, 0x4227,
    0x4228, 0x4248, 0x4248, 0x4268, 0x4A89, 0x4A89, 0x3A07, 0x5AEB, 0x8C71, 0x8430, 0x7C10, 0x7BEF, 0x8451, 0x8451, 0x8430, 0x7C10,
    0x8430, 0x8C71, 0x7C10, 0x73CF, 0x7C10, 0x8430, 0x7C10, 0x7C10, 0x7C10, 0x8430, 0x8430, 0x8430, 0x8430, 0x8430, 0x7C10, 0x7C10,
    0x8430, 0x8430, 0x8410, 0x8410, 0x6B8E, 0x6B8E, 0xE71C, 0xC638, 0x4A49, 0x6B8D, 0xEF5D, 0xFFFF, 0x8450, 0x4249, 0xA514, 0xFFFF,
    0xF79E, 0x8C50, 0x52AA, 0xB595, 0xFFFF, 0xCE58, 0x6B0A, 0x9C2D, 0xBCEF, 0xB44D, 0xBC6D, 0xC4AE, 0xC4AD, 0xC4AD, 0xC48D, 0xC48D,
    0xC4AD, 0xC4AD, 0xC4AD, 0xBC8D, 0xBC6D, 0xBC6D, 0xBC6D, 0xBC4C, 0xBC4C, 0xBC4C, 0xBC4D, 0xBC4D, 0xBC2C, 0xBC4D, 0xBC4D, 0xBC4D,
    0xBC4D, 0xB42C, 0xB40C, 0xB3EC, 0xB3EC, 0xABCB, 0xABAB, 0xABEC, 0x934A, 0x30E1, 0x7B8B, 0x8C0E, 0x5A68, 0x62AA, 0x4A48, 0x41E6,
    0x4A07, 0x62EA, 0x4A48, 0x5ACA, 0x736D, 0x3185, 0x6B2B, 0x4A48, 0x9CB1, 0x6B2C, 0x738D, 0x6B2B, 0xAD33, 0x4A27, 0x5ACA, 0xBDD6,
    0xA513, 0x5269, 0x9CD2, 0xFFFF, 0x8C50, 0x39E7, 0x94B2, 0xEF5C, 0xD699, 0x6B6D, 0xAD34, 0xD6DA, 0xBDD6, 0xEF5C, 0xE73B, 0x9CD2,
    0xA534, 0xC638, 0xC638, 0x8C71, 0x8430, 0x7C10, 0x7BEF, 0x7BF0, 0x634D, 0x52AA, 0x52EA, 0x634A, 0x6B8A, 0x738A, 0x73AB, 0x73CC,
    0x7BED, 0x7C0E, 0x840F, 0x7C0F, 0x7C0F, 0x7BEF, 0x7BEE, 0x7BCE, 0x73CE, 0x73CE, 0x73AE, 0x6B8D, 0x6B6D, 0x634C, 0x632C, 0x630C,
    0x52AA, 0x4A49, 0x4208, 0x39E7, 0x39C6, 0x31A6, 0x3186, 0x2966, 0x2945, 0x2945, 0x2945, 0x2945, 0x2945, 0x2945, 0x2945, 0x2945,
    0x2945, 0x2965, 0x2965, 0x2965, 0x2945, 0x2945, 0x2965, 0x2946, 0x2966, 0x2966, 0x2966, 0x2966, 0x2966, 0x2966, 0x2966, 0x2966,
    0x2966, 0x2966, 0x2966, 0x2966, 0x2966, 0x2945, 0x2945, 0x2945, 0x2945, 0x2945, 0x2945, 0x2945, 0x2945, 0x2945, 0x2945, 0x2945,
    0x2945, 0x3145, 0x3145, 0x3125, 0x39A6, 0xA40F, 0xBC0E, 0xB40D, 0xB3ED, 0xB3CD, 0xABCD, 0xA34B, 0x8AA9, 0x8A88, 0x8AA8, 0x7A67,
    0x4228, 0x3A07, 0x4228, 0x52AA, 0x5B0B, 0x632C, 0x634C, 0x5B0C, 0x52CA, 0x52AA, 0x4AA9, 0x4A69, 0x4248, 0x3A27, 0x3A07, 0x3A27,
    0x4227, 0x4227, 0x3A27, 0x4228, 0x4248, 0x4A69, 0x4248, 0x6B8D, 0x8471, 0x8C71, 0x7C0F, 0x73CF, 0x7C10, 0x8431, 0x8430, 0x8430,
    0x8C72, 0x8430, 0x7BEF, 0x7BF0, 0x7BF0, 0x7C10, 0x7C10, 0x7BF0, 0x7BF0, 0x8430, 0x8430, 0x7C10, 0x7C10, 0x8430, 0x8430, 0x8430,
    0x7C10, 0x7C10, 0x8410, 0x7BF0, 0x8410, 0x73AF, 0x6B6D, 0xEF5D, 0xDEFB, 0x632C, 0x4A69, 0xC658, 0xFFFF, 0xAD95, 0x4249, 0x7BEF,
    0xEF7D, 0xFFFF, 0xAD75, 0x52CA, 0x8C71, 0xFFFF, 0xEF5C, 0x83EE, 0x8BEC, 0xB4AE, 0xB46D, 0xB42C, 0xBC6D, 0xC4AD, 0xC4AD, 0xC4AD,
    0xC4AD, 0xC4AD, 0xBC8D, 0xBC8D, 0xBC6D, 0xBC6D, 0xBC6D, 0xBC4C, 0xBC4C, 0xB42C, 0xBC4D, 0xBC4C, 0xB42C, 0xBC4D, 0xBC4D, 0xBC4D,
    0xB42C, 0xB42C, 0xB42C, 0xB40C, 0xB40C, 0xABEC, 0xABAB, 0xABEC, 0x6206, 0x1820, 0x3963, 0x9C4F, 0x8BCE, 0x5A69, 0x62CA, 0x4207,
    0x4A07, 0x62CA, 0x41E6, 0x8C2F, 0x2944, 0x7BAE, 0x62EB, 0x630B, 0x738D, 0x83EE, 0x630B, 0x6B4C, 0x8C50, 0x83EE, 0x6B2B, 0x39C6,
    0xBDD6, 0xEF3C, 0x630B, 0x8C10, 0xF79D, 0xC637, 0x5AEB, 0x4A89, 0xB5B6, 0xF7BE, 0x9CD2, 0xA513, 0xE75C, 0xD699, 0x9D13, 0xEF7D,
    0xC658, 0x9491, 0xD6BA, 0xB5B6, 0x7C10, 0x8451, 0x7BEF, 0x7BF0, 0x7BEF, 0x52EB, 0x4A89, 0x5B09, 0x6349, 0x6B6A, 0x738B, 0x73AB,
    0x73CC, 0x7BED, 0x7C0F, 0x7C0F, 0x842F, 0x842F, 0x842F, 0x842F, 0x842F, 0x842F, 0x842F, 0x840F, 0x842F, 0x842F, 0x7C0F, 0x7BCF,
    0x7BCF, 0x7BEF, 0x7BCE, 0x738E, 0x6B4D, 0x632C, 0x630C, 0x5ACA, 0x4A69, 0x4A49, 0x4A69, 0x4A49, 0x4228, 0x39E7, 0x31C7, 0x3186,
    0x2965, 0x2965, 0x2945, 0x2945, 0x2124, 0x2945, 0x2945, 0x2945, 0x2945, 0x2965, 0x2965, 0x2966, 0x2966, 0x2966, 0x2966, 0x2966,
    0x2966, 0x2966, 0x2965, 0x2965, 0x2965, 0x2965, 0x2945, 0x2945, 0x2945, 0x2945, 0x2945, 0x2945, 0x2945, 0x2945, 0x2945, 0x2945,
    0x3145, 0x3145, 0x3146, 0x2904, 0x6AAA, 0xBC70, 0xB40E, 0xB3ED, 0xB3ED, 0xB3CD, 0xB3CD, 0xAB8C, 0xA36B, 0xA34B, 0x9B4B, 0x8AE9,
    0x4248, 0x4228, 0x3A07, 0x4248, 0x52CA, 0x5B0B, 0x632C, 0x632C, 0x5B0B, 0x52CA, 0x52AA, 0x4A89, 0x4A69, 0x4248, 0x3A27, 0x3A07,
    0x3A27, 0x3A27, 0x3A07, 0x3A07, 0x4228, 0x39E7, 0x6BAD, 0x7C30, 0x8C91, 0x8C71, 0x7BEF, 0x73CF, 0x73CF, 0x7C10, 0x8430, 0x94D3,
    0x8C92, 0x73AF, 0x7BEF, 0x8430, 0x7C10, 0x7C10, 0x7C10, 0x7BEF, 0x7C10, 0x8430, 0x7C10, 0x7BF0, 0x7C10, 0x8430, 0x8431, 0x8451,
    0x8430, 0x7C10, 0x8430, 0x7C30, 0x8451, 0x8451, 0x6B8E, 0x738E, 0xEF7E, 0xF7DE, 0x7BEF, 0x31C6, 0x9CF3, 0xFFFF, 0xD6BA, 0x5AEB,
    0x5ACB, 0xCE59, 0xFFFF, 0xD6DA, 0x6B4D, 0x6B6D, 0xDEFB, 0xFFFF, 0xB574, 0x7B8C, 0x9C6E, 0xBCF0, 0xB44C, 0xB44C, 0xBCAD, 0xBC8D,
    0xBC8D, 0xC48D, 0xBC8D, 0xBC8D, 0xBC8D, 0xBC6D, 0xBC6D, 0xBC6D, 0xBC4C, 0xBC4C, 0xBC4C, 0xBC4C, 0xB42C, 0xBC4D, 0xB42C, 0xB40C,
    0xB42C, 0xB40C, 0xB42C, 0xB42C, 0xB40C, 0xABEC, 0xABCC, 0x9B8B, 0x3922, 0x30C1, 0x2060, 0x5A47, 0xACD1, 0x7B6C, 0x5AA9, 0x5A89,
    0x49E7, 0x5A69, 0x6B4C, 0x5289, 0x5ACA, 0x6B2C, 0x4A28, 0x738D, 0x630B, 0x738D, 0x6B2B, 0x7BCE, 0x5ACA, 0x840E, 0x7BCE, 0x8C2F,
    0x5AAA, 0xAD34, 0xF77D, 0x8C30, 0x5ACA, 0xBDB6, 0xFFBE, 0xB5B6, 0x5289, 0x840F, 0xFFDE, 0xBDF7, 0x8430, 0xDEDA, 0xC638, 0x738D,
    0xC618, 0xE71C, 0xA534, 0xB5B6, 0x8430, 0x8471, 0x7C10, 0x7BEF, 0x7C10, 0x73CE, 0x52AA, 0x5AE9, 0x6329, 0x6B4A, 0x6B6B, 0x738B,
    0x73AC, 0x73CD, 0x7BCE, 0x7BEE, 0x7BEF, 0x7C0F, 0x7C0F, 0x7C0F, 0x840F, 0x7C0F, 0x7C0F, 0x842F, 0x842F, 0x8450, 0x8450, 0x840F,
    0x8430, 0x8C50, 0x9470, 0x9491, 0x9491, 0x9491, 0x9491, 0x8C50, 0x83EE, 0x7BCE, 0x83EF, 0x840F, 0x840F, 0x7BCE, 0x736D, 0x6B4C,
    0x630B, 0x5ACA, 0x5289, 0x4A48, 0x4207, 0x4207, 0x39E7, 0x39C6, 0x31A6, 0x3186, 0x3186, 0x3165, 0x2965, 0x2945, 0x2945, 0x2945,
    0x2945, 0x2945, 0x2965, 0x2965, 0x2965, 0x2965, 0x2966, 0x2966, 0x2966, 0x2966, 0x2966, 0x2966, 0x2966, 0x2945, 0x3145, 0x3145,
    0x3166, 0x3166, 0x3146, 0x3145, 0x938D, 0xBC2F, 0xB40E, 0xB3ED, 0xB3CD, 0xABCD, 0xABCD, 0xAB8C, 0xABAC, 0xB3CD, 0xABCD, 0x9B8B,
    0x4269, 0x4248, 0x3A28, 0x3A07, 0x4A69, 0x5AEB, 0x632C, 0x632C, 0x632C, 0x5B2C, 0x52CA, 0x52AA, 0x4AAA, 0x4A89, 0x4248, 0x4227,
    0x3A07, 0x3A07, 0x3A07, 0x4227, 0x31C6, 0x5B0B, 0xA534, 0x7BEF, 0x94B2, 0x7C10, 0x73CF, 0x8430, 0x7BEF, 0x7C10, 0x9CF4, 0x9D14,
    0x7BEF, 0x73CF, 0x7C10, 0x8431, 0x8430, 0x8430, 0x7C10, 0x7BEF, 0x7C10, 0x8430, 0x8430, 0x8430, 0x8430, 0x8430, 0x8430, 0x8430,
    0x8430, 0x7C10, 0x8430, 0x8451, 0x8C71, 0x8451, 0x8430, 0x632D, 0x73AE, 0xDEFB, 0xFFFF, 0xA514, 0x31A6, 0x73AE, 0xF7DE, 0xF7BE,
    0x8410, 0x4249, 0x9CF3, 0xFFFF, 0xF7BE, 0x8C51, 0x528A, 0xAD54, 0xFFFF, 0xE6FB, 0x8C2F, 0x7BED, 0xBD93, 0xC530, 0xAC2B, 0xBC8D,
    0xBC8D, 0xBC8D, 0xBC8D, 0xBC8D, 0xBC8D, 0xBC6D, 0xBC6D, 0xBC6D, 0xBC4C, 0xBC4D, 0xBC4D, 0xBC4D, 0xBC2C, 0xBC2C, 0xB42C, 0xB42C,
    0xBC4D, 0xB42C, 0xB42C, 0xB42C, 0xB40C, 0xABEC, 0xABEC, 0x7AC8, 0x3901, 0x3922, 0x30E1, 0x28A1, 0x8B8C, 0xACF2, 0x6B0A, 0x62A9,
    0x5268, 0x4A07, 0x6B4C, 0x5AA9, 0x738D, 0x39A6, 0x83EE, 0x5AAA, 0x62EB, 0x6B2B, 0x6B2B, 0x736C, 0x738C, 0x9491, 0x736D, 0xDEDA,
    0x736D, 0x630B, 0x736D, 0xE6FB, 0xC637, 0x5ACA, 0x6B4C, 0xDEFB, 0xF79D, 0x7BCE, 0x6B6D, 0xF79D, 0xDEDA, 0x7BCE, 0xC638, 0xEF9D,
    0x8430, 0xAD55, 0xF79E, 0x94B2, 0x7C10, 0x8471, 0x8430, 0x7BEF, 0x7BEF, 0x7C30, 0x636D, 0x52C9, 0x5B09, 0x6309, 0x630A, 0x6B4A,
    0x6B6B, 0x738C, 0x73AD, 0x73CE, 0x73CE, 0x7BCE, 0x7BEE, 0x7BEF, 0x7C0F, 0x7C0F, 0x7C0F, 0x7C0F, 0x842F, 0x8430, 0x842F, 0x840F,
    0x842F, 0x8C30, 0x8C4F, 0x9470, 0x9491, 0x9CB1, 0x9491, 0x9CB1, 0x9CB1, 0x9470, 0x9470, 0x9CB1, 0x9CD2, 0x9CD1, 0x9C91, 0x9490,
    0x9470, 0x8C2F, 0x840E, 0x83EE, 0x7BAD, 0x738D, 0x736C, 0x6B4C, 0x632B, 0x62EB, 0x5ACA, 0x52AA, 0x5269, 0x4A48, 0x4228, 0x4207,
    0x39C7, 0x39A6, 0x31A6, 0x3186, 0x2965, 0x2965, 0x2945, 0x2945, 0x2945, 0x2945, 0x2945, 0x2945, 0x2945, 0x2965, 0x2965, 0x3165,
    0x3166, 0x3166, 0x2946, 0x49E7, 0xAC0E, 0xB40E, 0xB3EE, 0xB3CD, 0xABCD, 0xABAC, 0xABAC, 0xA36B, 0xAB8C, 0xABAC, 0xABCD, 0x9B8B,
    0x4A69, 0x4A69, 0x4248, 0x3A07, 0x3A07, 0x4A89, 0x5B0B, 0x632C, 0x634C, 0x634C, 0x5B0B, 0x52CA, 0x52AA, 0x4AAA, 0x4A89, 0x4248,
    0x4228, 0x3A07, 0x4227, 0x31E6, 0x4A89, 0xA574, 0x94D2, 0x7C0F, 0x7C10, 0x7C0F, 0x8C71, 0x8C71, 0x8430, 0x9D14, 0x9D14, 0x7BEF,
    0x73AE, 0x7BF0, 0x8430, 0x8451, 0x8451, 0x8451, 0x7C10, 0x73CF, 0x7C10, 0x8430, 0x8430, 0x8430, 0x7C10, 0x7BEF, 0x7BEF, 0x7C10,
    0x7C10, 0x7BF0, 0x7C30, 0x7C10, 0x8451, 0x8430, 0x8430, 0x8410, 0x6B6D, 0x6B4D, 0xBDD7, 0xFFFF, 0xC638, 0x4228, 0x4A8A, 0xD6BB,
    0xFFFF, 0xB596, 0x4A69, 0x73AE, 0xE75C, 0xFFFF, 0xB5B6, 0x5ACA, 0x7BEF, 0xEF7D, 0xFFFF, 0x9D13, 0x52EA, 0xAD53, 0xD5F3, 0xAC0C,
    0xBC4C, 0xC48D, 0xBC8D, 0xBC6D, 0xBC6D, 0xBC4C, 0xBC4C, 0xBC6C, 0xBC4C, 0xBC4C, 0xBC4C, 0xBC4C, 0xBC2C, 0xBC4D, 0xBC2C, 0xBC4D,
    0xBC4D, 0xBC4D, 0xBC4D, 0xBC4D, 0xB42C, 0xABEC, 0xABCC, 0x82E8, 0x4122, 0x4122, 0x4142, 0x28A0, 0x51C5, 0xB532, 0x944F, 0x6AEA,
    0x62EA, 0x4A48, 0x4A28, 0x7BAE, 0x5289, 0x83EE, 0x5ACA, 0x738D, 0x6B0B, 0x738C, 0x7BCD, 0x62EA, 0xC5F6, 0x630A, 0xC617, 0x9CD2,
    0x6B2C, 0xCE38, 0x840F, 0x5AAA, 0x9CD2, 0xEF5C, 0xAD54, 0x5289, 0xA534, 0xFFFF, 0xB575, 0x632C, 0xD6BA, 0xFFDF, 0x9CF3, 0x9CD2,
    0xF7BE, 0xCE59, 0x8C71, 0x9CF3, 0x8410, 0x8451, 0x8451, 0x7C10, 0x73EF, 0x73EF, 0x73EE, 0x52C9, 0x5288, 0x52A8, 0x5AA9, 0x5AE9,
    0x632A, 0x6B4C, 0x6B6D, 0x6B8D, 0x73AD, 0x73AD, 0x73CE, 0x842F, 0x842F, 0x7C0F, 0x7BEF, 0x7C0F, 0x842F, 0x842F, 0x842F, 0x842F,
    0x8C50, 0x8C50, 0x9490, 0x9491, 0x9490, 0x9470, 0x8C4F, 0x9491, 0x9CD1, 0x9CB1, 0x9470, 0x9490, 0x9CB1, 0x9CB1, 0x9CB1, 0x9490,
    0x8C4F, 0x8C0F, 0x840F, 0x8C2F, 0x8C2F, 0x8C2F, 0x8C0F, 0x8C2F, 0x8C2F, 0x8C2F, 0x840F, 0x83EE, 0x7BCE, 0x7BAD, 0x7BAD, 0x738D,
    0x6B4C, 0x6B4C, 0x6B2C, 0x6B2B, 0x62EA, 0x5AAA, 0x5289, 0x5248, 0x4A28, 0x4207, 0x39E6, 0x39C6, 0x39A6, 0x3185, 0x3165, 0x3165,
    0x3165, 0x3165, 0x2924, 0x72AA, 0xB42E, 0xABEE, 0xB3ED, 0xABCD, 0xABAC, 0xA38C, 0xA38C, 0xA36B, 0xA36B, 0xABAC, 0xABCD, 0xA3AC,
    0x4A89, 0x4A69, 0x4A69, 0x4228, 0x39E7, 0x4228, 0x52CA, 0x632C, 0x634C, 0x634C, 0x632C, 0x5B0B, 0x52CA, 0x52AA, 0x4AAA, 0x4A89,
    0x4269, 0x4228, 0x3A07, 0x3A07, 0x9CF3, 0xAD95, 0x8C71, 0x7C30, 0x7BEF, 0x94D2, 0x94D2, 0x8C92, 0xA534, 0xA534, 0x7BEF, 0x73AE,
    0x7C10, 0x8451, 0x8C71, 0x8C72, 0x8C92, 0x8C71, 0x8430, 0x7C10, 0x7C10, 0x8430, 0x7C10, 0x7BEF, 0x73AE, 0x73AE, 0x6B8E, 0x73AE,
    0x73CF, 0x7BEF, 0x7BEF, 0x7C10, 0x8430, 0x7C10, 0x7C10, 0x8410, 0x8431, 0x7BCF, 0x5AEC, 0x94B2, 0xF7DF, 0xEF5D, 0x632D, 0x31A7,
    0xAD75, 0xFFFF, 0xDEDB, 0x632C, 0x52AA, 0xC638, 0xFFFF, 0xDEDB, 0x632C, 0x528A, 0xC638, 0xFFFF, 0xCE78, 0x52AA, 0x94B0, 0xCDD4,
    0xAC2C, 0xB40C, 0xBC8D, 0xBC6D, 0xBC6D, 0xBC6D, 0xBC6D, 0xBC4D, 0xB44C, 0xB42C, 0xB42C, 0xB42C, 0xB42C, 0xBC2C, 0xBC4D, 0xBC4D,
    0xBC4D, 0xBC4D, 0xBC4D, 0xB42C, 0xB40C, 0xABEC, 0xA3AB, 0x9B8A, 0x59C4, 0x4922, 0x4943, 0x4122, 0x30E1, 0x9C2F, 0xBD74, 0x7B8C,
    0x6B2B, 0x630A, 0x41E6, 0x5248, 0x8C0F, 0x734C, 0x7BCE, 0x630B, 0x8C0F, 0x736C, 0x9CB1, 0x7BAD, 0xBDD5, 0x62EA, 0xE71B, 0x5AAA,
    0xB574, 0xCE38, 0xDE9A, 0x736D, 0x7BCE, 0x6B2C, 0xC617, 0xE73C, 0x73AE, 0x738D, 0xFFDE, 0xD699, 0x630B, 0x9CD2, 0xFFFF, 0xCE79,
    0x94B2, 0xDF1B, 0xB5D6, 0x738E, 0x8C51, 0x8430, 0x8451, 0x7C30, 0x7BEF, 0x73CE, 0x73EE, 0x5B0A, 0x4A67, 0x5288, 0x5AA9, 0x5AC9,
    0x5AEA, 0x630B, 0x632C, 0x634C, 0x6B6C, 0x6B6D, 0x73CE, 0x8C70, 0x8C91, 0x7C0F, 0x7BEE, 0x7C0F, 0x840F, 0x842F, 0x840F, 0x8430,
    0x8C71, 0x94B1, 0x94B1, 0x9CB1, 0x9CD1, 0x9CD1, 0x9CD1, 0x9CD1, 0x9CD1, 0x9CD1, 0x9CB1, 0x9CB1, 0x9CD1, 0x9CD1, 0x9CB1, 0x9490,
    0x8C4F, 0x8C2F, 0x840E, 0x840F, 0x840F, 0x840E, 0x840E, 0x8C2F, 0x8C2F, 0x8C2F, 0x8C2F, 0x8C4F, 0x8C2F, 0x8C2F, 0x8C4F, 0x944F,
    0x9450, 0x9490, 0x9CB1, 0x9CB1, 0x9CB1, 0x9490, 0x9470, 0x9450, 0x8C2F, 0x83EE, 0x83CE, 0x7B8D, 0x734C, 0x6B0B, 0x62EA, 0x5AA9,
    0x5AA9, 0x5289, 0x5248, 0x938D, 0xAC0E, 0xABED, 0xABCD, 0xABAC, 0xA38C, 0xA36B, 0xA36B, 0xA36B, 0xA36B, 0xAB8C, 0xABAC, 0xA3AC,
    0x52AA, 0x4A8A, 0x4A69, 0x4248, 0x3A07, 0x39E7, 0x4248, 0x52CA, 0x632C, 0x634C, 0x634C, 0x634C, 0x5B2C, 0x5AEB, 0x52CA, 0x4AAA,
    0x4A89, 0x4A69, 0x3A07, 0x8430, 0xADB6, 0x9CF3, 0x8430, 0x8430, 0x8C71, 0x94D2, 0x9CF3, 0xA555, 0x9CF3, 0x7BEF, 0x73CF, 0x8430,
    0x8451, 0x8C71, 0x8C72, 0x8C72, 0x8C71, 0x8451, 0x8430, 0x7C10, 0x7BF0, 0x7BF0, 0x7BEF, 0x6B8E, 0x6B6D, 0x6B6E, 0x6B8E, 0x73AE,
    0x73CF, 0x73CF, 0x73CF, 0x7BEF, 0x7BF0, 0x7BEF, 0x7C10, 0x8430, 0x8451, 0x8430, 0x7BCF, 0x5AEC, 0x73AE, 0xDEFC, 0xFFFF, 0x8C72,
    0x31A7, 0x7BF0, 0xFFDF, 0xF7BF, 0x8430, 0x4228, 0x94B2, 0xFFFF, 0xF7BE, 0x8450, 0x4228, 0x94D2, 0xFFFF, 0xEF7D, 0x6B8D, 0x73AD,
    0xCDF5, 0xC551, 0xA40C, 0xB44C, 0xBC6C, 0xB44D, 0xB46D, 0xB44C, 0xB44C, 0xB42C, 0xB42C, 0xB42C, 0xB42C, 0xB42C, 0xB42C, 0xBC4D,
    0xBC4D, 0xBC4D, 0xBC4D, 0xBC4D, 0xB42C, 0xABEB, 0xA3AB, 0xABEC, 0x82E8, 0x5183, 0x4963, 0x4963, 0x30C1, 0x834B, 0xD657, 0x9470,
    0x7B8C, 0x6B2B, 0x62EA, 0x3185, 0x630B, 0x83CE, 0x8C0F, 0x7BCE, 0x83EE, 0xA4D2, 0x736C, 0xB574, 0x7BAD, 0xA4F2, 0xB554, 0x6B2C,
    0xC617, 0xDEBA, 0x9471, 0x9491, 0xE71B, 0x5AEB, 0x738D, 0x9491, 0xE71C, 0xAD54, 0x634C, 0xCE99, 0xF79E, 0x94D2, 0x73AD, 0xDEFB,
    0xEF9D, 0x8450, 0x8C70, 0x7BCE, 0x8430, 0x8450, 0x8451, 0x8431, 0x7C10, 0x73EF, 0x73CE, 0x73AE, 0x5AEA, 0x5AE9, 0x6B2B, 0x6B4A,
    0x5B0A, 0x632B, 0x632B, 0x632B, 0x634C, 0x634C, 0x73AD, 0x8C30, 0x8430, 0x7BEF, 0x7BEE, 0x840E, 0x83EF, 0x7BEF, 0x840F, 0x842F,
    0x8C71, 0x94B1, 0x9CB1, 0x9CB1, 0xA4D1, 0xA4F2, 0xA512, 0xA4F2, 0xA4F2, 0xA4F2, 0xA4F2, 0xA4F2, 0x9CD1, 0x9CD1, 0x9CD1, 0x9CD1,
    0x9CB1, 0x9CB1, 0x9490, 0x9470, 0x8C4F, 0x8C4F, 0x8C4F, 0x9470, 0x9470, 0x9470, 0x9490, 0x9490, 0x9490, 0x9490, 0x9470, 0x9470,
    0x9C90, 0x9CD1, 0xA4D1, 0xA4F2, 0xA512, 0xAD12, 0xAD12, 0xAD33, 0xAD13, 0xA512, 0xA4F2, 0xA4D1, 0x9CB1, 0x9C90, 0x8C2F, 0x8C2F,
    0x842F, 0x840F, 0x8BCE, 0xA3ED, 0xABED, 0xABCD, 0xABAC, 0xA38C, 0xA36B, 0xA34B, 0xA34B, 0xA36B, 0xA36B, 0xA36B, 0xA3AC, 0xA3ED,
    0x5AEB, 0x52AA, 0x4A89, 0x4A69, 0x4248, 0x39E7, 0x39E7, 0x4268, 0x5AEB, 0x632C, 0x634C, 0x636D, 0x634C, 0x632C, 0x5AEB, 0x52CA,
    0x52AA, 0x4248, 0x6B8D, 0xAD95, 0xA554, 0x94B2, 0x8C91, 0x9CF3, 0x94B2, 0x9CF3, 0x9D14, 0x8C71, 0x73CF, 0x7BEF, 0x7C10, 0x8451,
    0x8C71, 0x8C71, 0x8451, 0x8431, 0x8430, 0x8430, 0x7BF0, 0x7C10, 0x73CF, 0x73CF, 0x73CF, 0x6B8E, 0x73AE, 0x73AE, 0x73AE, 0x73AF,
    0x73CF, 0x73CF, 0x73CF, 0x7BF0, 0x7BEF, 0x7C10, 0x7C10, 0x7C10, 0x8430, 0x8431, 0x8431, 0x7BF0, 0x630C, 0x5AEB, 0xBDF7, 0xFFFF,
    0xB5B7, 0x4228, 0x5AEC, 0xDEDB, 0xFFFF, 0xB596, 0x4A49, 0x632D, 0xDEFB, 0xFFFF, 0xAD95, 0x4248, 0x6B8D, 0xEF5D, 0xFFFF, 0x94D2,
    0x5AEA, 0xBDD5, 0xDE97, 0xAC4D, 0xAC2C, 0xBC6D, 0xB44C, 0xB44C, 0xB42C, 0xB42C, 0xB42C, 0xB42C, 0xB42C, 0xB42C, 0xB42C, 0xBC4D,
    0xBC4D, 0xBC4D, 0xBC4D, 0xBC4D, 0xB42C, 0xABCB, 0xA3CB, 0xABEC, 0xA3AB, 0x7266, 0x59A4, 0x51A4, 0x3901, 0x6A88, 0xDE98, 0xB573,
    0x8C2E, 0x7B8C, 0x734B, 0x5A88, 0x3144, 0x734C, 0x9470, 0x9450, 0x83EE, 0xAD33, 0x6B2B, 0xC5D6, 0x62EA, 0xD658, 0x734C, 0xB554,
    0xCE17, 0xCE38, 0x62EB, 0xE73C, 0x7BEF, 0x94B2, 0xEF7C, 0x630B, 0x73AE, 0xD699, 0xD699, 0x840F, 0x8C50, 0xEF7D, 0xD6BA, 0x8C91,
    0xCE78, 0xD6FA, 0x73AE, 0x7BCE, 0x73CE, 0x8430, 0x8451, 0x8451, 0x7C30, 0x73EF, 0x73CF, 0x7BEF, 0x6B8D, 0x62EA, 0x6B2A, 0x6B2A,
    0x5AE9, 0x5AE9, 0x5AEA, 0x5B0B, 0x632B, 0x634C, 0x6B6C, 0x73AE, 0x73AE, 0x73AE, 0x7BCE, 0x7BEE, 0x7BEE, 0x7BEE, 0x7BEF, 0x842F,
    0x8C70, 0x9491, 0x9490, 0x9CB1, 0x9CB1, 0x9CD1, 0xA4F2, 0xA512, 0xA512, 0xA512, 0xA4F2, 0xA4F2, 0x9CD1, 0x9CD1, 0xA4F2, 0xA4F2,
    0xA4F1, 0x9CD1, 0x9CD1, 0x9CD1, 0x9CD1, 0x9CD1, 0x9CD1, 0x9CB1, 0x9CD1, 0x9CD1, 0x9CF1, 0x9CD1, 0x9CD1, 0x9CD1, 0x9CD1, 0x9CD1,
    0x9CD1, 0xA4D2, 0xA4F2, 0xA512, 0xAD33, 0xAD33, 0xAD33, 0xB553, 0xAD53, 0xAD33, 0xA512, 0xA4F2, 0xA4F2, 0xA4F2, 0x9CB1, 0x9CB1,
    0x94B1, 0x9C90, 0xA42E, 0xABCD, 0xABED, 0xABCD, 0xA38C, 0xA36B, 0xA36B, 0xA34B, 0xA34B, 0x9B4A, 0x9B2A, 0x9B2A, 0xABED, 0x9BCD,
    0x5B0B, 0x52CA, 0x4A89, 0x4A89, 0x4A68, 0x3A07, 0x39E6, 0x3A07, 0x4A89, 0x5B0B, 0x634C, 0x634C, 0x634C, 0x634C, 0x632C, 0x5B0B,
    0x52AA, 0x5AEB, 0xA534, 0xAD75, 0x9D34, 0x94D2, 0x9D13, 0x9CF3, 0x9CF3, 0x9CF3, 0x8430, 0x7BEF, 0x73CF, 0x7BEF, 0x7BF0, 0x7C10,
    0x8430, 0x8430, 0x7C10, 0x7C10, 0x8430, 0x7BF0, 0x7BEF, 0x7C10, 0x73CF, 0x73CF, 0x7BEF, 0x7BEF, 0x73CF, 0x73CF, 0x73CF, 0x73CF,
    0x73CF, 0x73CF, 0x73CF, 0x7BEF, 0x7BEF, 0x7BEF, 0x7BF0, 0x7C10, 0x7C10, 0x8410, 0x8430, 0x8430, 0x7BF0, 0x6B8E, 0x528A, 0x9CD3,
    0xFFFF, 0xDEDB, 0x630C, 0x4208, 0xAD76, 0xFFFF, 0xDEFB, 0x5B0C, 0x4A69, 0xB5B6, 0xFFFF, 0xD6DA, 0x5B0B, 0x52AA, 0xC638, 0xFFFF,
    0xC637, 0x52A9, 0x94D1, 0xE719, 0xACAF, 0xABEB, 0xBC6D, 0xB42C, 0xB42C, 0xB42C, 0xB42C, 0xB42C, 0xB42C, 0xB42C, 0xB42C, 0xBC4D,
    0xBC4D, 0xBC6D, 0xBC4D, 0xBC4D, 0xB42C, 0xABCB, 0xABCB, 0xAC0C, 0xABEC, 0x9329, 0x7A87, 0x7266, 0x4962, 0x6247, 0xD677, 0xC615,
    0xA4F1, 0x8C2E, 0x7B8C, 0x6B2B, 0x4A27, 0x3164, 0x7B6C, 0xA4B2, 0x83CE, 0xAD33, 0x736C, 0xBDD6, 0x630B, 0xD679, 0x630B, 0xBDD6,
    0xCE58, 0xA4F3, 0x7B8D, 0xEF5C, 0x52AA, 0xDEFA, 0x9D13, 0x7BCE, 0xEF7C, 0x6B6D, 0x9CD2, 0xE71B, 0xC617, 0x73AE, 0xD6DA, 0xFFDE,
    0x9D13, 0x8C71, 0x8450, 0x7C0F, 0x73AE, 0x73CE, 0x8430, 0x8451, 0x7C30, 0x73EF, 0x7BEF, 0x7BEF, 0x7BEF, 0x630A, 0x5A87, 0x4A26,
    0x39C4, 0x39E5, 0x4247, 0x5AEA, 0x634B, 0x6B6C, 0x6B6C, 0x736D, 0x738D, 0x738D, 0x7BAE, 0x7BCE, 0x7BCE, 0x73AE, 0x73AE, 0x840F,
    0x8C50, 0x8C50, 0x8C70, 0x9470, 0x9470, 0x9490, 0x9CB1, 0x9CD1, 0x9CD2, 0x9CD1, 0x9CD1, 0x9CD1, 0x9CD1, 0xA4F2, 0xA512, 0xA512,
    0xA512, 0xA4F2, 0xA4F2, 0xA4F2, 0xA4F2, 0xA4F2, 0x9CD1, 0x9CD1, 0x9CD1, 0xA4F2, 0x9CD1, 0x9CD1, 0x9CD1, 0xA4D1, 0xA4D1, 0xA4F2,
    0xA512, 0xA512, 0xAD12, 0xAD33, 0xB553, 0xB553, 0xB574, 0xB574, 0xB574, 0xAD53, 0xAD33, 0xAD33, 0xAD33, 0xAD13, 0xAD12, 0xA512,
    0xACF2, 0xACB1, 0xA40E, 0xABCD, 0xABCD, 0xABCC, 0xAB8C, 0xA36B, 0xA34B, 0xA34B, 0xA32A, 0x9B2A, 0x9B2A, 0x9B2A, 0xB42D, 0x93CD,
    0x52CA, 0x52AA, 0x4A89, 0x4A89, 0x4A89, 0x4248, 0x3A06, 0x39E6, 0x3A27, 0x4AA9, 0x5B2C, 0x634C, 0x634C, 0x634C, 0x634C, 0x634C,
    0x5B0B, 0x8C91, 0xAD95, 0xA554, 0x9D13, 0x94D2, 0xA534, 0x9D13, 0x8C92, 0x8430, 0x7C10, 0x7C10, 0x7BEF, 0x7C10, 0x7BEF, 0x7BEF,
    0x7BEF, 0x7BEF, 0x7BF0, 0x7C10, 0x8430, 0x7C10, 0x7C10, 0x7BF0, 0x73CF, 0x7C10, 0x7C10, 0x7C10, 0x7C10, 0x7BEF, 0x73CF, 0x73CF,
    0x73CF, 0x73CF, 0x73CF, 0x73AF, 0x7BEF, 0x7BEF, 0x7BF0, 0x7C10, 0x7BF0, 0x7BF0, 0x7BF0, 0x7C10, 0x8430, 0x8C92, 0x73CF, 0x4249,
    0x73CF, 0xEF7D, 0xFFDF, 0x8430, 0x3186, 0x7BCF, 0xF79E, 0xF7BF, 0x8451, 0x39E7, 0x8430, 0xF7DF, 0xF7BE, 0x7C0F, 0x39E7, 0x94D2,
    0xFFFF, 0xE75C, 0x636C, 0x6BAD, 0xEF3A, 0xC551, 0xA3CA, 0xB42C, 0xB42C, 0xB42C, 0xB42C, 0xB42C, 0xB42C, 0xB42C, 0xB42C, 0xBC4D,
    0xBC4D, 0xBC6D, 0xBC6D, 0xBC4D, 0xB42C, 0xABCB, 0xABEB, 0xB40C, 0xAC0C, 0x9B6A, 0x8AE8, 0x8308, 0x61E4, 0x5A26, 0xCE15, 0xCE36,
    0xBDB4, 0xAD32, 0x946F, 0x83CD, 0x62C9, 0x41C5, 0x3144, 0x83CE, 0x8C30, 0xA533, 0x736C, 0xBDD6, 0x6B4C, 0xC617, 0x6B4C, 0xBDB5,
    0xD699, 0x842F, 0xAD34, 0xBDD6, 0x632C, 0xEF7D, 0x632B, 0xB5B6, 0xD6BA, 0x7BCE, 0xC618, 0x8430, 0xD6DA, 0xEF7D, 0x94B2, 0xB5D6,
    0xB5B6, 0x52CA, 0x634C, 0x6B6D, 0x73AE, 0x73CE, 0x7C30, 0x8450, 0x8430, 0x7BEF, 0x73EF, 0x73CE, 0x7C0F, 0x6B6C, 0x5247, 0x49E5,
    0x41C4, 0x39C4, 0x4A26, 0x6309, 0x736C, 0x73AC, 0x738D, 0x738D, 0x7BAD, 0x7BCE, 0x83EE, 0x7BED, 0x7BCD, 0x738D, 0x736C, 0x7BCE,
    0x842F, 0x8C2F, 0x8C2F, 0x8C4F, 0x9450, 0x9470, 0x9C90, 0x9CB1, 0xA4D1, 0xA4F2, 0xA4F2, 0xAD12, 0xAD33, 0xAD12, 0xA512, 0xAD33,
    0xAD53, 0xAD53, 0xAD33, 0xAD12, 0xAD12, 0xA512, 0xA4F2, 0xA4F2, 0xA4F2, 0xA4F2, 0xA4D1, 0x9CD1, 0x9CD1, 0xA4D1, 0xA4F2, 0xA512,
    0xAD33, 0xAD33, 0xAD33, 0xAD33, 0xB553, 0xB554, 0xB574, 0xB574, 0xB574, 0xAD33, 0xAD12, 0xAD13, 0xA512, 0xAD13, 0xB554, 0xAD53,
    0xBD54, 0xB4B1, 0xAC0E, 0xABED, 0xABCD, 0xAB8C, 0xA36B, 0xA34B, 0xA32B, 0xA32B, 0xA32A, 0xA32A, 0xA32A, 0xA36B, 0xBC8F, 0x940E,
    0x4228, 0x4248, 0x4248, 0x4A48, 0x4A68, 0x4248, 0x3A07, 0x39E6, 0x31C6, 0x3A27, 0x52CA, 0x632C, 0x634C, 0x634C, 0x6B6D, 0x634C,
    0x7C0F, 0xAD75, 0xA554, 0xAD75, 0x9D34, 0xA534, 0xA554, 0x94D2, 0x8430, 0x7C0F, 0x7C10, 0x7C10, 0x7C10, 0x7C10, 0x7BEF, 0x7BEF,
    0x73CF, 0x73CF, 0x73CF, 0x73CF, 0x7BEF, 0x7BEF, 0x7BEF, 0x73CF, 0x7BEF, 0x7C10, 0x7C10, 0x7C10, 0x7C10, 0x7C10, 0x7BEF, 0x7BEF,
    0x73CF, 0x73CF, 0x73CF, 0x73CF, 0x7BEF, 0x7C10, 0x7C10, 0x7BEF, 0x7BEF, 0x7BF0, 0x7BEF, 0x7BF0, 0x7C30, 0x8430, 0x73CF, 0x6B8E,
    0x4249, 0x52CB, 0xCE79, 0xFFFF, 0xB5B6, 0x4208, 0x52AA, 0xCE7A, 0xFFFF, 0xB596, 0x4208, 0x5AEB, 0xDEFB, 0xFFFF, 0xA554, 0x4208,
    0x73CE, 0xEF9D, 0xFFFF, 0x7C2F, 0x5B0A, 0xD6B8, 0xD635, 0xA40C, 0xA3EB, 0xB44C, 0xB42C, 0xB42C, 0xB42C, 0xB42C, 0xBC2C, 0xBC4D,
    0xBC6D, 0xBC6D, 0xBC6D, 0xBC6D, 0xB42D, 0xABCB, 0xB3EC, 0xB40C, 0xAC0C, 0xA38A, 0x9328, 0x8B29, 0x6A05, 0x6205, 0xC5D5, 0xCE57,
    0xC5F5, 0xC616, 0xB573, 0xA512, 0x736C, 0x5288, 0x41C5, 0x3964, 0x736C, 0xAD54, 0x738D, 0xBDD5, 0x83EE, 0x9CF2, 0x7BEE, 0xBDF6,
    0xCE58, 0x630B, 0xD699, 0x8C30, 0x9491, 0xD6BA, 0x52CA, 0xE75C, 0x94D2, 0x9CF3, 0xF7BE, 0x632C, 0xB596, 0xA554, 0xEF7D, 0x73CE,
    0x634C, 0x73AE, 0x73CE, 0x7BEF, 0x7BEF, 0x73AE, 0x7C0F, 0x7C30, 0x8451, 0x7C10, 0x7BEF, 0x73CE, 0x73CE, 0x7BCE, 0x62E9, 0x6AE9,
    0x7308, 0x6AE8, 0x732A, 0x83CC, 0x8C0D, 0x8BED, 0x83CC, 0x83CC, 0x8C0D, 0x8C2E, 0x8C2E, 0x8C2D, 0x83ED, 0x738C, 0x6B4B, 0x738C,
    0x7BCD, 0x83EE, 0x8C0E, 0x8C2F, 0x944F, 0x9C90, 0x9CD1, 0xA4F2, 0xAD12, 0xAD33, 0xB553, 0xB574, 0xB594, 0xB553, 0xAD53, 0xB573,
    0xB574, 0xB574, 0xB574, 0xB573, 0xB573, 0xB553, 0xB553, 0xAD33, 0xA512, 0xA512, 0xA4F2, 0xA4D1, 0x9CD1, 0x9CD1, 0xA4D1, 0xA4D1,
    0xA4F2, 0xAD12, 0xAD12, 0xAD12, 0xAD33, 0xB553, 0xB574, 0xB574, 0xB554, 0xAD33, 0xA4F2, 0xA4F2, 0xA4D2, 0xA4F2, 0xAD33, 0xAD33,
    0xB553, 0xAC50, 0xB3EE, 0xB3ED, 0xABAC, 0xA36B, 0xA36B, 0xA34B, 0xA32B, 0xA32A, 0xA32A, 0xA30A, 0xA32A, 0xABCC, 0xC4F0, 0x944F,
    0x39E7, 0x3A07, 0x39E7, 0x4207, 0x4227, 0x4227, 0x4207, 0x39E6, 0x39C6, 0x31E6, 0x4227, 0x52EA, 0x634C, 0x634C, 0x634C, 0x6B8D,
    0x9D34, 0xA554, 0xA554, 0xA554, 0x9D13, 0xA534, 0x94D2, 0x8450, 0x7BEF, 0x8430, 0x8C71, 0x8430, 0x8430, 0x8431, 0x8430, 0x8430,
    0x8430, 0x7BF0, 0x73CF, 0x7BEF, 0x73AF, 0x73CF, 0x73CF, 0x7BEF, 0x7C10, 0x7BEF, 0x7BEF, 0x7BEF, 0x7BF0, 0x7BEF, 0x7BEF, 0x7BEF,
    0x73CF, 0x7BEF, 0x7BEF, 0x7BEF, 0x7BF0, 0x7BEF, 0x8430, 0x7C10, 0x7C10, 0x7C10, 0x7BCF, 0x7BEF, 0x7C10, 0x7BF0, 0x6B8E, 0x73CF,
    0x73AE, 0x52CB, 0x4229, 0x9D14, 0xFFFF, 0xDEFC, 0x5AEC, 0x31A7, 0x9CF4, 0xFFFF, 0xDEFC, 0x5AEC, 0x39E7, 0xAD76, 0xFFFF, 0xCE99,
    0x4A89, 0x52A9, 0xD6DA, 0xFFFF, 0xA575, 0x52CA, 0xAD94, 0xEF3B, 0xACF2, 0x8B8A, 0xB42D, 0xB42C, 0xB42C, 0xB42C, 0xBC2C, 0xBC4D,
    0xBC6D, 0xC46D, 0xC46D, 0xC46E, 0xBC4D, 0xABCB, 0xB3EC, 0xB40C, 0xABEB, 0xA38A, 0x9329, 0x8B29, 0x6A05, 0x6A26, 0xD636, 0xD677,
    0xC5F5, 0xCE36, 0xC5D5, 0xBDB5, 0x9470, 0x62C9, 0x5268, 0x41C6, 0x3164, 0x8C4F, 0x8C50, 0xA4F2, 0xAD33, 0x73AD, 0xA533, 0xC637,
    0xBDF6, 0x6B2C, 0xE73B, 0x630B, 0xC638, 0x94F2, 0x6BAD, 0xEF9D, 0x634C, 0xCE79, 0xD6BA, 0x6B6D, 0xCE79, 0x632C, 0xDEFB, 0x7BEF,
    0x632C, 0x6B6D, 0x73CE, 0x7C0F, 0x73EF, 0x6BAE, 0x7C0F, 0x7C0F, 0x7C30, 0x7C30, 0x7C0F, 0x7C0F, 0x73CE, 0x73CE, 0x7BCD, 0x9C4E,
    0xA46D, 0xA44D, 0xA46D, 0xACAF, 0xACAE, 0x9C4D, 0x942C, 0x944D, 0x9C6E, 0x9C6D, 0x946E, 0x946E, 0x8C2D, 0x7B8B, 0x734B, 0x736B,
    0x7B8C, 0x83ED, 0x8C2E, 0x944F, 0x9C90, 0x9CB0, 0xA4F1, 0xAD12, 0xAD12, 0xAD32, 0xB573, 0xB594, 0xB594, 0xB573, 0xB573, 0xB594,
    0xBD94, 0xBD94, 0xBD94, 0xBD94, 0xBD94, 0xBD94, 0xB574, 0xAD53, 0xAD12, 0xAD32, 0xAD32, 0xA512, 0xA4D1, 0x9CB1, 0x9CB1, 0x9C90,
    0x9CB1, 0x9CD1, 0xA4D1, 0xA4F2, 0xA512, 0xAD12, 0xAD12, 0xAD33, 0xAD53, 0xAD33, 0xA4F2, 0xA4F2, 0xAD13, 0xB553, 0xAD33, 0xAD33,
    0xA4B1, 0xAC0F, 0xB3CE, 0xABAD, 0xAB8C, 0xA34B, 0xA34B, 0xA34B, 0xA32B, 0xA32B, 0xA32B, 0xA34B, 0xABAC, 0xBC4E, 0xC531, 0x8C0E,
    0x31C6, 0x3A07, 0x3A07, 0x4207, 0x4207, 0x4227, 0x4227, 0x4227, 0x39E6, 0x31C6, 0x31E6, 0x4248, 0x5B0B, 0x634C, 0x5B2C, 0x8470,
    0xA575, 0xA534, 0xA554, 0x9D34, 0x9CF3, 0x9D13, 0x8C91, 0x8450, 0x8C71, 0x8C71, 0x8451, 0x8C92, 0x94B2, 0x8C92, 0x8C92, 0x8C92,
    0x8C71, 0x8431, 0x8430, 0x7C10, 0x7BEF, 0x7BEF, 0x7C10, 0x7C10, 0x7C10, 0x7C10, 0x7BEF, 0x7BEF, 0x7BF0, 0x7C10, 0x7BEF, 0x7C10,
    0x7C10, 0x7BEF, 0x7C10, 0x7BF0, 0x7BF0, 0x7C10, 0x7C10, 0x7C10, 0x73CF, 0x73AE, 0x73AF, 0x73AF, 0x73CF, 0x73CF, 0x73AE, 0x73CF,
    0x73AE, 0x73AE, 0x7BCF, 0x4208, 0x738E, 0xEF7E, 0xFFDF, 0x8C51, 0x2986, 0x632D, 0xE71C, 0xF7DF, 0x8430, 0x3186, 0x8410, 0xF7DE,
    0xEF7D, 0x6B6D, 0x3A27, 0xB5D6, 0xFFFF, 0xC679, 0x52CA, 0x7C0F, 0xF7BE, 0xC5F6, 0x8B6B, 0xB42D, 0xB42C, 0xB42C, 0xB42C, 0xBC4D,
    0xBC6D, 0xC48E, 0xC48E, 0xC48E, 0xBC4D, 0xABAB, 0xABEC, 0xABEB, 0xABCB, 0xA38A, 0x9349, 0x9309, 0x61C4, 0x832A, 0xE6D9, 0xCE57,
    0xCE36, 0xCE57, 0xCE16, 0xC5F6, 0xAD33, 0x7B8C, 0x5AA9, 0x5248, 0x41E6, 0x5268, 0x9490, 0x83EE, 0xC637, 0x6B2B, 0xBDB6, 0xCE37,
    0xB595, 0x7BAE, 0xDEBA, 0x52AA, 0xDF1B, 0x636D, 0x9D33, 0xCE99, 0x632C, 0xF7BE, 0xA554, 0x9CF3, 0xE71B, 0x6B6D, 0xDF1B, 0x6B8D,
    0x632C, 0x6B6D, 0x73CE, 0x7BEF, 0x73CE, 0x6B8D, 0x7BEF, 0x7C10, 0x7C30, 0x8430, 0x8430, 0x7C30, 0x73EF, 0x73EF, 0x7BEE, 0xACD0,
    0xBD0F, 0xB4CE, 0xB4EE, 0xB4EE, 0xB4CE, 0xACAD, 0xA46D, 0xA4AE, 0xA4AE, 0xA46D, 0x9C6D, 0x9C6E, 0x9C6D, 0x8BEC, 0x83CC, 0x83CC,
    0x83CC, 0x8C0D, 0x8C2E, 0x944E, 0x944E, 0x9C8F, 0x9C8F, 0x9C6F, 0x9C6F, 0x9C90, 0xA4D0, 0xA4F1, 0xAD11, 0xAD32, 0xAD32, 0xAD32,
    0xAD32, 0xAD32, 0xB553, 0xB573, 0xB573, 0xB573, 0xB573, 0xAD32, 0xA512, 0xAD33, 0xB553, 0xAD12, 0xA4F2, 0x9CB1, 0x9C90, 0x9C90,
    0x9CB0, 0x9C90, 0x9CB1, 0xA4D1, 0xA4D1, 0x9CB1, 0x9CB1, 0x9CD1, 0xA4F2, 0xA4F2, 0xA4F2, 0xA4F2, 0xA512, 0xAD33, 0xAD33, 0xACF2,
    0xA42F, 0xB40E, 0xBBEE, 0xB3CD, 0xABAC, 0xAB8C, 0xAB8C, 0xAB6B, 0xAB6B, 0xAB6C, 0xAB8C, 0xB3CD, 0xC46F, 0xD4F1, 0xCD72, 0x8C0E,
    0x29A5, 0x3A07, 0x4A68, 0x4A89, 0x4A69, 0x4A49, 0x5269, 0x4A88, 0x4247, 0x39E6, 0x31C5, 0x31E6, 0x4A68, 0x5B0B, 0x6BAD, 0x9D13,
    0xA534, 0xA554, 0xA554, 0x94D2, 0x94F3, 0x9CF3, 0x94B2, 0x94B2, 0x94B2, 0x8C71, 0x94D2, 0xA534, 0x94B2, 0x94B2, 0x94B2, 0x8C92,
    0x8C71, 0x8C71, 0x8451, 0x8430, 0x7C30, 0x7C0F, 0x7C30, 0x7C30, 0x7C10, 0x7C10, 0x7C0F, 0x7C0F, 0x8430, 0x8451, 0x7C30, 0x8450,
    0x8430, 0x7C10, 0x7C10, 0x7C10, 0x7C10, 0x7BEF, 0x7BEF, 0x7BEF, 0x73EF, 0x73EF, 0x7BEF, 0x7C10, 0x7BEF, 0x7BEF, 0x73CF, 0x73CF,
    0x73CF, 0x6B6E, 0x73AE, 0xA514, 0x4A49, 0x4229, 0xC639, 0xFFFF, 0xBDF8, 0x4208, 0x39E8, 0xBDF7, 0xFFFF, 0xB596, 0x39E7, 0x52CA,
    0xDEFB, 0xFFFF, 0x8471, 0x31C6, 0x8C91, 0xFFFF, 0xDF3B, 0x634C, 0x5B2B, 0xE75C, 0xD678, 0x93AC, 0xABEC, 0xBC4D, 0xB44D, 0xBC4D,
    0xBC6D, 0xC48E, 0xC48E, 0xC48E, 0xBC4D, 0xABCB, 0xABCB, 0xABEB, 0xABAB, 0xA36A, 0x9B29, 0x8B08, 0x61A4, 0xB4F1, 0xEF1A, 0xCE36,
    0xD657, 0xD677, 0xCE36, 0xC616, 0xB594, 0x9470, 0x62EA, 0x5A89, 0x5248, 0x4A27, 0x7BAD, 0x738D, 0xBDF6, 0x6B4C, 0xB575, 0xD678,
    0x9491, 0x94B1, 0xBDD6, 0x630B, 0xDF3B, 0x4AAA, 0xCE79, 0x9D13, 0x7C0F, 0xFFFF, 0x7C0F, 0xCE59, 0xD6BA, 0x7BEF, 0xE77D, 0x636D,
    0x634C, 0x634C, 0x73AE, 0x6BAE, 0x73AE, 0x634D, 0x6B6D, 0x7BEF, 0x7C0F, 0x7C30, 0x7C30, 0x7C30, 0x7C10, 0x73EF, 0x73AE, 0x8C2E,
    0xBD50, 0xBD2F, 0xBD0F, 0xBD2F, 0xBD0F, 0xB4EE, 0xACCD, 0xACCE, 0xACCE, 0xACAE, 0xA48D, 0x9C6D, 0x9C4C, 0x942C, 0x942C, 0x942C,
    0x942C, 0x8C0B, 0x942C, 0x942C, 0x942C, 0x944C, 0x9C8D, 0x8BEC, 0x83CB, 0x944E, 0x9C6E, 0x9C6E, 0x9C8E, 0xA4CF, 0xA4CF, 0xA4CF,
    0xA4AF, 0x9C8F, 0x9CAF, 0xA4D0, 0xA4D0, 0xA4D1, 0xA512, 0xA4F1, 0xA4D1, 0xA512, 0xAD33, 0xAD12, 0xAD12, 0xA4D1, 0x9CB1, 0xA4B1,
    0x9C90, 0x9C90, 0x9C90, 0x9CB1, 0x9C90, 0x9CB0, 0x9C90, 0x9C90, 0x9CB0, 0x9C90, 0x9C90, 0x9CB0, 0x9CB0, 0x9CB1, 0xA4B1, 0xA470,
    0xABED, 0xB3ED, 0xB3CD, 0xB3ED, 0xBC0E, 0xB3EE, 0xB3AD, 0xAB8C, 0xAB8C, 0xB38C, 0xB3AD, 0xC44F, 0xD511, 0xD511, 0xDDB4, 0xA490,
    0x3185, 0x31A6, 0x4228, 0x528A, 0x5AAB, 0x5AAA, 0x52AA, 0x5289, 0x4A48, 0x3A06, 0x31C5, 0x31A5, 0x39E6, 0x52A9, 0x94B1, 0xA554,
    0xA554, 0xA534, 0x94F3, 0x94D2, 0x94D2, 0x9CF3, 0x94D2, 0x94D2, 0x9CF3, 0x9CF3, 0x8C92, 0x94B2, 0x94B2, 0x8C92, 0x8C92, 0x94B2,
    0x94B2, 0x8C92, 0x8C71, 0x8451, 0x8450, 0x7C30, 0x7C10, 0x7C30, 0x8430, 0x8430, 0x8430, 0x8C71, 0x94B2, 0x8CB2, 0x8CB2, 0x94B2,
    0x8C71, 0x7C10, 0x7C30, 0x8451, 0x7C10, 0x7BEF, 0x7C10, 0x7BEF, 0x7C10, 0x7C30, 0x8430, 0x8430, 0x7C10, 0x8430, 0x7C10, 0x73CF,
    0x73AE, 0x738E, 0x634D, 0x738E, 0xCE79, 0x6B6D, 0x2145, 0x8C72, 0xF7BF, 0xE71C, 0x634D, 0x2125, 0x8C51, 0xFFDF, 0xDEDB, 0x528A,
    0x39C7, 0xBDF7, 0xFFFF, 0xAD75, 0x39E7, 0x6B8D, 0xEF9D, 0xF7DE, 0x7C0F, 0x52A9, 0xCE79, 0xEF7D, 0xA4D1, 0x8B6B, 0xB44D, 0xBC4D,
    0xB42D, 0xBC6E, 0xC48E, 0xC48E, 0xBC6D, 0xABEB, 0xABAB, 0xABAB, 0xA38A, 0x9B49, 0x9B49, 0x7A66, 0x82C8, 0xEEF9, 0xDEB8, 0xCE36,
    0xD677, 0xDE98, 0xCE36, 0xCE36, 0xBDB4, 0xAD32, 0x7BAD, 0x5AA9, 0x5AA9, 0x5A89, 0x736C, 0x7BAD, 0x8C50, 0x842F, 0xBDB5, 0xD678,
    0x73AD, 0xBDB6, 0x9CB1, 0x840F, 0xCEB9, 0x4A89, 0xDF3B, 0x73AE, 0xA554, 0xEF5C, 0x738E, 0xF79E, 0xAD95, 0x94B2, 0xDF1B, 0x5B0B,
    0x636D, 0x632C, 0x6B6D, 0x636D, 0x73AE, 0x6B6D, 0x5B0C, 0x6B8D, 0x73CF, 0x7BEF, 0x7C30, 0x8450, 0x8430, 0x7C10, 0x73CF, 0x73CD,
    0xA4AF, 0xC570, 0xC550, 0xC550, 0xC570, 0xBD0F, 0xB4CE, 0xBD0E, 0xBD0F, 0xB4EE, 0xB4CE, 0xA48D, 0x9C6C, 0x9C4B, 0x9C4B, 0x9C6C,
    0x9C8C, 0x9C8C, 0x9C6C, 0x944B, 0x944B, 0x9C6B, 0xA4AD, 0x8C0B, 0x8BEA, 0x9C8D, 0xA4AD, 0x9C4C, 0x942C, 0x9C6C, 0x9C6C, 0x9C8D,
    0x944C, 0x942C, 0x942C, 0x944C, 0x944C, 0x8C2C, 0x944D, 0x948E, 0x948F, 0x948F, 0x9CB0, 0xA4F1, 0xA4F0, 0xA4F0, 0xA4D0, 0x9CB0,
    0x9C90, 0x9C90, 0x9C70, 0x9C70, 0x9C70, 0x9C90, 0x9C90, 0x9C90, 0x946F, 0x944F, 0x946F, 0x946F, 0x944E, 0x944F, 0x9C4F, 0xA40F,
    0xABCD, 0xABAC, 0xAB8C, 0xB3CD, 0xB3EE, 0xB3ED, 0xB3CD, 0xB3CD, 0xB3AD, 0xB38C, 0xB3CD, 0xCCB0, 0xDD52, 0xD511, 0xDDB3, 0xA44F,
    0x41C5, 0x39C5, 0x39A5, 0x39C5, 0x4206, 0x4A47, 0x4A47, 0x4207, 0x39C5, 0x3185, 0x2964, 0x3185, 0x2964, 0x632B, 0xA554, 0xA534,
    0xA534, 0x9D13, 0x9CF3, 0x94D2, 0x94B2, 0x9D13, 0x94D2, 0x94D2, 0x9CF3, 0x94D3, 0x8C71, 0x8C71, 0x94B2, 0x8C92, 0x8C92, 0x8C92,
    0x8C92, 0x8C72, 0x8C72, 0x8C92, 0x8C71, 0x8471, 0x8C91, 0x8C71, 0x8C92, 0x8CB2, 0x94D2, 0x8CB2, 0x94B2, 0x94B2, 0x8CB2, 0x8CB2,
    0x8451, 0x7C10, 0x8451, 0x8451, 0x7BF0, 0x7C10, 0x7C10, 0x7C10, 0x8451, 0x8451, 0x7C10, 0x7BEF, 0x7C10, 0x7BF0, 0x7BEF, 0x73AE,
    0x73AE, 0x6B8E, 0x738E, 0x630C, 0x6B6E, 0xE73D, 0x9CD3, 0x2965, 0x5ACB, 0xD69A, 0xF7DF, 0x9CD3, 0x2965, 0x528A, 0xD6BB, 0xF7BE,
    0x73CE, 0x2965, 0x8C71, 0xFFFF, 0xCE79, 0x4A49, 0x52AA, 0xDEDA, 0xFFFF, 0x9491, 0x4248, 0xAD54, 0xFFFF, 0xC5F7, 0x836C, 0xAC4E,
    0xBCAF, 0xB44D, 0xBC6E, 0xBC6E, 0xBC6D, 0xABEB, 0xA38A, 0xA38A, 0x9B69, 0x9B49, 0x9308, 0x7225, 0xCD93, 0xEF1A, 0xD677, 0xD657,
    0xD657, 0xDE98, 0xD657, 0xCE37, 0xBDB5, 0xB594, 0x9C90, 0x62EA, 0x5AA9, 0x62CA, 0x736C, 0x8C2F, 0x8C2F, 0x7BCE, 0xBDD6, 0xC617,
    0x6B2C, 0xCE58, 0x7BAE, 0xA513, 0xADB5, 0x5B2B, 0xDF3B, 0x52CA, 0xD6B9, 0xBDF7, 0x7BEF, 0xFFFF, 0x8450, 0xB595, 0xCE99, 0x52CA,
    0x634C, 0x5B0B, 0x632C, 0x634C, 0x6BAE, 0x73CE, 0x632C, 0x634D, 0x73AE, 0x73EF, 0x7C0F, 0x7C30, 0x8450, 0x7C30, 0x73EF, 0x73EE,
    0x840D, 0xB510, 0xC570, 0xCD90, 0xCD91, 0xBD2F, 0xB4EE, 0xB50E, 0xBD2F, 0xB50E, 0xB4ED, 0xACCD, 0xA48C, 0xA48B, 0xA48B, 0xA4AC,
    0xACCD, 0xA4CC, 0xA48C, 0xA4AC, 0xA4AC, 0x9C8B, 0xA4AC, 0x9C4B, 0x940A, 0xA4AD, 0xACCD, 0xA46C, 0x9C4B, 0x9C4B, 0x942B, 0x9C4B,
    0x9C4B, 0x9C4B, 0x9C8C, 0xA4AC, 0x9C8C, 0x944B, 0x9C6C, 0x9CCE, 0x9CCE, 0x946D, 0x946D, 0x9CCE, 0x9CAE, 0x9CAE, 0x9CAE, 0x9C6E,
    0x9C6E, 0x946E, 0x944E, 0x9C4E, 0x9C6F, 0x9C90, 0x9C8F, 0x9C6F, 0xA48F, 0xB511, 0xC572, 0xC552, 0xBD31, 0xAC8F, 0x9C0E, 0x9BCD,
    0xA3AC, 0xA36B, 0xAB8C, 0xABAC, 0xB3CD, 0xB3ED, 0xB3AD, 0xB3CD, 0xB3AD, 0xAB8C, 0xB3AD, 0xC46F, 0xD512, 0xD511, 0xD552, 0x8BAD,
    0x8369, 0x7328, 0x6AE8, 0x62A7, 0x5246, 0x4A05, 0x41C4, 0x39A4, 0x39A4, 0x39A4, 0x31A4, 0x2964, 0x31A5, 0x9491, 0xA534, 0xA533,
    0xA534, 0x9D13, 0x9CF3, 0x94D2, 0x8C91, 0x94D2, 0x9CF3, 0x94B2, 0x94B2, 0x94B2, 0x8C92, 0x7C10, 0x8430, 0x8C92, 0x8C71, 0x8C92,
    0x8C92, 0x8C92, 0x94B2, 0x94D3, 0x94D2, 0x94D3, 0x94B2, 0x94B2, 0x94D3, 0x94F3, 0x94F3, 0x94D3, 0x8CB2, 0x8C91, 0x8471, 0x8450,
    0x7BEF, 0x8430, 0x8471, 0x8430, 0x7C10, 0x7C10, 0x7C10, 0x8430, 0x8451, 0x7C10, 0x7BEF, 0x73CF, 0x73CF, 0x7BEF, 0x7BEF, 0x73CF,
    0x73AF, 0x73CF, 0x73AF, 0x73CF, 0x5AEC, 0x73AE, 0xF7BE, 0xCE9A, 0x528A, 0x2966, 0x9492, 0xF7BE, 0xCE59, 0x4249, 0x31A6, 0xAD55,
    0xF7DF, 0xA535, 0x2945, 0x630C, 0xEF7D, 0xE73C, 0x630C, 0x39C6, 0xBDD6, 0xFFFF, 0xAD95, 0x4228, 0x7BCE, 0xF7DE, 0xE73C, 0x83EE,
    0x8BCD, 0xBD11, 0xBCAF, 0xB42D, 0xBC6E, 0xB40C, 0xA38A, 0x9B49, 0x9B29, 0x9308, 0x7266, 0xA46E, 0xEF3A, 0xDEB8, 0xD677, 0xD677,
    0xD677, 0xDE98, 0xD677, 0xCE57, 0xBDD5, 0xBD94, 0xAD32, 0x7B8C, 0x5AA9, 0x62CA, 0x734C, 0x8C2F, 0xB575, 0x7BCE, 0xAD54, 0xBDD6,
    0x738D, 0xBDB6, 0x738D, 0xB595, 0x94B2, 0x7C0F, 0xCEB9, 0x52AA, 0xEF7D, 0x9491, 0x9CF3, 0xFFFF, 0x73AE, 0xDEDB, 0xB596, 0x52AA,
    0x632C, 0x5B0B, 0x632C, 0x634C, 0x6B8D, 0x6BAE, 0x6B6D, 0x636D, 0x6B8D, 0x73AE, 0x73CF, 0x7BEF, 0x7C30, 0x7C30, 0x7C0F, 0x73CF,
    0x7BEE, 0x946E, 0xBD71, 0xCDB1, 0xCDB1, 0xBD4F, 0xB4EE, 0xB4EE, 0xBD4E, 0xBD2E, 0xB50D, 0xB4ED, 0xACAC, 0xACAC, 0xACAC, 0xACED,
    0xB4ED, 0xACCC, 0xA4AC, 0xACED, 0xACED, 0xACEC, 0xACED, 0xACCD, 0x9C6C, 0xACAD, 0xB4EE, 0xACAD, 0xA48C, 0xA48C, 0x9C4B, 0x9C2B,
    0x9C2A, 0x9C4B, 0xA4AC, 0xAD0D, 0xACED, 0xA4AD, 0xACEE, 0xAD2F, 0xAD2F, 0xA4AE, 0x9C8D, 0xA4CE, 0xA4EE, 0xA4ED, 0xA4CE, 0xA4AD,
    0x9C8D, 0x9C8D, 0x9C6C, 0x9C6C, 0x9C8D, 0xA48E, 0xA48E, 0xB4F0, 0xCD93, 0xDDB3, 0xDDB3, 0xE5B3, 0xE5D4, 0xE5D3, 0xCD11, 0xB42E,
    0xA3AC, 0x9B4B, 0xA34C, 0xA36C, 0xAB8C, 0xABAC, 0xAB8C, 0xAB6C, 0xAB4C, 0xAB6C, 0xB3AD, 0xC44F, 0xD512, 0xDD52, 0xCD11, 0x7B4C,
    0xB48C, 0xB46C, 0xAC4C, 0xAC4C, 0x9C0B, 0x8B89, 0x7B28, 0x7B28, 0x7B48, 0x7B28, 0x6AC8, 0x5246, 0x6B6C, 0x9D13, 0x9D13, 0x9D33,
    0xA534, 0x9D13, 0x9D13, 0x9D13, 0x8CB2, 0x8450, 0x9D13, 0x94D2, 0x8C92, 0x8C92, 0x8C92, 0x8451, 0x8451, 0x8C71, 0x94D3, 0x9CF3,
    0x94D3, 0x94D3, 0x9CF3, 0x94F3, 0x94D2, 0x94B2, 0x8CB2, 0x8CB2, 0x94B2, 0x94D3, 0x94F3, 0x94B2, 0x8C71, 0x8C71, 0x8471, 0x7C30,
    0x7C0F, 0x8C71, 0x8451, 0x7C10, 0x8430, 0x8431, 0x8430, 0x8430, 0x7BEF, 0x73CF, 0x73CF, 0x7C10, 0x8430, 0x8430, 0x7C10, 0x73CF,
    0x73AF, 0x73CF, 0x73CF, 0x73AE, 0x738E, 0x5AEC, 0x7C10, 0xE73C, 0xF7BE, 0x8C71, 0x2125, 0x52AA, 0xCE7A, 0xEF5D, 0x7BF0, 0x2125,
    0x6B4D, 0xE73D, 0xCE7A, 0x4208, 0x39E7, 0xC658, 0xFFFF, 0x8450, 0x3185, 0x94B2, 0xFFFF, 0xD699, 0x52CA, 0x52CA, 0xD6BA, 0xFFFF,
    0xAD54, 0x6B6C, 0xB533, 0xCD73, 0xAC0D, 0xABEC, 0xA38A, 0x9B29, 0x8AE8, 0x7AA6, 0x9C4D, 0xE6F9, 0xDED9, 0xDE98, 0xD677, 0xD677,
    0xDE98, 0xDEB8, 0xDE98, 0xCE57, 0xC5D5, 0xBDB4, 0xB573, 0x944F, 0x62EA, 0x62C9, 0x7BAD, 0x83EE, 0xB595, 0x7BCE, 0xA4F2, 0xC5F6,
    0x9471, 0xA4F3, 0x7BAE, 0xAD54, 0x8430, 0x8C91, 0xB5F6, 0x5B2B, 0xF7BD, 0x73AE, 0xCE58, 0xDEFB, 0x738E, 0xF7BE, 0x8450, 0x5ACB,
    0x632C, 0x5B0B, 0x5B2C, 0x632C, 0x634C, 0x6B8D, 0x6B6D, 0x636D, 0x6B8D, 0x6B8D, 0x6B8E, 0x73CE, 0x7BEF, 0x7C30, 0x7C30, 0x7C10,
    0x73EF, 0x7BEE, 0xA4D0, 0xCDB1, 0xC590, 0xBD4F, 0xB4CE, 0xB4EE, 0xC54F, 0xC56E, 0xBD4E, 0xB50D, 0xACCC, 0xACAC, 0xACCC, 0xB4ED,
    0xB52D, 0xB4ED, 0xACCC, 0xACED, 0xACED, 0xACEC, 0xB50D, 0xB50E, 0xA48C, 0xACAC, 0xB4ED, 0xACAC, 0xACAC, 0xB4CD, 0xACAC, 0xA44B,
    0x9C4B, 0x9C4B, 0xA48C, 0xACED, 0xACED, 0xACCD, 0xACEE, 0xAD2F, 0xB530, 0xACEF, 0xA4AE, 0xA50E, 0xAD2F, 0xAD0E, 0xAD2E, 0xAD0E,
    0xA4ED, 0xA4CC, 0xA4CC, 0x9CAC, 0xA48C, 0xA48D, 0xB4AE, 0xD572, 0xDDB3, 0xDD92, 0xDDB3, 0xE5B3, 0xE5B3, 0xE5B3, 0xDD73, 0xD511,
    0xC490, 0xB40E, 0xB3CE, 0xB3CD, 0xABAD, 0xAB8C, 0xABAD, 0xB3AD, 0xBBAD, 0xB36C, 0xB3AD, 0xC46F, 0xD4F1, 0xDD32, 0xB46F, 0x83AE,
    0xC4AB, 0xB46A, 0xBC8B, 0xBCAC, 0xBCAD, 0xBCAD, 0xBCCD, 0xBCAD, 0xBCCD, 0xB48D, 0xA44C, 0x8BEC, 0x8C70, 0x94F2, 0x9D13, 0xA534,
    0xA554, 0xA534, 0x9D13, 0xA534, 0x94B2, 0x7C0F, 0x94B2, 0x9CF3, 0x8C91, 0x8C71, 0x8C92, 0x8C92, 0x8C71, 0x8C71, 0x9D14, 0x9CF3,
    0x94D3, 0x94D3, 0x9492, 0x8C92, 0x8C92, 0x8C91, 0x8C91, 0x8CB2, 0x94D3, 0x94D3, 0x8C92, 0x8C71, 0x8451, 0x8451, 0x7C30, 0x73EF,
    0x8430, 0x8C71, 0x8451, 0x8431, 0x8451, 0x8430, 0x8430, 0x7C10, 0x7BEF, 0x7BF0, 0x8430, 0x8C71, 0x8451, 0x7BEF, 0x73AF, 0x73AE,
    0x73AE, 0x6B8E, 0x6B8E, 0x73AE, 0x738E, 0x738E, 0x630C, 0x5ACB, 0xAD55, 0xFFDF, 0xCE59, 0x4A8A, 0x2965, 0x94B3, 0xEF7E, 0xBDD7,
    0x39C7, 0x31C7, 0xBDF7, 0xEF5D, 0x6B6E, 0x2104, 0x94D2, 0xFFFF, 0xB5D6, 0x31A6, 0x632C, 0xEF5D, 0xF7BE, 0x7BEF, 0x3A07, 0xA513,
    0xFFFF, 0xD6DA, 0x6B6D, 0x9450, 0xCE16, 0xC552, 0x9329, 0x82A6, 0x8B29, 0xBD52, 0xEF1A, 0xE6F9, 0xDEB8, 0xDEB8, 0xDE98, 0xD698,
    0xDE98, 0xDEB8, 0xDE98, 0xCE57, 0xC5D5, 0xBDB4, 0xB594, 0xA4F2, 0x736C, 0x62CA, 0x7B8D, 0x9450, 0xA513, 0x9CD2, 0x7BAD, 0xBDB6,
    0xA4F3, 0x8C50, 0x840F, 0x9CF3, 0x7C2F, 0x94B2, 0x9D13, 0x73EE, 0xE73C, 0x5B0B, 0xEF7D, 0xAD75, 0x8C71, 0xF7BE, 0x632C, 0x5B0C,
    0x630C, 0x5B0B, 0x5B0B, 0x632C, 0x5B0B, 0x6B6D, 0x6B6D, 0x5B0C, 0x636D, 0x6B6D, 0x6B6D, 0x6B8D, 0x6BAE, 0x73EF, 0x7C30, 0x7C30,
    0x7C10, 0x7BEF, 0x8C0F, 0xB551, 0xC591, 0xC550, 0xB4CE, 0xB4EE, 0xC54F, 0xC54E, 0xC56E, 0xBD2D, 0xB4CC, 0xB4CC, 0xB4CC, 0xBD0D,
    0xBD4E, 0xB50D, 0xACEC, 0xB50D, 0xB52D, 0xB50D, 0xB50D, 0xBD4E, 0xACAC, 0xA48C, 0xB4ED, 0xB4ED, 0xACAC, 0xACCD, 0xACCD, 0xACAC,
    0xA48B, 0xA48B, 0xA48C, 0xACCD, 0xACCD, 0xACCD, 0xACEE, 0xAD0F, 0xB531, 0xB531, 0xACCF, 0xAD10, 0xAD50, 0xAD0E, 0xAD0E, 0xB52E,
    0xACED, 0xA4AC, 0xA4ED, 0xA4CC, 0xACAD, 0xAC4C, 0xB46D, 0xCCF0, 0xDD72, 0xDD72, 0xDD92, 0xDD93, 0xDD93, 0xDD73, 0xDD52, 0xDD32,
    0xCCD1, 0xC490, 0xCCB1, 0xC450, 0xBC2F, 0xCCB1, 0xE513, 0xCC30, 0xD471, 0xD470, 0xB38D, 0xBC2E, 0xC4B0, 0xCCF1, 0x9BCD, 0x9471,
    0xC4AB, 0xB44A, 0xBC6B, 0xBCAC, 0xBCCD, 0xC4EE, 0xC50F, 0xCD0F, 0xCD2F, 0xC50F, 0xC50F, 0x9C8E, 0x8C90, 0x94D2, 0x9D13, 0xA554,
    0xA554, 0xA534, 0x9D34, 0x9D34, 0x94D2, 0x8C71, 0x7C0F, 0x94D2, 0x94D3, 0x94B2, 0x94D2, 0x94D3, 0x9D14, 0x94B2, 0x8C71, 0x94B2,
    0x94B3, 0x8C92, 0x8C72, 0x8C71, 0x8C92, 0x94B2, 0x94D2, 0x94D3, 0x94D2, 0x8CB2, 0x8471, 0x8450, 0x8451, 0x7C30, 0x73CE, 0x7C0F,
    0x8450, 0x8451, 0x8451, 0x8451, 0x8431, 0x8430, 0x7C10, 0x7C10, 0x8430, 0x8451, 0x8451, 0x8431, 0x73CF, 0x6B8E, 0x73AE, 0x73AE,
    0x73AE, 0x73AF, 0x73CF, 0x73AE, 0x73AE, 0x73AF, 0x73AE, 0x630C, 0x31A7, 0x6B4D, 0xD6DB, 0xF7BE, 0x8C71, 0x2945, 0x52AA, 0xCE7A,
    0xE73C, 0x6B6E, 0x2104, 0x8410, 0xEF7E, 0xA534, 0x2965, 0x5AEB, 0xEF5D, 0xDEFB, 0x4A89, 0x4208, 0xC658, 0xFFFF, 0xA554, 0x4227,
    0x73AD, 0xEF9D, 0xFFFF, 0x94B1, 0x632B, 0xBDB5, 0xD637, 0xAD11, 0xDEB7, 0xEF7B, 0xE71A, 0xDED9, 0xDED9, 0xDEB8, 0xDEB8, 0xDE98,
    0xDEB8, 0xDEB8, 0xDEB8, 0xCE57, 0xC5D5, 0xBDB5, 0xBD94, 0xAD33, 0x8C0E, 0x62C9, 0x7B8D, 0xA4F3, 0x7BAE, 0xBDD6, 0x6B2C, 0x9471,
    0xAD34, 0x736D, 0x9CD2, 0x8C50, 0x7C0F, 0x94D2, 0x8CB1, 0x8470, 0xCE79, 0x5B0B, 0xF7BE, 0x8451, 0xB596, 0xD6BA, 0x52AA, 0x632C,
    0x5B0B, 0x5AEB, 0x5AEB, 0x5B0C, 0x5B0B, 0x634C, 0x6B6D, 0x52CB, 0x5B0C, 0x636D, 0x6B6D, 0x6B8D, 0x6B8D, 0x73CE, 0x740F, 0x7C10,
    0x7C0F, 0x7C0F, 0x7BEF, 0x8C4F, 0xB531, 0xC591, 0xB4EE, 0xB4EE, 0xBD4E, 0xBD4E, 0xBD4E, 0xBD0D, 0xB4CC, 0xB4CB, 0xB4CC, 0xBD2D,
    0xC56E, 0xBD2D, 0xB50D, 0xBD2D, 0xBD4D, 0xBD2D, 0xBD2D, 0xC54E, 0xACCC, 0xA44B, 0xACCC, 0xB4CD, 0xB4ED, 0xB4ED, 0xB4ED, 0xB4CD,
    0xB4ED, 0xACED, 0xACCD, 0xACED, 0xACCD, 0xA4AD, 0xACCE, 0xAD10, 0xB552, 0xBD73, 0xB532, 0xB532, 0xB571, 0xAD30, 0xAD2F, 0xB530,
    0xACEE, 0xA4AD, 0xA4CD, 0xA4EE, 0xAC8D, 0xAC0C, 0xAC0D, 0xBC6E, 0xCCD0, 0xD531, 0xD531, 0xD552, 0xD552, 0xD532, 0xD511, 0xCCB0,
    0xCCB0, 0xD4D2, 0xD4B1, 0xC470, 0xC470, 0xC470, 0xC42F, 0xC3EF, 0xD430, 0xED13, 0xBBCE, 0xABAD, 0xBC2E, 0xBC6F, 0x93AD, 0xAD34,
    0xBC8B, 0xBC8B, 0xBCAC, 0xC4CD, 0xBCCD, 0xBCCD, 0xC50F, 0xCD30, 0xCD0F, 0xCD0F, 0xBD30, 0x944F, 0x94B1, 0x94D2, 0x9D13, 0xA534,
    0xA534, 0x9D34, 0x9D14, 0x9D13, 0x94F3, 0x9CF3, 0x6B8E, 0x73CF, 0xA554, 0x94D2, 0x94D3, 0x9CF3, 0x94D3, 0x94D3, 0x8C71, 0x8C92,
    0x94B2, 0x8C72, 0x8C92, 0x94B2, 0x94D3, 0x94F3, 0x94F3, 0x8CB2, 0x8C92, 0x8451, 0x8450, 0x7C10, 0x7C0F, 0x73CF, 0x7BEF, 0x8450,
    0x8451, 0x8C71, 0x8C71, 0x8C91, 0x8C92, 0x8C92, 0x8CB2, 0x94B2, 0x94D3, 0x94B3, 0x8C92, 0x7C10, 0x6B8E, 0x6B8E, 0x6B8E, 0x6B8E,
    0x73AE, 0x73AE, 0x73AE, 0x73AE, 0x73AE, 0x73CF, 0x73AE, 0x6B8E, 0x634D, 0x39C7, 0x31C7, 0x9492, 0xF79E, 0xCE79, 0x52AA, 0x2945,
    0x8C71, 0xEF7E, 0xAD76, 0x3186, 0x4229, 0xCE79, 0xDEFB, 0x52CA, 0x3186, 0xB5B6, 0xF7BE, 0x7C10, 0x3186, 0x94D2, 0xFFFF, 0xD6B9,
    0x5AEB, 0x5289, 0xC638, 0xFFFF, 0xCE78, 0x632B, 0x7C0F, 0xE73A, 0xF7DD, 0xD6B8, 0xD6B8, 0xE73A, 0xE6F9, 0xDEB8, 0xDE98, 0xDED9,
    0xE6D9, 0xDE98, 0xDE98, 0xCE57, 0xC5F5, 0xBDD5, 0xBDB5, 0xB573, 0x9470, 0x6AEA, 0x7BAD, 0x9470, 0x9C91, 0x736C, 0xB595, 0x630B,
    0xC5F7, 0x738D, 0x9CD2, 0x83EF, 0x7C2F, 0x8CB1, 0x8450, 0x8C91, 0xB5B5, 0x73AE, 0xEF9D, 0x6B4D, 0xD6BA, 0xB5B6, 0x52AA, 0x632C,
    0x5B0B, 0x52EB, 0x52EB, 0x5B0B, 0x5AEB, 0x5B2C, 0x6B6D, 0x5B0B, 0x5AEB, 0x634C, 0x636D, 0x6B6D, 0x6B8D, 0x6BAE, 0x73CF, 0x7C0F,
    0x7C0F, 0x7BEF, 0x7BEF, 0x7BEF, 0x840F, 0x9C6E, 0xB50F, 0xBD0E, 0xC56F, 0xC56F, 0xC54E, 0xC54E, 0xB4CC, 0xB4CB, 0xB4CB, 0xBD0C,
    0xC54D, 0xBD2D, 0xB50C, 0xBD0D, 0xBD4D, 0xBD2D, 0xBD2D, 0xC56E, 0xB4ED, 0x9C4A, 0xACAB, 0xACCC, 0xB4ED, 0xB50E, 0xB4ED, 0xB4ED,
    0xBD2E, 0xB50E, 0xB50E, 0xB4EE, 0xACEE, 0xA4CE, 0xA4CE, 0xAD10, 0xBD72, 0xBDB4, 0xBD73, 0xB573, 0xBD93, 0xB551, 0xAD30, 0xB571,
    0xB550, 0xACCE, 0xA4AE, 0xACEE, 0xA44D, 0xA3CC, 0xABEC, 0xB40D, 0xBC4E, 0xC48F, 0xCCD0, 0xD4F1, 0xD4F1, 0xD4F1, 0xD4F1, 0xCCB0,
    0xCCB1, 0xCC70, 0xC450, 0xCC70, 0xC44F, 0xC3EE, 0xC3EE, 0xCBEE, 0xD40F, 0xED14, 0xBBEF, 0x9B4B, 0xABCC, 0xA3CD, 0x8B8E, 0xB5D7,
    0xC4CC, 0xC4CC, 0xC4ED, 0xC4ED, 0xC4ED, 0xC50E, 0xCD2F, 0xC50E, 0xC4EE, 0xCD50, 0xACD0, 0x8450, 0x94B2, 0x94D2, 0x9CF3, 0x9D34,
    0xA554, 0xA534, 0x9D13, 0x9D13, 0x9D13, 0x9CF3, 0x7BEF, 0x52AA, 0x94B2, 0x9D14, 0x94D3, 0x94D3, 0x94D3, 0x94D3, 0x94B2, 0x8451,
    0x94B2, 0x94D3, 0x8C92, 0x94D3, 0x94B2, 0x94B2, 0x94B2, 0x8C71, 0x8430, 0x7C10, 0x7BEF, 0x73EF, 0x7BEF, 0x7C30, 0x8471, 0x8C71,
    0x8C92, 0x94D3, 0x9CF3, 0x9CF3, 0x9CF3, 0x9CF3, 0x94D3, 0x8CB2, 0x8C91, 0x8451, 0x7C10, 0x73AE, 0x6B8E, 0x6B8E, 0x6B8E, 0x6B8E,
    0x73AE, 0x73AE, 0x6B8E, 0x6BAE, 0x73AE, 0x6B8E, 0x73AE, 0x6BAE, 0x6B6E, 0x6B6E, 0x7BEF, 0x39C7, 0x528A, 0xCE59, 0xF7BF, 0x9CF3,
    0x2966, 0x5ACB, 0xD6BB, 0xDEFC, 0x6B6D, 0x2945, 0x8C51, 0xE75D, 0x9CD3, 0x2945, 0x73AE, 0xF7BE, 0xB5B6, 0x31C6, 0x5B0B, 0xE73C,
    0xF7DE, 0x8430, 0x3A07, 0x8C70, 0xFFFE, 0xFFFE, 0x8C91, 0x52A9, 0xA512, 0xEF9C, 0xD698, 0xAD53, 0xDEB9, 0xE6FA, 0xDE98, 0xE6F9,
    0xDED9, 0xDEB8, 0xDE98, 0xCE57, 0xC5F6, 0xC5D5, 0xBDD5, 0xB574, 0x9CD1, 0x6B2B, 0x7B8C, 0x9470, 0x9470, 0x840F, 0x840F, 0x842F,
    0xAD74, 0x9491, 0x9471, 0x840F, 0x94D2, 0x8C91, 0x7C30, 0x8470, 0x94D2, 0x7BEF, 0xD6DA, 0x5AEB, 0xE75D, 0x9492, 0x52CB, 0x632C,
    0x5B0B, 0x52EB, 0x52EB, 0x5B0B, 0x5B0C, 0x5B0B, 0x634D, 0x5B2C, 0x5B0C, 0x634C, 0x634D, 0x634D, 0x636D, 0x6B8D, 0x73AE, 0x7BEF,
    0x7BEF, 0x73EF, 0x73EF, 0x73EF, 0x7C10, 0x634C, 0x7BAC, 0xBD30, 0xC58F, 0xC56F, 0xC58F, 0xC56E, 0xBD0D, 0xB4EC, 0xB4EC, 0xC52D,
    0xC56E, 0xC54E, 0xBD0D, 0xBD0D, 0xC54D, 0xBD2D, 0xBD2D, 0xC56F, 0xBD2E, 0xACCC, 0xBD0D, 0xBD0E, 0xB4EE, 0xBD0E, 0xBD0E, 0xB50E,
    0xBD2F, 0xBD2F, 0xB52F, 0xB52F, 0xB52F, 0xAD0F, 0xAD0F, 0xB531, 0xBD93, 0xBDB4, 0xBD94, 0xBD94, 0xC5D5, 0xBDB4, 0xB552, 0xBD93,
    0xBD93, 0xB510, 0xA4CF, 0xACEF, 0xA40C, 0xA3CC, 0xA3CC, 0xABCC, 0xB3ED, 0xBC2E, 0xC46F, 0xCC8F, 0xCCB0, 0xC48F, 0xCC90, 0xCCB0,
    0xCC90, 0xBC0F, 0xB3CE, 0xBBCE, 0xBBAD, 0xC3CE, 0xCBEE, 0xCBCE, 0xD410, 0xED34, 0xB3AE, 0x92EA, 0xA36B, 0x82EA, 0x8C0F, 0xBE39,
    0xCD0D, 0xCD2E, 0xC50D, 0xC50D, 0xC52E, 0xCD4F, 0xC52F, 0xC4EE, 0xCD2F, 0xCD91, 0x8C4F, 0x8C91, 0x94B2, 0x94D2, 0x94F3, 0x9D14,
    0xA534, 0xA534, 0xA534, 0xA534, 0x9D13, 0x94B2, 0x8430, 0x634C, 0x634C, 0x9CF3, 0x9CF3, 0x94D3, 0x94D3, 0x94D3, 0x94D3, 0x94B2,
    0x8C72, 0x8C72, 0x94D3, 0x94B3, 0x8C71, 0x8451, 0x8451, 0x7C10, 0x7BF0, 0x73CF, 0x73CF, 0x7BF0, 0x8451, 0x8C92, 0x94B2, 0x94D3,
    0x9CF4, 0x9CF3, 0x94D3, 0x94D3, 0x8C92, 0x8C71, 0x8471, 0x7C30, 0x7BEF, 0x73CF, 0x6B8E, 0x6B8E, 0x6B8E, 0x6B8E, 0x73AE, 0x6B8E,
    0x6B8E, 0x73AE, 0x73AE, 0x6B8E, 0x6BAE, 0x6B8E, 0x6B8E, 0x73AE, 0x73AE, 0x6B4D, 0x73AF, 0xBDD7, 0x6B4D, 0x39C7, 0x9D14, 0xFFFF,
    0xDEDB, 0x5ACB, 0x39C7, 0xAD75, 0xF7DF, 0xB596, 0x31A6, 0x4A49, 0xCE9A, 0xD69A, 0x4229, 0x4208, 0xCE59, 0xE73C, 0x5B0B, 0x31C6,
    0xB5B6, 0xFFFF, 0xBDF7, 0x4A49, 0x52CA, 0xCE99, 0xFFFF, 0xB5F6, 0x4A89, 0x73AD, 0xEF7C, 0xDEDA, 0xA533, 0xCE37, 0xE71A, 0xE6FA,
    0xDED9, 0xDEB9, 0xD678, 0xCE57, 0xCE16, 0xC5F6, 0xBDD5, 0xBD94, 0xAD33, 0x7BAD, 0x734C, 0x9C71, 0x840F, 0x9470, 0x83EF, 0x8C50,
    0xB575, 0x8C50, 0x9CB2, 0x83EF, 0x94F2, 0x8C91, 0x9D13, 0x73CE, 0xA534, 0x6B6D, 0xBDD7, 0x52AA, 0xDEDB, 0x7BCF, 0x5B0C, 0x5B2C,
    0x5AEB, 0x52CB, 0x52CB, 0x52EB, 0x5B0C, 0x5AEB, 0x632C, 0x632C, 0x5AEB, 0x5B2C, 0x634C, 0x634C, 0x632C, 0x634C, 0x636D, 0x73CE,
    0x73EF, 0x7BEF, 0x7BEF, 0x73CE, 0x7C0F, 0x7BF0, 0x4A8A, 0x944E, 0xCDD1, 0xC58F, 0xC58F, 0xCD8F, 0xC52E, 0xBD0C, 0xBCEC, 0xC54D,
    0xC54E, 0xC54D, 0xC52D, 0xBD0D, 0xC52D, 0xC52D, 0xBD2D, 0xC58F, 0xC56F, 0xB50E, 0xC570, 0xC570, 0xB4EE, 0xBD0F, 0xBD30, 0xBD10,
    0xBD10, 0xBD30, 0xBD31, 0xBD51, 0xBD72, 0xB572, 0xB552, 0xB573, 0xBDD4, 0xBDD5, 0xBDD5, 0xBDB5, 0xC616, 0xC636, 0xBDB5, 0xBD94,
    0xC5B5, 0xBD73, 0xB531, 0xACAF, 0x9BCC, 0xA3CC, 0xA3CC, 0xABCC, 0xABCC, 0xB3ED, 0xBC2E, 0xBC2E, 0xC44E, 0xBC2E, 0xBC2F, 0xC470,
    0xCC70, 0xC42F, 0xBBEE, 0xBBAD, 0xBB8D, 0xBB8D, 0xC3AE, 0xCBAE, 0xDC71, 0xDCD2, 0x8A89, 0x8ACA, 0x932B, 0x6A48, 0xA4B3, 0xB619,
    0xCD4E, 0xCD2E, 0xCD2E, 0xCD2E, 0xCD4F, 0xCD4F, 0xC50E, 0xC52E, 0xD591, 0xB551, 0x842F, 0x94D2, 0x94D2, 0x94D3, 0x94F3, 0x9D13,
    0x9D14, 0x9D34, 0x9D14, 0x9D14, 0x94F3, 0x8C92, 0x8451, 0x7C10, 0x632C, 0x7BEF, 0x9CF3, 0x94D3, 0x94D3, 0x94D3, 0x94D3, 0x8C92,
    0x8431, 0x94D3, 0x9CF3, 0x8C92, 0x8431, 0x7C10, 0x7C10, 0x73CF, 0x7BEF, 0x7BEF, 0x8430, 0x8C71, 0x94B2, 0x94D3, 0x9D14, 0x9CF4,
    0x94B3, 0x8C92, 0x8C71, 0x8431, 0x8430, 0x7C10, 0x7BEF, 0x73CF, 0x73AE, 0x6B8E, 0x73AE, 0x73AE, 0x73AE, 0x73AE, 0x73AF, 0x73AE,
    0x73AF, 0x73CF, 0x73CF, 0x73AE, 0x6BAE, 0x6B8E, 0x73AE, 0x73AE, 0x738E, 0x73AF, 0x630C, 0x6B4D, 0xDEFC, 0xAD75, 0x4229, 0x73CF,
    0xEF7E, 0xFFFF, 0x94B2, 0x4208, 0x8431, 0xF79E, 0xE73D, 0x632D, 0x3186, 0xA535, 0xEF9E, 0x8410, 0x2945, 0x94B2, 0xFFDF, 0x9CF3,
    0x2965, 0x7BCF, 0xF7BE, 0xEF5D, 0x738D, 0x31C6, 0x94B2, 0xFFFF, 0xDF3C, 0x632C, 0x5B0B, 0xE75C, 0xFFFF, 0xBDF6, 0xB594, 0xDED9,
    0xE71A, 0xDEB8, 0xD678, 0xD657, 0xCE37, 0xCE16, 0xC5D5, 0xBD94, 0xB574, 0x9C90, 0x6B2B, 0x8C0F, 0x9470, 0x7BAD, 0x8C2F, 0x9491,
    0xA533, 0x7BAE, 0xAD34, 0x7BCE, 0x9D13, 0x8470, 0x9D13, 0x73CE, 0xC638, 0x52CA, 0xBDD7, 0x4A8A, 0xCE79, 0x73CE, 0x5B2C, 0x632C,
    0x5AEB, 0x52CB, 0x52AA, 0x52CB, 0x5B0B, 0x52CB, 0x5B0C, 0x5B2C, 0x52CA, 0x5B0B, 0x634C, 0x632C, 0x5B2C, 0x5B2C, 0x5B2C, 0x6B6D,
    0x73CF, 0x7C0F, 0x7C0F, 0x73EF, 0x73CF, 0x8430, 0x634C, 0x52CA, 0xB550, 0xCDB0, 0xC56F, 0xCD8F, 0xC54E, 0xBD0C, 0xBCEC, 0xC52D,
    0xC52D, 0xC52D, 0xC50D, 0xC50C, 0xC52D, 0xC52D, 0xBD2D, 0xC56F, 0xC590, 0xBD2F, 0xC571, 0xC571, 0xB4EF, 0xB50F, 0xC571, 0xBD51,
    0xB531, 0xB531, 0xB552, 0xBD72, 0xBD93, 0xBDB4, 0xBD94, 0xBDB4, 0xC5F6, 0xC616, 0xCE37, 0xBDF6, 0xC616, 0xCE78, 0xC617, 0xBDB6,
    0xC5D6, 0xC5D5, 0xBD93, 0xA42E, 0xA3CC, 0xA3EC, 0xA3CC, 0xA3AC, 0xABAC, 0xABAC, 0xB3CD, 0xB3CD, 0xB3CD, 0xB3CD, 0xB3CD, 0xB3EE,
    0xB3EE, 0xBBEE, 0xBBCE, 0xB38D, 0xB34C, 0xB34C, 0xBB4D, 0xD3EF, 0xDCB2, 0x9AEA, 0x7207, 0x8AA9, 0x82C9, 0x6248, 0xBD97, 0xB5D9,
    0xCD4E, 0xCD4F, 0xD56F, 0xD58F, 0xD58F, 0xCD4F, 0xCD2F, 0xD570, 0xD5D2, 0x9C8F, 0x8C71, 0x94D2, 0x94B2, 0x94B3, 0x94D3, 0x9D13,
    0x9D14, 0x9CF3, 0x94F3, 0x94F3, 0x94D2, 0x8C71, 0x8C71, 0x8C91, 0x8430, 0x634D, 0x8C71, 0x9CF3, 0x94B2, 0x94B2, 0x94B2, 0x94D3,
    0x94D3, 0x8C71, 0x8451, 0x8C71, 0x7C10, 0x73CF, 0x7BEF, 0x7BEF, 0x8430, 0x8451, 0x8C72, 0x94B2, 0x94D3, 0x94D3, 0x94D3, 0x94B2,
    0x8C72, 0x8451, 0x8451, 0x8430, 0x8430, 0x7C10, 0x7C10, 0x73CF, 0x73CF, 0x73CF, 0x73AE, 0x73CF, 0x7BEF, 0x7BEF, 0x7BEF, 0x7C10,
    0x8430, 0x8430, 0x7C10, 0x73CF, 0x73AF, 0x73AE, 0x73CF, 0x73AE, 0x6B8E, 0x73AE, 0x73AF, 0x5AEC, 0x6B6E, 0xF79E, 0xE75D, 0x8410,
    0x5AEC, 0xBDF8, 0xFFFF, 0xD69A, 0x5AEC, 0x634D, 0xDEFB, 0xFFFF, 0x9CD3, 0x39C7, 0x8C72, 0xFFFF, 0xBDD7, 0x31A6, 0x5AEB, 0xEF5D,
    0xD6BA, 0x4A69, 0x4208, 0xC618, 0xFFFF, 0xAD54, 0x39E7, 0x632C, 0xE73C, 0xF7DE, 0x7BEF, 0x4A89, 0xAD95, 0xFFFF, 0xE73B, 0xB5B5,
    0xCE57, 0xDEB9, 0xD678, 0xD678, 0xCE57, 0xCE37, 0xC5D5, 0xBDB5, 0xB594, 0xAD33, 0x83CD, 0x7B8D, 0x8C2F, 0x9470, 0x7BCE, 0x9CB2,
    0x9CD2, 0x842F, 0x9CF3, 0x7BEF, 0x9D33, 0x8491, 0x8C91, 0x7C0F, 0xC658, 0x52AA, 0xD69A, 0x52AA, 0xC618, 0x7C0F, 0x5B0C, 0x634C,
    0x5B0B, 0x52CB, 0x52AA, 0x52CA, 0x5AEB, 0x52CB, 0x5B0B, 0x632C, 0x4AAA, 0x52EB, 0x5B2C, 0x632C, 0x5B2C, 0x5B0C, 0x5B0B, 0x632C,
    0x6B6D, 0x73CE, 0x7C0F, 0x7C0F, 0x73EF, 0x73EF, 0x7C10, 0x52AA, 0x73AB, 0xC590, 0xC58F, 0xCD6F, 0xC54E, 0xBD0C, 0xBCEC, 0xBD0C,
    0xBD2D, 0xBD2D, 0xBD0C, 0xBD0C, 0xC52D, 0xC54D, 0xBD2D, 0xC56F, 0xC5B0, 0xBD50, 0xC572, 0xC572, 0xACCF, 0xB4EF, 0xC571, 0xC592,
    0xBD52, 0xB552, 0xBD73, 0xBD93, 0xC5D4, 0xC5D5, 0xBDD5, 0xBDD5, 0xC616, 0xC637, 0xCE58, 0xC637, 0xC617, 0xD699, 0xCE78, 0xBDF6,
    0xC617, 0xCE37, 0xC573, 0x9BED, 0xA3ED, 0xA3ED, 0xA3CC, 0xA3AC, 0xA38B, 0xA36B, 0xABAC, 0xABAC, 0xABAC, 0xABAC, 0xAB8C, 0xAB8C,
    0xA36C, 0xAB6C, 0xAB4C, 0xAB2B, 0xAB0B, 0xAB2C, 0xBB8D, 0xC3CE, 0x92CA, 0x71E6, 0x7A27, 0x8268, 0x7268, 0x72CB, 0xCE3A, 0xB598,
    0xCD6F, 0xD58F, 0xD5B0, 0xD5B0, 0xD58F, 0xCD6F, 0xD590, 0xDDD1, 0xB530, 0x840E, 0x94B2, 0x94B2, 0x94B2, 0x94B3, 0x94B2, 0x94D2,
    0x94D3, 0x9CF3, 0x9D13, 0x94F3, 0x94D3, 0x94B2, 0x8C71, 0x8C92, 0x8CB2, 0x73CF, 0x6B8E, 0x94D2, 0x94B2, 0x94D3, 0x94B2, 0x94D3,
    0x94B2, 0x8C72, 0x8451, 0x73AF, 0x73CF, 0x7C10, 0x8431, 0x8451, 0x8C71, 0x8C92, 0x94D3, 0x9CF3, 0x94D3, 0x94D3, 0x94D3, 0x94B3,
    0x94B3, 0x8C92, 0x8C71, 0x8C71, 0x8451, 0x8451, 0x8431, 0x8430, 0x7BF0, 0x7BEF, 0x7BF0, 0x7C10, 0x7C10, 0x7C10, 0x8430, 0x8430,
    0x8431, 0x7C10, 0x7BEF, 0x73CF, 0x7BEF, 0x7BEF, 0x7BEF, 0x7BEF, 0x73CF, 0x73AF, 0x7BCF, 0x73CF, 0x630C, 0x6B4D, 0xAD55, 0xD6BA,
    0xC618, 0x738E, 0x7BCF, 0xE71C, 0xFFFF, 0x8C72, 0x528A, 0xB5B7, 0xFFFF, 0xC618, 0x4A49, 0x7BEF, 0xF7BE, 0xE71C, 0x52AA, 0x39E8,
    0xCE79, 0xFFDF, 0x8430, 0x2986, 0x8C71, 0xFFFF, 0xDEDA, 0x5AEB, 0x4A89, 0xD6BA, 0xFFFF, 0xAD75, 0x4A89, 0x634C, 0xC658, 0xFFFE,
    0xD6B9, 0xC5F6, 0xD698, 0xD678, 0xD657, 0xCE37, 0xC5F6, 0xBDB5, 0xBD94, 0xB574, 0x9C90, 0x83AD, 0x8C2F, 0x8C0F, 0x8C50, 0x8C0F,
    0x8C50, 0x9CD2, 0x8C30, 0x9491, 0x94D2, 0x8C91, 0x8470, 0x8450, 0xB5D6, 0x630B, 0xD6BA, 0x528A, 0xCE59, 0x7BCF, 0x5B2C, 0x634D,
    0x5B0C, 0x52EB, 0x52CA, 0x52CA, 0x52EB, 0x52EB, 0x52EB, 0x632C, 0x52AA, 0x52CB, 0x5B0C, 0x5B2C, 0x5B2C, 0x5B0C, 0x5AEB, 0x5B0C,
    0x632C, 0x636D, 0x73AE, 0x7BEF, 0x7C0F, 0x73EF, 0x7C0F, 0x6BCE, 0x4A89, 0x8C2D, 0xC56F, 0xC56F, 0xC54E, 0xBD0D, 0xB4EB, 0xBCEC,
    0xBD0D, 0xBD2D, 0xC52D, 0xBD0D, 0xC52D, 0xC54E, 0xBD4E, 0xC56F, 0xC5B1, 0xBD50, 0xC572, 0xC593, 0xB510, 0xA4AE, 0xBD51, 0xCDB3,
    0xBD93, 0xB573, 0xBD93, 0xBDB4, 0xC5F5, 0xC616, 0xC616, 0xC616, 0xC616, 0xCE37, 0xCE78, 0xCE78, 0xC637, 0xCE99, 0xD6B9, 0xC637,
    0xC637, 0xD677, 0xB4F1, 0x9BCC, 0xA3CD, 0xA3EC, 0xA3EC, 0xA3AC, 0xA3AC, 0x9B4B, 0x930A, 0x9B2B, 0x9B4B, 0x9B2B, 0x9B0B, 0x9B0B,
    0x9B0B, 0x9B0B, 0x9AEA, 0x9AEA, 0xA32B, 0xA34C, 0x9B0A, 0x7A27, 0x69C6, 0x7207, 0x7227, 0x7A68, 0x6207, 0x836E, 0xCE5B, 0x9494,
    0xD590, 0xD5D0, 0xDDD0, 0xD5B0, 0xD5AF, 0xD5B0, 0xDDD1, 0xC52F, 0x840D, 0x8430, 0x94B2, 0x94B2, 0x94B2, 0x94B2, 0x8CB2, 0x94B2,
    0x94B2, 0x94D3, 0x9D13, 0x94F3, 0x94D3, 0x94B2, 0x8CB2, 0x94B2, 0x94D2, 0x8C92, 0x6B8E, 0x7BEF, 0x9D14, 0x9CF3, 0x9CF3, 0x94B3,
    0x8451, 0x7BEF, 0x73AE, 0x73AE, 0x8C92, 0x8C92, 0x8451, 0x94B2, 0x9CF3, 0xA555, 0xA555, 0x9D34, 0x9D14, 0x9CF3, 0x94D3, 0x94D3,
    0x8CB2, 0x94B2, 0x94B2, 0x94B2, 0x8C92, 0x94B2, 0x8C92, 0x8C71, 0x8C71, 0x8C71, 0x8451, 0x8C71, 0x8451, 0x8430, 0x8430, 0x7C10,
    0x7BEF, 0x7BEF, 0x7BEF, 0x7C10, 0x8430, 0x8451, 0x8431, 0x8430, 0x8410, 0x7C10, 0x7C10, 0x7C10, 0x7BF0, 0x630C, 0x632D, 0x94B3,
    0x94B3, 0xD69A, 0xC638, 0x6B6D, 0x94B3, 0xFFFF, 0xC659, 0x52AA, 0x8C72, 0xFFFF, 0xDEFB, 0x5AEB, 0x6B4D, 0xE73D, 0xFFDF, 0x8410,
    0x31C7, 0xAD55, 0xFFFF, 0xBDD7, 0x4228, 0x6B4D, 0xEF7D, 0xFFDF, 0x7BEF, 0x4248, 0xB5B6, 0xFFFF, 0xEF9D, 0x94D2, 0x5B0B, 0x7BEF,
    0xDEFA, 0xEF5B, 0xBDD5, 0xD678, 0xDEB9, 0xCE16, 0xC5F6, 0xBDD5, 0xBDB5, 0xB574, 0xAD33, 0x8C2F, 0x7BAD, 0x9470, 0x83EF, 0x9471,
    0x840F, 0x9CF3, 0x7BAE, 0xA513, 0x8C71, 0x8CB2, 0x8430, 0x8C91, 0xAD74, 0x738D, 0xCE58, 0x52AA, 0xD6BA, 0x5AEB, 0x5B0C, 0x634C,
    0x5B0B, 0x52EB, 0x52CA, 0x52AA, 0x52EB, 0x5AEB, 0x52AA, 0x632C, 0x52EB, 0x52CB, 0x5B0C, 0x5B2C, 0x5B2C, 0x5B2C, 0x5AEB, 0x5AEB,
    0x5B0B, 0x632C, 0x634D, 0x73AE, 0x7BEF, 0x7BEF, 0x73EF, 0x7C30, 0x5B2C, 0x52A8, 0xACEE, 0xCD6F, 0xC54E, 0xBD0D, 0xB4EB, 0xB4EC,
    0xBCEC, 0xBD2D, 0xC52D, 0xC50D, 0xC52D, 0xC54E, 0xBD4E, 0xC570, 0xC5B1, 0xBD70, 0xC592, 0xCDD4, 0xB551, 0xA4CE, 0xB511, 0xC5B4,
    0xC5B4, 0xBD94, 0xBDB4, 0xBDD5, 0xC616, 0xC637, 0xC637, 0xC637, 0xC637, 0xCE58, 0xCE78, 0xD6B9, 0xC658, 0xCE78, 0xD6B9, 0xC678,
    0xC677, 0xCE57, 0xA42E, 0xA3CC, 0xABED, 0xA3ED, 0xA3ED, 0xA3AC, 0xA38C, 0xA38C, 0x9B4B, 0x92C9, 0x92C9, 0x92C9, 0x92CA, 0x92CA,
    0x92CA, 0x92CA, 0x92EA, 0x9AEA, 0x930A, 0x8289, 0x7206, 0x6A06, 0x69E6, 0x71E6, 0x7227, 0x7227, 0x5185, 0x9452, 0xC63A, 0x7C30,
    0xD5B0, 0xDDD1, 0xD590, 0xD58F, 0xD5B0, 0xDDF1, 0xCD6F, 0x8BCB, 0x7BAD, 0x8C71, 0x94B2, 0x94D2, 0x94D2, 0x94B2, 0x8CB2, 0x94B2,
    0x94B2, 0x94D3, 0x9CF3, 0x94F3, 0x94D3, 0x94D2, 0x94D2, 0x94D3, 0x94D3, 0x94B2, 0x8451, 0x738E, 0x8C71, 0x9CF4, 0x94D3, 0x8451,
    0x8430, 0x8451, 0x8C92, 0x8C92, 0x8451, 0x8431, 0x9CF3, 0x9CF3, 0x94D3, 0x8C92, 0x8430, 0x7C30, 0x7C0F, 0x7BEF, 0x7C0F, 0x7BEF,
    0x7BEF, 0x7C10, 0x7C10, 0x7C0F, 0x7BEF, 0x7C0F, 0x7C0F, 0x73EF, 0x73CF, 0x73AE, 0x6B8E, 0x6B8D, 0x6B8D, 0x6B8D, 0x6B8D, 0x73AE,
    0x73CF, 0x7BF0, 0x7BF0, 0x7BEF, 0x7BEF, 0x7BF0, 0x7BF0, 0x7C10, 0x8430, 0x8430, 0x8430, 0x7C30, 0x7C10, 0x73AF, 0x632C, 0x8C92,
    0xC638, 0x738E, 0x9CD3, 0xEF9E, 0x9492, 0x634D, 0xDEFB, 0xF7DF, 0x7BCF, 0x6B4D, 0xE73D, 0xFFDF, 0x7BF0, 0x52AB, 0xCE59, 0xFFFF,
    0xA535, 0x4208, 0x94B2, 0xFFFF, 0xE73C, 0x632C, 0x5ACB, 0xD6DA, 0xFFFF, 0xAD95, 0x52CA, 0x73CE, 0xD6BA, 0xFFFF, 0xEF9D, 0x94D2,
    0x5ACA, 0xAD74, 0xE75B, 0xA4F2, 0xC5D6, 0xD678, 0xC5F6, 0xBDD5, 0xBDB5, 0xB574, 0xB574, 0xA4B1, 0x6B2B, 0x9CB1, 0x7BAD, 0xA4B2,
    0x7BCE, 0x9CD2, 0x738D, 0xAD54, 0x7C0F, 0x9D13, 0x8430, 0x8C91, 0x9CF3, 0x7BEF, 0xBDD7, 0x5B0B, 0xD69A, 0x3A07, 0x52CA, 0x634C,
    0x5B0C, 0x52EB, 0x52CB, 0x4AAA, 0x52AA, 0x52EB, 0x4AAA, 0x5B0B, 0x5B0B, 0x52EB, 0x5B0C, 0x5B2C, 0x5B2C, 0x5B2C, 0x5B0B, 0x5AEB,
    0x52EB, 0x5B0B, 0x632C, 0x636D, 0x6BAE, 0x73CF, 0x7BEF, 0x73EF, 0x7C0F, 0x52A9, 0x736A, 0xC56F, 0xC54E, 0xBD0D, 0xBCEB, 0xB4CB,
    0xB4CC, 0xBD0D, 0xC50D, 0xC50D, 0xC52D, 0xC52E, 0xC54F, 0xC570, 0xC5B2, 0xC5B2, 0xC5B3, 0xCDF5, 0xC5B3, 0xB531, 0xB531, 0xC5B4,
    0xC5F5, 0xBDB5, 0xBDD5, 0xC5F6, 0xC616, 0xC637, 0xCE57, 0xCE57, 0xC657, 0xCE78, 0xCE79, 0xD6BA, 0xCE78, 0xCE58, 0xD6B9, 0xCE78,
    0xCE98, 0xBD94, 0x9BAC, 0xA3CD, 0xA3ED, 0xA3ED, 0xA3CD, 0xA3AC, 0xA38C, 0xA36C, 0xAB8C, 0xAB8C, 0xA36C, 0xA34C, 0xA32B, 0x8248,
    0x8227, 0x8A89, 0x92CA, 0x9B0B, 0x92EA, 0x8AC9, 0x7A88, 0x69E6, 0x61C5, 0x69E6, 0x7207, 0x6A06, 0x51A7, 0xB537, 0xB5D8, 0x6B4C,
    0xD5B0, 0xD5B0, 0xCD6F, 0xCD6F, 0xDDD0, 0xE5D1, 0xBCEE, 0x6B2A, 0x7C2F, 0x8C72, 0x9CF3, 0x94D2, 0x94D2, 0x94D2, 0x8CB2, 0x94B2,
    0x94B2, 0x94D3, 0x94F3, 0x9CF3, 0x9CF3, 0x94F3, 0x94D3, 0x94D3, 0x94F3, 0x94B2, 0x8C92, 0x8431, 0x6B8E, 0x94B2, 0x94B3, 0x94D3,
    0x9CF3, 0x94D3, 0x8C92, 0x8451, 0x8431, 0x94D3, 0x94D3, 0x8C71, 0x8430, 0x7BEF, 0x73CF, 0x73AE, 0x6BAE, 0x6B6D, 0x634D, 0x634C,
    0x634D, 0x636D, 0x634D, 0x634C, 0x5B2C, 0x52EB, 0x52CA, 0x52AA, 0x52AA, 0x52CB, 0x52CA, 0x52CA, 0x52EB, 0x5AEB, 0x5AEB, 0x5B0B,
    0x5B0C, 0x634D, 0x6B6D, 0x6B6D, 0x6B6E, 0x6B8E, 0x73AE, 0x73AE, 0x73CF, 0x73CF, 0x7BEF, 0x7BEF, 0x7C10, 0x7C10, 0x73AE, 0x5AEB,
    0x8430, 0xE75D, 0x8C51, 0x630C, 0xEF5D, 0xCE79, 0x52CB, 0xA514, 0xFFFF, 0xAD75, 0x5ACB, 0xBDD7, 0xFFFF, 0xA555, 0x4A6A, 0xA535,
    0xFFFF, 0xCE79, 0x52AB, 0x7BEF, 0xF79E, 0xFFFF, 0x8C71, 0x52AA, 0xB5B6, 0xFFFF, 0xEF7D, 0x8450, 0x4AAA, 0x7C0F, 0xDEFB, 0xFFFF,
    0xD6DA, 0x6B8D, 0x840F, 0xE73C, 0xBDD6, 0xB594, 0xC617, 0xBDD5, 0xBDB5, 0xB594, 0xB553, 0xB554, 0x6B2B, 0x8C2F, 0x83CE, 0x9450,
    0x7BCE, 0x9CD2, 0x6B4C, 0xAD75, 0x73CE, 0xA554, 0x8C91, 0x8450, 0x94D2, 0x8410, 0xAD95, 0x6B6D, 0xCE59, 0x2945, 0x3A08, 0x5AEB,
    0x632C, 0x5AEB, 0x52EB, 0x4A69, 0x4269, 0x4AAA, 0x4A69, 0x52CB, 0x52CB, 0x52CB, 0x5AEB, 0x5B0B, 0x5B0B, 0x5B0B, 0x5AEB, 0x52EB,
    0x52CB, 0x52EB, 0x5B0B, 0x5B2C, 0x634D, 0x636D, 0x6B8E, 0x73CF, 0x7C0F, 0x6BAE, 0x4A68, 0xA4AD, 0xC54E, 0xBD0D, 0xBCEC, 0xBCCC,
    0xB4AC, 0xC50D, 0xC50D, 0xC50E, 0xC52E, 0xC52F, 0xC54F, 0xC571, 0xCDB2, 0xC5D3, 0xBDB4, 0xCE36, 0xCE36, 0xBDB4, 0xBD73, 0xC5D5,
    0xC616, 0xC5F6, 0xC5F6, 0xC617, 0xC637, 0xCE58, 0xCE78, 0xCE98, 0xCE78, 0xCE79, 0xD699, 0xDEDA, 0xD699, 0xCE58, 0xD699, 0xD6D9,
    0xD678, 0xA470, 0x9BAC, 0xA3CD, 0xA3ED, 0xA3ED, 0xA3CD, 0xABCC, 0xABAC, 0xA38C, 0xA38C, 0xABAD, 0xABAD, 0xAB8D, 0x9B0B, 0x8A68,
    0x8A68, 0x8A89, 0x92A9, 0x9B0A, 0x9B4B, 0x9B2B, 0x930A, 0x6A06, 0x61C5, 0x61C5, 0x69E6, 0x61C6, 0x624A, 0xC61A, 0xA556, 0x6B4C,
    0xD590, 0xCD6F, 0xCD6F, 0xD5B0, 0xDDF1, 0xDDD1, 0xA48E, 0x738C, 0x8451, 0x9492, 0x9D13, 0x9D13, 0x9CF3, 0x94D2, 0x94B2, 0x8CB2,
    0x8CB2, 0x94D2, 0x94F3, 0x9CF3, 0x9D13, 0x9D13, 0x9D13, 0x94F3, 0x94D3, 0x8CB2, 0x8CB2, 0x94D3, 0x73CF, 0x73AE, 0x9CF4, 0x9CF4,
    0x94D3, 0x94D3, 0x9D14, 0xA555, 0xA555, 0x8C92, 0x94B2, 0x94B2, 0x8451, 0x8430, 0x7C30, 0x7C0F, 0x73CF, 0x6BAE, 0x6B8D, 0x6B6D,
    0x634C, 0x632C, 0x5B2C, 0x5B0B, 0x5B0B, 0x5B0C, 0x632C, 0x634C, 0x634D, 0x634C, 0x6B6D, 0x636D, 0x634D, 0x634C, 0x6B6D, 0x636D,
    0x634D, 0x6B4D, 0x6B6D, 0x6B6D, 0x6B6D, 0x6B6D, 0x73AE, 0x73CF, 0x73AE, 0x73CF, 0x7BEF, 0x73EF, 0x7BEF, 0x7C10, 0x7BF0, 0x73CF,
    0x630C, 0x738E, 0xE73D, 0xB5B7, 0x52AB, 0xC618, 0xF7BE, 0x8410, 0x6B6E, 0xE73C, 0xE73C, 0x6B6D, 0x8431, 0xFFDF, 0xDEDB, 0x632D,
    0x7BCF, 0xEF9E, 0xF79E, 0x73CF, 0x630C, 0xCE9A, 0xFFFF, 0xBDF7, 0x630C, 0x7BEF, 0xDEFB, 0xFFFF, 0xD6FB, 0x7C0F, 0x5B0B, 0x9CF3,
    0xF7BE, 0xFFFF, 0x9CD2, 0x6B6C, 0xE73C, 0xEF5C, 0xBDB5, 0xBDD6, 0xBDD5, 0xBD94, 0xB574, 0xB554, 0x8C2F, 0x7B8D, 0x8C0F, 0x8C0F,
    0x8C70, 0x83EE, 0x6B6D, 0xAD74, 0x6B6D, 0xA554, 0x8C91, 0x8450, 0x94B2, 0x8450, 0xA534, 0x73AE, 0xC618, 0x10A2, 0x31A6, 0x4248,
    0x52CB, 0x5AEB, 0x52CB, 0x4269, 0x3A28, 0x4A69, 0x4249, 0x52AA, 0x4A8A, 0x4A8A, 0x5AEB, 0x5AEB, 0x5AEB, 0x5B0B, 0x5B0B, 0x5B0B,
    0x52EB, 0x52EB, 0x52EB, 0x5AEB, 0x5B0C, 0x5B2C, 0x634C, 0x634D, 0x6B8E, 0x7BEF, 0x5B2C, 0x83EB, 0xCD6F, 0xBD0D, 0xBCEC, 0xBCED,
    0xC50E, 0xC52F, 0xC52E, 0xC50E, 0xC52F, 0xC54F, 0xC550, 0xC571, 0xCDD3, 0xCE14, 0xBDB4, 0xCE37, 0xD698, 0xC637, 0xC5D5, 0xC5F6,
    0xC616, 0xC617, 0xC637, 0xCE37, 0xCE58, 0xCE78, 0xD699, 0xD699, 0xCE99, 0xD699, 0xD6B9, 0xDEDA, 0xDEDA, 0xCE58, 0xCE78, 0xDF1A,
    0xCDF6, 0x9BCD, 0xA3ED, 0xABCD, 0xA3ED, 0xA3ED, 0xA3CC, 0xABCC, 0xABAC, 0xABAD, 0xABAD, 0xABAD, 0xAB8D, 0xA36C, 0x8A89, 0x8A89,
    0x92CA, 0x9B0B, 0x9B0B, 0x9B2B, 0x9B4B, 0x9B4C, 0xA38C, 0x8288, 0x69E6, 0x6A06, 0x6A06, 0x59A6, 0x732E, 0xCE9C, 0x94B3, 0x738D,
    0xCD6F, 0xD590, 0xD5B0, 0xDDF1, 0xDDF1, 0xD5B1, 0x944E, 0x73CE, 0x8451, 0x94B2, 0x9D13, 0x9CF3, 0x9CF3, 0x94D3, 0x94D2, 0x8CB2,
    0x8CB2, 0x94D2, 0x9CF3, 0x9CF3, 0x9CF3, 0x9D13, 0x9D14, 0x9CF3, 0x94D3, 0x94D3, 0x94D3, 0x94B3, 0x8C92, 0x6B8E, 0x7C10, 0x9D14,
    0x9D14, 0xA534, 0xA535, 0x9D14, 0x9CF3, 0x94D3, 0x8451, 0x8451, 0x8451, 0x8451, 0x8451, 0x8450, 0x8450, 0x7C30, 0x7BEF, 0x73EF,
    0x73AE, 0x6B8E, 0x6B8E, 0x73AE, 0x73CF, 0x73CF, 0x73CE, 0x73AE, 0x73AE, 0x6BAE, 0x73AE, 0x6BAE, 0x6B8D, 0x6B6D, 0x6BAE, 0x6B8E,
    0x6B8E, 0x6B8E, 0x6B6E, 0x6B8E, 0x6B8E, 0x6B8E, 0x73AF, 0x73CF, 0x73CF, 0x73CF, 0x7BEF, 0x73EF, 0x73CF, 0x7BEF, 0x7C10, 0x7C10,
    0x73CF, 0x634D, 0x632D, 0xD6BA, 0xE73C, 0x738E, 0x9492, 0xF7BE, 0xC638, 0x6B4D, 0xAD55, 0xFFDF, 0xAD55, 0x6B6D, 0xC638, 0xFFFF,
    0x9CF3, 0x5B0C, 0xBDF8, 0xFFFF, 0xB5B6, 0x5AEC, 0x9492, 0xFFDF, 0xF7BE, 0x94B2, 0x5AEB, 0x8C71, 0xEF9D, 0xFFFF, 0xCE99, 0x73EF,
    0x6B6D, 0xBDF7, 0xFFFF, 0xBE17, 0x632C, 0xAD95, 0xE73B, 0xBDD6, 0xBDB5, 0xBDB5, 0xB594, 0xB553, 0xA4F2, 0x7BAD, 0x8C0F, 0x83EF,
    0x9470, 0x6B4C, 0x7BCE, 0xA534, 0x634C, 0x9D33, 0x8450, 0x8450, 0x94B2, 0x8C71, 0x9CF3, 0x73AE, 0xCE79, 0x18C3, 0x2104, 0x3A07,
    0x4A49, 0x52AA, 0x52EB, 0x4A89, 0x4248, 0x4269, 0x4228, 0x4AAA, 0x4A89, 0x4249, 0x5AEB, 0x5AEB, 0x5AEB, 0x5B0B, 0x5B0C, 0x5B0B,
    0x5AEB, 0x52EB, 0x52CB, 0x52EB, 0x52EB, 0x5AEB, 0x5B0B, 0x5B0B, 0x5B0B, 0x634C, 0x638D, 0x7BAC, 0xC52F, 0xC50D, 0xBCED, 0xC52E,
    0xCD6F, 0xCD70, 0xC52F, 0xBD2F, 0xC550, 0xC550, 0xBD71, 0xC592, 0xCDF3, 0xCE35, 0xB5B4, 0xC617, 0xD699, 0xCE78, 0xCE37, 0xC5F6,
    0xC616, 0xCE37, 0xCE57, 0xCE78, 0xCE78, 0xD699, 0xD6B9, 0xD6B9, 0xD699, 0xD699, 0xD6BA, 0xDEDA, 0xDEFA, 0xCE78, 0xCE78, 0xDEFA,
    0xB4F2, 0x9BAC, 0xA3ED, 0xABED, 0xABED, 0xA3ED, 0xABCD, 0xABAC, 0xABAD, 0xABAD, 0xABAD, 0xABAD, 0xAB8D, 0xA34C, 0x8227, 0x92A9,
    0x9B0B, 0x9B2B, 0x9B2B, 0xA34B, 0xA34C, 0x9B4B, 0xA38C, 0x932B, 0x6A06, 0x7268, 0x7247, 0x51A5, 0x9453, 0xBDF9, 0x8451, 0x738D,
    0xD5B0, 0xDDD1, 0xDDF1, 0xDDF1, 0xDDF1, 0xD591, 0x8C2E, 0x73EF, 0x8C71, 0x94D2, 0x9CF3, 0x9CF3, 0x9CF3, 0x9CF3, 0x94D3, 0x94B2,
    0x94D2, 0x94D3, 0x94F3, 0x9CF3, 0x9CF3, 0x9CF3, 0x9D13, 0x9D13, 0x9CF3, 0x94D3, 0x94D3, 0x94B2, 0x94D3, 0x8C72, 0x634D, 0x9CF3,
    0xA555, 0x9D14, 0x9D14, 0x94B2, 0x8C92, 0x8C71, 0x8451, 0x8C92, 0x8430, 0x7C10, 0x8430, 0x8450, 0x7C30, 0x8430, 0x7C30, 0x7C10,
    0x8430, 0x8430, 0x7C30, 0x8430, 0x8430, 0x7C10, 0x7BEF, 0x73EF, 0x73EF, 0x73CF, 0x73CF, 0x73CE, 0x73AE, 0x73AE, 0x6BAE, 0x6BAE,
    0x6B8E, 0x6B8E, 0x73AE, 0x6B8E, 0x73AE, 0x73AE, 0x73CF, 0x73CF, 0x73CF, 0x73CF, 0x7BEF, 0x7C10, 0x7BEF, 0x73CF, 0x7BEF, 0x8430,
    0x7C10, 0x73AE, 0x6B6D, 0x632C, 0xAD75, 0xEF5D, 0xAD76, 0x8430, 0xB5D7, 0xE73C, 0x9CF4, 0x7BEF, 0xD69A, 0xDF1C, 0x8410, 0x8430,
    0xE73C, 0xDEFB, 0x73AF, 0x7BF0, 0xEF5D, 0xF79E, 0x8431, 0x632C, 0xC638, 0xFFFF, 0xE71C, 0x7BEF, 0x5AEB, 0xA555, 0xFFFF, 0xFFFF,
    0xAD95, 0x5B0C, 0x8450, 0xF7BE, 0xEF7D, 0x7BEE, 0x842F, 0xE6FA, 0xBDD5, 0xB594, 0xBDB5, 0xB574, 0xB554, 0x83CE, 0x7B8D, 0x83EE,
    0x83EE, 0x6B2B, 0x7BEE, 0xA534, 0x632C, 0x9D13, 0x7C2F, 0x8450, 0x94B2, 0x8C91, 0x8C91, 0x6B8D, 0xE73C, 0x8430, 0x0841, 0x31A6,
    0x3A08, 0x4A69, 0x52CB, 0x52CB, 0x4249, 0x4269, 0x4248, 0x4A8A, 0x4AAA, 0x3A08, 0x52CA, 0x5AEB, 0x5AEB, 0x5B0B, 0x5B0C, 0x5B0B,
    0x52EB, 0x52EB, 0x52CB, 0x52CB, 0x52CA, 0x52CB, 0x52EB, 0x5AEB, 0x52EB, 0x5AEB, 0x5B0C, 0x73AC, 0xBD2F, 0xC52F, 0xB4EE, 0xBD2F,
    0xCD90, 0xCD90, 0xC54F, 0xBD2F, 0xC550, 0xC571, 0xC592, 0xC5B3, 0xC5F4, 0xCE56, 0xBDB4, 0xBDD6, 0xD699, 0xD699, 0xD678, 0xCE37,
    0xC616, 0xCE57, 0xCE58, 0xD678, 0xD699, 0xD6B9, 0xD6DA, 0xD6BA, 0xD699, 0xD699, 0xD6B9, 0xD6DA, 0xDF1B, 0xD6B9, 0xCE99, 0xD678,
    0x9C0E, 0x9BCC, 0xA3EC, 0xAC0D, 0xAC0D, 0xABED, 0xABED, 0xABCD, 0xB3CD, 0xABCD, 0xABCD, 0xB3CD, 0xAB8D, 0xA32B, 0x71C6, 0x8248,
    0xA34C, 0xA34C, 0xA32B, 0x9B2B, 0x9B2B, 0x9B2B, 0x9B2B, 0x9B6C, 0x7227, 0x7247, 0x7A68, 0x5A07, 0xAD57, 0xA556, 0x7C10, 0x632B,
    0xDDD1, 0xDDF1, 0xDDF1, 0xDDD0, 0xD5D0, 0xBD50, 0x7BEE, 0x7C10, 0x8C92, 0x94D3, 0x9CF3, 0x9CF3, 0x9CF3, 0x9CF3, 0x94F3, 0x94D3,
    0x94D3, 0x94F3, 0x94D3, 0x94F3, 0x9CF3, 0x94F3, 0x9CF3, 0x9D14, 0x9D34, 0x9D14, 0x94D3, 0x94D3, 0x94D3, 0x9CF3, 0x7C10, 0x634D,
    0x9CF3, 0x9CF4, 0x94B3, 0x8C92, 0x8C71, 0x8451, 0x8451, 0x7C10, 0x73CF, 0x8430, 0x8430, 0x7C10, 0x7C10, 0x7C30, 0x8430, 0x8451,
    0x8471, 0x8471, 0x8C71, 0x8C71, 0x8471, 0x8450, 0x7C30, 0x7BEF, 0x73EF, 0x73EF, 0x7BEF, 0x73EF, 0x73CF, 0x73CE, 0x73AE, 0x73CE,
    0x73AE, 0x73AE, 0x73AF, 0x73AF, 0x73AE, 0x73CF, 0x73CF, 0x73CF, 0x7BEF, 0x7C10, 0x7C10, 0x7BEF, 0x7C10, 0x7BEF, 0x73CF, 0x7C10,
    0x8430, 0x73CF, 0x73AE, 0x73AE, 0x632C, 0x738E, 0xBDD7, 0xCE79, 0xA534, 0x94D3, 0xC618, 0xCE59, 0x94B3, 0x9CF3, 0xDEDB, 0xC618,
    0x7BF0, 0xA514, 0xEF5D, 0xBDF7, 0x738E, 0xA514, 0xFFFF, 0xCE59, 0x6B4D, 0x7BF0, 0xE73C, 0xFFFF, 0xC639, 0x6B8E, 0x6B8E, 0xCE79,
    0xFFFF, 0xE75D, 0x7C10, 0x6B4D, 0xD69A, 0xFFFF, 0xAD54, 0x8430, 0xE73B, 0xC616, 0xB574, 0xB574, 0xB554, 0x9CB1, 0x734C, 0x734C,
    0x8C0F, 0x6B4C, 0x7BCE, 0xA533, 0x5B2B, 0x9D13, 0x7C0F, 0x7C2F, 0x94B2, 0x8C91, 0x8450, 0x7BEF, 0xDEDB, 0xDEFB, 0x5B0B, 0x10A2,
    0x39E7, 0x4208, 0x4A69, 0x52CB, 0x4248, 0x4228, 0x3A28, 0x4249, 0x52CB, 0x31E7, 0x4A8A, 0x52EB, 0x52EB, 0x5AEB, 0x5B0C, 0x5B0B,
    0x52EB, 0x5AEB, 0x52EB, 0x52CB, 0x52CB, 0x52CB, 0x52EB, 0x52CB, 0x52CB, 0x52CB, 0x52EB, 0x738C, 0xBD10, 0xC550, 0xBD0F, 0xBD2F,
    0xCD91, 0xCDB1, 0xC550, 0xBD50, 0xC572, 0xC5B3, 0xC5B3, 0xC5F4, 0xCE15, 0xCE56, 0xBDD5, 0xBDF6, 0xD699, 0xD699, 0xD678, 0xD678,
    0xCE37, 0xCE37, 0xCE58, 0xD679, 0xD699, 0xD699, 0xD6BA, 0xD6BA, 0xD699, 0xCE99, 0xD699, 0xD6BA, 0xDEFB, 0xDEDA, 0xD6B9, 0xC5B5,
    0x938C, 0xA3CD, 0xA3EC, 0xABED, 0xAC0D, 0xABED, 0xABED, 0xABCD, 0xB3CD, 0xB3CD, 0xB3AD, 0xABAD, 0xA34C, 0xA34C, 0x8248, 0x7A07,
    0x9AEB, 0xAB8D, 0xA34C, 0x9B2B, 0x92EA, 0x8ACA, 0x8AEA, 0x932B, 0x7A89, 0x6A07, 0x7268, 0x628A, 0xB5D8, 0x9D15, 0x9491, 0x7BAD,
    0xDDD1, 0xDDD1, 0xD5B0, 0xD590, 0xD5B1, 0x9C8E, 0x73CF, 0x8451, 0x8CB2, 0x94F3, 0x9CF3, 0x9CF3, 0x9CF3, 0x9CF3, 0x9CF3, 0x94F3,
    0x94D3, 0x94D3, 0x94F3, 0x94F3, 0x9D13, 0x9CF3, 0x94F3, 0x9CF3, 0x9D14, 0x9D14, 0x94F3, 0x94D3, 0x94F3, 0x94F3, 0x94D3, 0x6B8E,
    0x6B6E, 0x9D14, 0x94D3, 0x94B2, 0x8C71, 0x8C72, 0x8451, 0x8451, 0x8C92, 0x8C92, 0x8430, 0x8430, 0x8450, 0x8450, 0x8430, 0x8451,
    0x8471, 0x8451, 0x8C71, 0x8471, 0x8471, 0x8C71, 0x8471, 0x8450, 0x7C10, 0x7BEF, 0x73CE, 0x73CF, 0x73CE, 0x73CE, 0x73CE, 0x73AE,
    0x73CF, 0x73CF, 0x73CF, 0x73CF, 0x73CF, 0x73CF, 0x7BEF, 0x7C10, 0x7C10, 0x7C10, 0x7C10, 0x7C10, 0x7C10, 0x7C10, 0x7C10, 0x7C10,
    0x8431, 0x8410, 0x73AE, 0x73AF, 0x7BCF, 0x6B8E, 0x8410, 0xB596, 0xBDF7, 0xBE18, 0xA535, 0xA535, 0xC638, 0xB5B6, 0x9CF3, 0xAD75,
    0xCE9A, 0xAD96, 0x8C51, 0xB596, 0xD6BB, 0x9CF4, 0x7BEF, 0xDEDB, 0xFFFF, 0x9CD3, 0x5AEC, 0xA535, 0xFFFF, 0xFFFF, 0xA534, 0x630C,
    0x9492, 0xF79E, 0xFFFF, 0xB5B6, 0x632C, 0x9CD3, 0xFFFF, 0xC618, 0x8C70, 0xE73B, 0xCE37, 0xB574, 0xB574, 0xAD33, 0x840F, 0x62EA,
    0x7BAD, 0x7BCE, 0x738D, 0xAD34, 0x632C, 0x9D13, 0x7C0F, 0x7C0F, 0x8C91, 0x8C71, 0x8430, 0x8C71, 0xD6BA, 0xC638, 0xDEFB, 0x52AA,
    0x2124, 0x4208, 0x4208, 0x4A8A, 0x4249, 0x3A07, 0x3A08, 0x3A08, 0x52CA, 0x39E7, 0x4248, 0x52CA, 0x52CB, 0x5AEB, 0x5B0B, 0x5B0B,
    0x52EB, 0x5AEB, 0x52EB, 0x52EB, 0x52CB, 0x52CA, 0x52CB, 0x52CA, 0x52CA, 0x52CA, 0x52CB, 0x6B6C, 0xBD30, 0xCD91, 0xBD30, 0xBD0F,
    0xCD91, 0xCDB2, 0xC570, 0xBD51, 0xC593, 0xCDD4, 0xC5D4, 0xCE15, 0xCE35, 0xCE76, 0xC5F5, 0xBDF5, 0xD698, 0xD6B9, 0xCE78, 0xD6B9,
    0xCE58, 0xCE38, 0xCE78, 0xD679, 0xD699, 0xD6B9, 0xD6DA, 0xD6BA, 0xD699, 0xCE79, 0xCE79, 0xD6B9, 0xDEDA, 0xDEFA, 0xD6B9, 0xBD53,
    0x936B, 0x9BCC, 0xA3ED, 0xAC0D, 0xAC0D, 0xAC0D, 0xABED, 0xB3EE, 0xB3CE, 0xB3CE, 0xABAD, 0xA34C, 0xAB6C, 0xAB8D, 0x8A89, 0x9B0B,
    0x92AA, 0x9B0B, 0xA32C, 0x9B2B, 0x8AEA, 0x8289, 0x8289, 0x8ACA, 0x82CA, 0x61E6, 0x6A48, 0x41A6, 0xB5B8, 0x8431, 0x6B6C, 0x8C4F,
    0xD5B0, 0xD590, 0xCD70, 0xD570, 0xBD51, 0x7BCE, 0x7C10, 0x8451, 0x94B2, 0x94F3, 0x9D13, 0x9CF3, 0x9CF3, 0x9CF3, 0x9CF3, 0x9CF3,
    0x9D13, 0x9CF3, 0x9D13, 0x9D13, 0x9D13, 0x9D13, 0x94F3, 0x94F3, 0x9D13, 0x9CF3, 0x9D14, 0x94F3, 0x94D3, 0x9CF3, 0x94B2, 0x8C92,
    0x5B0C, 0x7BEF, 0x94D3, 0x8C92, 0x8C92, 0x8C72, 0x8C72, 0x8C72, 0x8C72, 0x7C10, 0x8430, 0x8C71, 0x8451, 0x8451, 0x8451, 0x8430,
    0x8451, 0x8C71, 0x8451, 0x8451, 0x8451, 0x8451, 0x8451, 0x8451, 0x8C71, 0x8451, 0x7BEF, 0x73CF, 0x73CF, 0x73CF, 0x73CF, 0x73CF,
    0x73CF, 0x73CF, 0x73CF, 0x73CF, 0x73CF, 0x73CF, 0x7BEF, 0x7C10, 0x7C10, 0x7C10, 0x7C10, 0x7C10, 0x7C10, 0x8430, 0x8430, 0x8430,
    0x8431, 0x8451, 0x7C10, 0x73CF, 0x73CF, 0x73CF, 0x6B8E, 0x7BEF, 0xBDF8, 0xBDD7, 0xB5B7, 0xC638, 0xB5B6, 0xB596, 0xBDF7, 0xBDD7,
    0xA514, 0xAD96, 0xC638, 0xB5B6, 0xA514, 0xBDD7, 0xCE59, 0x7BF0, 0xA534, 0xFFFF, 0xDEDB, 0x73AF, 0x73AF, 0xD6BA, 0xFFFF, 0xDEFC,
    0x7BF0, 0x6B4D, 0xBE18, 0xFFFF, 0xE71C, 0x7C0F, 0x6B6D, 0xE73C, 0xD6BA, 0x7BCE, 0xBDF6, 0xCE57, 0xB554, 0xB574, 0x9450, 0x7B8D,
    0x734B, 0x7BAD, 0x6B2B, 0xAD74, 0x5B0B, 0x9D33, 0x73EE, 0x842F, 0x8470, 0x8450, 0x8430, 0x9491, 0xCE99, 0xDEDB, 0xCE79, 0xD6BA,
    0x5ACB, 0x2144, 0x39E7, 0x4228, 0x4228, 0x39E7, 0x3A07, 0x39E7, 0x4A8A, 0x3A28, 0x3A28, 0x4AAA, 0x52CA, 0x52CB, 0x5B0B, 0x5B0B,
    0x5AEB, 0x5AEB, 0x5AEB, 0x52EB, 0x52CA, 0x52AA, 0x52CA, 0x52CB, 0x52CB, 0x52CA, 0x52CA, 0x6B6C, 0xBD51, 0xCDB2, 0xC550, 0xC530,
    0xCD92, 0xCD91, 0xBD70, 0xC592, 0xC5B3, 0xCDF4, 0xCDF5, 0xCE16, 0xCE36, 0xD677, 0xC615, 0xBDB4, 0xCE78, 0xD6B9, 0xD698, 0xDEB9,
    0xD699, 0xCE78, 0xCE79, 0xD699, 0xD6B9, 0xD6BA, 0xDEDA, 0xD6BA, 0xCE79, 0xCE58, 0xCE79, 0xD699, 0xDEDA, 0xDEFA, 0xD6DA, 0xB512,
    0x8B4B, 0xA3AC, 0xA3EC, 0xAC0D, 0xAC2D, 0xAC0D, 0xABED, 0xB40E, 0xBC0E, 0xB3CD, 0xAB8C, 0xAB8D, 0xB3AD, 0xA34B, 0x8A69, 0xA34C,
    0xA34C, 0x92CA, 0x9B0B, 0x9B0B, 0x8AAA, 0x7A68, 0x7248, 0x7248, 0x7A68, 0x61A6, 0x6207, 0x2081, 0x8430, 0x9492, 0x5AA9, 0x7B8D,
    0xD590, 0xCD6F, 0xCD50, 0xD591, 0x9C8F, 0x73CE, 0x8410, 0x8451, 0x94B2, 0x94D3, 0x9D13, 0x9D13, 0x9D13, 0x9D13, 0x9D14, 0x9CF3,
    0x9D13, 0x9D13, 0x9D13, 0x9D13, 0x9CF3, 0x9CF3, 0x9CF3, 0x9D13, 0x9D14, 0x9D14, 0x9D34, 0x9D14, 0x9CF3, 0x9CD3, 0x94B2, 0x8451,
    0x7C10, 0x5AEB, 0x8451, 0x94B3, 0x8C92, 0x8C72, 0x8C71, 0x8451, 0x8C71, 0x8431, 0x8C92, 0x8C92, 0x8451, 0x8C71, 0x8451, 0x8C71,
    0x8451, 0x8430, 0x8431, 0x8430, 0x8451, 0x8451, 0x8451, 0x8430, 0x8451, 0x8451, 0x8451, 0x8451, 0x8451, 0x7C10, 0x7BEF, 0x7BEF,
    0x7BEF, 0x73CF, 0x73CF, 0x73CF, 0x73CF, 0x73CF, 0x7BEF, 0x7BEF, 0x7C10, 0x7C10, 0x7BF0, 0x8430, 0x8431, 0x7C10, 0x8430, 0x8430,
    0x8430, 0x8451, 0x8451, 0x7C10, 0x73CF, 0x73CF, 0x7BEF, 0x738E, 0x8410, 0xCE59, 0xAD96, 0xA555, 0xBDD7, 0xBDF7, 0xB596, 0xBDD7,
    0xC618, 0xBDD7, 0xAD76, 0xAD76, 0xBDD7, 0xBDF8, 0xB596, 0xD6BA, 0x94B2, 0x73AF, 0xEF5D, 0xFFFF, 0xA535, 0x632C, 0x9CF4, 0xFFDF,
    0xFFFF, 0xB5B6, 0x632D, 0x8C51, 0xEF7E, 0xFFFF, 0xAD75, 0x632C, 0xCE59, 0xDF1B, 0x8430, 0xCE58, 0xC616, 0xB574, 0xA4F2, 0x7BAD,
    0x7BAC, 0x7BCD, 0x6B2B, 0xAD54, 0x5B0B, 0x9D34, 0x73CE, 0x8450, 0x8470, 0x7C2F, 0x7C10, 0x94D2, 0xC618, 0xA555, 0xDEDB, 0xCE9A,
    0xCE9A, 0x5B0B, 0x2965, 0x39E7, 0x39E7, 0x31C7, 0x31C7, 0x31C7, 0x4A69, 0x3A28, 0x39E7, 0x4A69, 0x4AAA, 0x52CA, 0x5AEB, 0x5AEB,
    0x5AEB, 0x5AEB, 0x52EB, 0x52CB, 0x52AA, 0x52AA, 0x52AA, 0x52CA, 0x52CB, 0x52CA, 0x4AAA, 0x6B4C, 0xC593, 0xD5D3, 0xC571, 0xC571,
    0xCD92, 0xC592, 0xBD71, 0xC592, 0xC5D4, 0xCDF5, 0xCE16, 0xCE56, 0xD657, 0xCE77, 0xC615, 0xAD73, 0xB5B5, 0xCE37, 0xCE58, 0xD6B9,
    0xD6B9, 0xD699, 0xD699, 0xD6BA, 0xD6BA, 0xD6BA, 0xDEDA, 0xD6B9, 0xD679, 0xCE79, 0xD699, 0xD699, 0xD6BA, 0xDEFB, 0xDF1B, 0xB532,
    0x8B2A, 0x9B8C, 0xA3CC, 0xAC0D, 0xAC2D, 0xB42E, 0xB40E, 0xB3ED, 0xBC0E, 0xBBEE, 0xBBEE, 0xBC0E, 0xAB8D, 0xA32B, 0xA30B, 0xA34C,
    0xA36D, 0x9B2B, 0x9B2B, 0x92EB, 0x8289, 0x7A48, 0x7248, 0x6A27, 0x6A07, 0x5985, 0x59A6, 0x2081, 0x2964, 0x7BAE, 0x5268, 0x6AEA,
    0xCD6F, 0xCD70, 0xCD91, 0xC572, 0x7BEE, 0x7BF0, 0x8430, 0x8471, 0x94B2, 0x94D2, 0x9CF3, 0x9D13, 0x9D13, 0x9D13, 0x9D13, 0x9D13,
    0x9D13, 0x9CF3, 0x9CF3, 0x9CF3, 0x9CF3, 0x94F3, 0x9D13, 0x9D34, 0xA534, 0xA534, 0xA534, 0x9D14, 0x94D3, 0x94D3, 0x94B2, 0x8451,
    0x8430, 0x6B6D, 0x5B0C, 0x94D3, 0x94B3, 0x94B3, 0x8C92, 0x94B3, 0x94B3, 0x94B3, 0x8451, 0x8430, 0x8C71, 0x8C91, 0x8C71, 0x94B2,
    0x8C71, 0x8C71, 0x8C71, 0x8451, 0x8451, 0x8430, 0x8430, 0x8430, 0x8431, 0x8451, 0x8451, 0x8C71, 0x8C71, 0x8451, 0x8451, 0x7C10,
    0x7BEF, 0x7BEF, 0x7BEF, 0x7BEF, 0x7BEF, 0x73CF, 0x73CF, 0x73CF, 0x7BF0, 0x7C10, 0x7C10, 0x8430, 0x7C10, 0x7C10, 0x7C10, 0x8430,
    0x8430, 0x7C30, 0x8451, 0x8451, 0x7C10, 0x7BEF, 0x7BEF, 0x7C10, 0x738E, 0x7BCF, 0xC638, 0xC659, 0xB596, 0xAD75, 0xB5D7, 0xB5D7,
    0xB596, 0xB596, 0xB5B6, 0xC618, 0xB5B6, 0xA535, 0xBDD7, 0xAD75, 0xD6BB, 0xBDD7, 0x632C, 0xBDD7, 0xFFFF, 0xDEFC, 0x7C10, 0x73AF,
    0xCE79, 0xFFFF, 0xEF5D, 0x8C51, 0x6B4D, 0xBE18, 0xFFFF, 0xDEFB, 0x6B6D, 0xB5D6, 0xEF7D, 0x9CF2, 0xDEFA, 0xAD74, 0xAD53, 0x840E,
    0x7BAC, 0x9490, 0x7BAD, 0xA513, 0x5B0B, 0x9D34, 0x73AD, 0x8450, 0x8470, 0x7C2F, 0x7C10, 0x8C71, 0xE73C, 0xE73C, 0xAD75, 0xCE79,
    0xD6BA, 0xCE79, 0x6B4D, 0x2965, 0x3A08, 0x39C7, 0x31C7, 0x31C6, 0x4228, 0x4248, 0x31C6, 0x4249, 0x4A89, 0x4AAA, 0x52CB, 0x5AEB,
    0x52EB, 0x52EB, 0x52CB, 0x52CB, 0x52AA, 0x52AA, 0x52CA, 0x52AA, 0x52CA, 0x52CA, 0x52AA, 0x6B4C, 0xC5D4, 0xD5F4, 0xC5B3, 0xC592,
    0xCDD3, 0xCDD4, 0xC5D3, 0xC5D4, 0xC5F5, 0xCE16, 0xCE36, 0xD657, 0xCE77, 0xCE77, 0xCE56, 0xA532, 0xAD33, 0xCE37, 0xCE58, 0xCE58,
    0xCE58, 0xC638, 0xCE38, 0xCE58, 0xCE58, 0xCE58, 0xCE58, 0xCE58, 0xC638, 0xC637, 0xCE58, 0xCE79, 0xD699, 0xDEDA, 0xE73C, 0xBD74,
    0x832A, 0x9B6B, 0xA3AC, 0xABED, 0xAC2D, 0xB42E, 0xB40E, 0xB3ED, 0xB3EE, 0xBC0E, 0xC42F, 0xBBEE, 0xAB6C, 0xAB8D, 0xAB6D, 0xA34C,
    0x9B2B, 0x9B2B, 0x9B2C, 0x92EA, 0x8289, 0x7248, 0x6A07, 0x61E6, 0x61C6, 0x5144, 0x38A2, 0x30C1, 0x4144, 0x72AA, 0x4164, 0x3963,
    0xCD70, 0xCDB1, 0xDE14, 0xA4B0, 0x73CE, 0x7C10, 0x8450, 0x8C91, 0x8CB2, 0x94D2, 0x9CF3, 0x9D13, 0x9CF3, 0x9D13, 0x9D13, 0x9D13,
    0x9CF3, 0x9CF3, 0x9D13, 0x9D13, 0x9D14, 0x9D13, 0x9D14, 0xA534, 0x9D34, 0xA555, 0xA535, 0x94F3, 0x94B2, 0x94B3, 0x94B2, 0x8451,
    0x7BEF, 0x7C10, 0x5B0C, 0x634D, 0x9CF3, 0x8C92, 0x94B3, 0x94B3, 0x8C92, 0x8C71, 0x8431, 0x7C10, 0x94B2, 0x8C92, 0x8C71, 0x8C72,
    0x8C71, 0x8C71, 0x8C71, 0x8C71, 0x8C92, 0x8C71, 0x8430, 0x8430, 0x8451, 0x8451, 0x8451, 0x8451, 0x8451, 0x8C71, 0x8C72, 0x8451,
    0x8430, 0x7C10, 0x7BEF, 0x7C10, 0x7BEF, 0x73CF, 0x73AE, 0x73AE, 0x73CF, 0x73CF, 0x73CF, 0x73CF, 0x7BEF, 0x7BEF, 0x7C10, 0x7C10,
    0x8430, 0x7C10, 0x7C30, 0x8451, 0x8451, 0x7C30, 0x7C10, 0x8410, 0x8430, 0x73CF, 0x6B8E, 0xC639, 0xF7BE, 0xCE59, 0xB596, 0xB596,
    0xBDD7, 0xB5B7, 0xBDF7, 0xAD75, 0xB5B6, 0xBDF7, 0xB5B7, 0xB5B7, 0xA534, 0xCE79, 0xDEFC, 0x73AE, 0x8C72, 0xF79E, 0xFFFF, 0xAD76,
    0x634D, 0x94B2, 0xF79E, 0xFFFF, 0xBE18, 0x6B6D, 0x8C72, 0xF7BE, 0xF7DF, 0x7BEF, 0xB595, 0xE71B, 0xC617, 0xD6B9, 0x9490, 0x9CD1,
    0x7BCD, 0x8C2E, 0x8C0F, 0xA513, 0x5B2B, 0x9D33, 0x73CE, 0x8450, 0x8450, 0x8430, 0x7C0F, 0x9491, 0x9CF3, 0xB596, 0xF79E, 0xB5B6,
    0xC638, 0xD6BA, 0xCE9A, 0x7BCF, 0x3186, 0x39E7, 0x31C7, 0x31A6, 0x3A07, 0x4269, 0x31C6, 0x4248, 0x4A69, 0x4A8A, 0x52CA, 0x52EB,
    0x52EB, 0x52CB, 0x52CB, 0x52CB, 0x52CB, 0x52CA, 0x52CA, 0x52CA, 0x52AA, 0x52AA, 0x52AA, 0x632B, 0xC5F5, 0xD615, 0xCDD4, 0xC5D4,
    0xCE15, 0xD636, 0xCE36, 0xCE16, 0xC616, 0xCE36, 0xD657, 0xD677, 0xD677, 0xD698, 0xCE77, 0xB594, 0xC5F6, 0xDEFA, 0xDEFA, 0xD699,
    0xD699, 0xCE78, 0xCE78, 0xCE78, 0xCE78, 0xCE58, 0xCE58, 0xCE38, 0xC617, 0xBDF7, 0xC5F7, 0xC617, 0xC637, 0xCE38, 0xD699, 0xB553,
    0x830A, 0x934B, 0x9BAC, 0xA3ED, 0xAC2E, 0xB44E, 0xB40E, 0xB40E, 0xBC0E, 0xBBEE, 0xBC0F, 0xBBEE, 0xB3CE, 0xB3AD, 0xAB8D, 0x9B2C,
    0x930B, 0x930B, 0x92EB, 0x8ACA, 0x8269, 0x7228, 0x6A07, 0x61C6, 0x59A5, 0x40E2, 0x7248, 0xB42F, 0xCCD2, 0xDCD3, 0xCCD2, 0x8B0B,
    0xCD91, 0xD613, 0xC593, 0x7BCE, 0x7C0F, 0x7C0F, 0x8451, 0x8C92, 0x8CB2, 0x94D2, 0x9CF3, 0x9CF3, 0x94F3, 0x9D13, 0x9D13, 0x9CF3,
    0x9CF3, 0x9D13, 0x9D13, 0x9D34, 0x9D34, 0x9D34, 0xA534, 0xA534, 0x9D34, 0x9D14, 0x9D14, 0x94D3, 0x8C92, 0x8C92, 0x8C92, 0x8C71,
    0x8431, 0x7C10, 0x73CF, 0x52CB, 0x7BEF, 0x94D3, 0x8C92, 0x8C92, 0x8C92, 0x8C72, 0x8C72, 0x8C92, 0x8C71, 0x8451, 0x8451, 0x8C71,
    0x8C71, 0x8C71, 0x8C71, 0x8451, 0x8451, 0x8C71, 0x8451, 0x8431, 0x8451, 0x8431, 0x8430, 0x8451, 0x8451, 0x8451, 0x8C71, 0x8C92,
    0x8C92, 0x8451, 0x8431, 0x8430, 0x7BEF, 0x73AF, 0x6B8E, 0x6B6E, 0x6B8E, 0x6B8E, 0x6B8E, 0x73AE, 0x73AE, 0x73CF, 0x73AF, 0x7BEF,
    0x7C10, 0x7C10, 0x7BF0, 0x8430, 0x8451, 0x8431, 0x8430, 0x8430, 0x8410, 0x8410, 0x7BF0, 0x6B6E, 0xBDF7, 0xF7BE, 0xE73C, 0xB5B6,
    0xAD75, 0xC618, 0xAD76, 0xBDF8, 0xBDD7, 0xAD55, 0xB5B7, 0xBDD7, 0xC618, 0xA534, 0xB596, 0xF7BE, 0x9CF4, 0x6B6E, 0xC618, 0xFFFF,
    0xE71C, 0x8431, 0x6B8E, 0xC618, 0xFFFF, 0xEF5D, 0x8451, 0x6B6D, 0xCE7A, 0xFFFF, 0x7C0F, 0xB5D6, 0xDEFB, 0xDEDA, 0xDEDA, 0xAD73,
    0x8C6F, 0x738C, 0x7B8C, 0xA4F2, 0x634C, 0x9D34, 0x7BEF, 0x8450, 0x7C0F, 0x8C71, 0x7BEF, 0x9492, 0xEF7D, 0xAD75, 0x9CF3, 0xEF5C,
    0xB5D7, 0xC638, 0xD6BA, 0xD6BA, 0x73AE, 0x2945, 0x39E7, 0x31C6, 0x39C7, 0x4A69, 0x31C7, 0x3A07, 0x4249, 0x4A89, 0x4AAA, 0x52CA,
    0x52CB, 0x52CB, 0x52CB, 0x52EB, 0x52EB, 0x52CA, 0x52AA, 0x52CA, 0x52AA, 0x4A8A, 0x4AAA, 0x5B0B, 0xBDD4, 0xD656, 0xCE15, 0xC5D4,
    0xCE15, 0xD657, 0xD657, 0xCE36, 0xCE16, 0xCE36, 0xD678, 0xDE98, 0xDE98, 0xD698, 0xDEB9, 0xBDB5, 0xC5F6, 0xE6FA, 0xE71B, 0xDEDA,
    0xDEDA, 0xDEDA, 0xDEDA, 0xDEDA, 0xDEDA, 0xDEDA, 0xDEDA, 0xDEDA, 0xD6B9, 0xD699, 0xCE78, 0xCE58, 0xCE58, 0xCE58, 0xC637, 0xB553,
    0x834B, 0x934A, 0x9B8C, 0xA3CD, 0xAC0E, 0xAC2E, 0xABED, 0xABCD, 0xB3EE, 0xBBEE, 0xBC0F, 0xBC0E, 0xB3CE, 0xABAD, 0xA36D, 0x9B2C,
    0x92EB, 0x92EB, 0x8ACB, 0x8ACA, 0x8269, 0x7248, 0x6A07, 0x61C6, 0x5164, 0x8AEB, 0xCCD2, 0xDD54, 0xEDB6, 0xD471, 0xE4B2, 0xDCF3,
    0xCDD3, 0xD636, 0x8C2F, 0x7BEF, 0x8430, 0x7C30, 0x8471, 0x8C92, 0x94B2, 0x94D2, 0x94F3, 0x94F3, 0x9CF3, 0x9CF3, 0x9D13, 0x9D14,
    0x9D13, 0x9D13, 0x9D14, 0x9D34, 0xA534, 0xA534, 0xA534, 0xA534, 0x9D14, 0x94F3, 0x94F3, 0x94D3, 0x8C71, 0x8C92, 0x8C92, 0x8C92,
    0x8C92, 0x8430, 0x7C10, 0x73CF, 0x52AB, 0x8451, 0x94D3, 0x94B3, 0x94B3, 0x94B3, 0x8C92, 0x94B2, 0x8430, 0x8451, 0x8C92, 0x8C71,
    0x8C71, 0x8C71, 0x8451, 0x8C71, 0x8C71, 0x8C71, 0x8451, 0x8451, 0x8451, 0x8431, 0x8431, 0x8451, 0x8451, 0x8C71, 0x8C71, 0x8C92,
    0x8C92, 0x8C92, 0x8C71, 0x8451, 0x8431, 0x7C10, 0x7BEF, 0x73AE, 0x6B8E, 0x6B8E, 0x6B8E, 0x6B8E, 0x6B8E, 0x6B6E, 0x6B6D, 0x6B8E,
    0x73AE, 0x73AF, 0x73CF, 0x7C10, 0x7C10, 0x8430, 0x8430, 0x8430, 0x8430, 0x8410, 0x8430, 0x7BF0, 0x7BCF, 0xA554, 0xD6DB, 0xFFFF,
    0xBE18, 0x9D14, 0xD69A, 0xAD55, 0xB5B6, 0xC618, 0xB5B7, 0xBDF7, 0xB596, 0xC638, 0xAD76, 0x94D3, 0xF7BE, 0xCE7A, 0x6B6E, 0x9492,
    0xF79E, 0xFFFF, 0xBDD7, 0x6B6D, 0x8C92, 0xF79E, 0xFFFF, 0xBDD7, 0x6B4D, 0xB596, 0xFFFF, 0x8430, 0xC617, 0xC617, 0xC617, 0xD698,
    0xCE57, 0xB574, 0x630A, 0x9CB1, 0x6B8D, 0xA534, 0x7C0F, 0x8450, 0x7C0F, 0x94D2, 0x73AE, 0x94D2, 0xAD54, 0xF7BE, 0xD6BA, 0x94D2,
    0xDEDB, 0xBDD7, 0xC659, 0xD6BA, 0xCE79, 0x5AEB, 0x2124, 0x39E7, 0x31C6, 0x4228, 0x31C7, 0x31C7, 0x4228, 0x4269, 0x4A89, 0x52AA,
    0x52CA, 0x52CB, 0x52EB, 0x52EB, 0x52EB, 0x52CB, 0x4A8A, 0x4AAA, 0x4AAA, 0x4A8A, 0x4AAA, 0x5ACA, 0xBDB4, 0xDE98, 0xCE16, 0xC5F5,
    0xCE16, 0xD657, 0xD657, 0xCE36, 0xCE16, 0xCE56, 0xD698, 0xDE98, 0xDE98, 0xD698, 0xDED9, 0xBDD5, 0xBDB5, 0xDEB9, 0xDED9, 0xD699,
    0xDED9, 0xDED9, 0xDEDA, 0xDEFA, 0xDEFA, 0xDEFA, 0xDEFA, 0xDEFA, 0xDEFA, 0xDED9, 0xDED9, 0xDEDA, 0xDEFA, 0xDEFA, 0xDEB9, 0xD657,
    0x8BCD, 0x8B2A, 0x9B8C, 0xA3CC, 0xAC0D, 0xAC0D, 0xA3CD, 0xABAD, 0xB3EE, 0xB40E, 0xB40E, 0xB3EE, 0xB3CE, 0xABAD, 0xA36D, 0x9B2C,
    0x92EB, 0x92EB, 0x92EB, 0x82AA, 0x7A69, 0x7A69, 0x7207, 0x61A5, 0x8B0B, 0xC4B2, 0xC491, 0xCC91, 0xCC70, 0xCC30, 0xD451, 0xCC50,
    0xD635, 0xA4F2, 0x7BCF, 0x7C30, 0x7C10, 0x8430, 0x8C71, 0x8C92, 0x94B2, 0x94D2, 0x94D3, 0x94F3, 0x9D13, 0x9D13, 0x9D13, 0x9D13,
    0x9D13, 0x9D14, 0x9D14, 0xA534, 0xA554, 0xA534, 0xA534, 0x9D34, 0x9CF3, 0x94D2, 0x94B2, 0x8C92, 0x8C71, 0x8C92, 0x8C92, 0x8C71,
    0x8C72, 0x8C71, 0x7BF0, 0x7C10, 0x6B8E, 0x52CB, 0x94B3, 0x94B3, 0x94B3, 0x94D3, 0x94D3, 0x94B3, 0x9CF3, 0x94B3, 0x8C92, 0x8C71,
    0x8C71, 0x8C72, 0x8C72, 0x8C71, 0x8C71, 0x8C71, 0x8451, 0x8451, 0x8430, 0x8431, 0x8451, 0x8451, 0x8C71, 0x8451, 0x8C71, 0x8C71,
    0x8C71, 0x8C71, 0x8C71, 0x8C92, 0x8C92, 0x8C71, 0x8451, 0x8430, 0x7C10, 0x73CF, 0x6B8E, 0x6B8E, 0x6B8E, 0x6B6D, 0x6B6D, 0x634D,
    0x634D, 0x6B6D, 0x6B6D, 0x6B8E, 0x73CF, 0x8430, 0x8431, 0x8431, 0x8431, 0x8430, 0x8430, 0x8430, 0x8410, 0x73CF, 0x5B0C, 0x6B8D,
    0xEF9E, 0xC639, 0xA534, 0xDEFB, 0xAD76, 0xAD75, 0xCE59, 0xB5D7, 0xBE18, 0xB5B6, 0xBDF8, 0xBE18, 0x8C51, 0xDEFB, 0xFFDF, 0x9492,
    0x6B8E, 0xC618, 0xFFFF, 0xEF7D, 0x8C51, 0x738E, 0xC618, 0xFFFF, 0xE73C, 0x7BCF, 0xA535, 0xFFDF, 0x8451, 0xD69A, 0xAD75, 0xBDF6,
    0xA512, 0xDEB9, 0xC5F6, 0x9470, 0x632C, 0xA554, 0x73EE, 0x8C91, 0x7BEF, 0x9D13, 0x6B6D, 0xB5D6, 0xC637, 0x8C91, 0xD69A, 0xEF9D,
    0xA534, 0xD6BA, 0xAD75, 0xCE79, 0xC659, 0xC659, 0x4A69, 0x2945, 0x31C6, 0x3A07, 0x39E7, 0x31C6, 0x3A28, 0x4249, 0x4A69, 0x4A8A,
    0x52AA, 0x52CA, 0x52CB, 0x52EB, 0x52EB, 0x52CB, 0x4A8A, 0x4AAA, 0x52CA, 0x4AAA, 0x4A8A, 0x5289, 0xAD53, 0xDEB8, 0xCE36, 0xCE15,
    0xCE36, 0xD636, 0xCE36, 0xCE36, 0xCE36, 0xCE36, 0xD657, 0xD658, 0xD678, 0xD698, 0xDED9, 0xC616, 0xB594, 0xD698, 0xDED9, 0xD678,
    0xCE78, 0xD698, 0xD6B9, 0xD6B9, 0xD6B9, 0xD6B9, 0xD6B9, 0xD6B9, 0xD6B9, 0xCE98, 0xCE78, 0xD698, 0xD6B9, 0xDEDA, 0xE6FA, 0xEF3B,
    0x9C90, 0x832A, 0x9B8C, 0x9BAC, 0xA3CC, 0xA3CC, 0xA38C, 0xABCD, 0xB40F, 0xB3EE, 0xB3EE, 0xB3EE, 0xABCE, 0xAB8D, 0xA34D, 0x9B2C,
    0x92EB, 0x92EB, 0x92EB, 0x8AAA, 0x7A69, 0x7228, 0x69E7, 0x9B4C, 0xD513, 0xDD34, 0xD4F3, 0xC450, 0xBBEF, 0xD450, 0xDC91, 0xCC50,
    0xBD92, 0x840F, 0x7C10, 0x7C30, 0x7C10, 0x8450, 0x8C71, 0x8C91, 0x94B2, 0x94D2, 0x94D3, 0x94F3, 0x9D13, 0x9D14, 0x9D14, 0x9D14,
    0x9D13, 0x9D34, 0x9D34, 0xA534, 0xA534, 0x9D14, 0x9D14, 0x9D14, 0x9CF3, 0x94B2, 0x8C92, 0x8471, 0x8451, 0x8451, 0x8C72, 0x8C71,
    0x8C72, 0x8451, 0x7BF0, 0x7BF0, 0x8431, 0x5B0C, 0x5B0C, 0x9CF3, 0x94B2, 0x94B2, 0x8C92, 0x8C92, 0x8C92, 0x8451, 0x7C10, 0x8C92,
    0x8C92, 0x8C92, 0x94B2, 0x8C71, 0x8430, 0x8431, 0x8431, 0x7C10, 0x8430, 0x8451, 0x8451, 0x8451, 0x8451, 0x8451, 0x8C71, 0x8C71,
    0x8C71, 0x8C71, 0x8C71, 0x8C71, 0x8C72, 0x8C71, 0x8C71, 0x8C71, 0x8451, 0x8431, 0x7C10, 0x7BF0, 0x73CF, 0x73AE, 0x6B8E, 0x6B8E,
    0x73AE, 0x6B8E, 0x73AE, 0x73AF, 0x7C10, 0x8430, 0x8430, 0x8431, 0x8451, 0x8451, 0x8471, 0x8451, 0x8431, 0x8451, 0x8430, 0x3186,
    0x5ACB, 0xF7BE, 0xD69A, 0xAD96, 0xD6BA, 0xBDD7, 0xAD75, 0xC638, 0xBDD7, 0xBDD7, 0xB5B6, 0xB5B7, 0xCE7A, 0x8431, 0xBDF7, 0xFFFF,
    0xC618, 0x6B8E, 0x9492, 0xEF9E, 0xFFFF, 0xB5D7, 0x6B6D, 0x94B2, 0xF79E, 0xFFFF, 0x8C92, 0xAD76, 0xE73C, 0xA534, 0xCE58, 0xB595,
    0x8C70, 0x738D, 0xE6FA, 0xDEDA, 0x4A48, 0x94B2, 0x6B8D, 0xA554, 0x6BAD, 0x9CF3, 0x73CE, 0xAD74, 0xDEFA, 0xF79D, 0xA513, 0xAD75,
    0xEF7D, 0xAD95, 0xD69A, 0x9D13, 0xD6DA, 0xBDF7, 0xC618, 0x3186, 0x2124, 0x39C7, 0x4208, 0x31A6, 0x3A08, 0x4228, 0x4249, 0x4A89,
    0x4AAA, 0x4AAA, 0x52CA, 0x52CB, 0x52EB, 0x52EB, 0x52CA, 0x52AA, 0x52CB, 0x52CA, 0x4AAA, 0x4A69, 0xA512, 0xDED9, 0xCE37, 0xCE16,
    0xCE16, 0xCE16, 0xCE36, 0xD697, 0xDE98, 0xDE98, 0xDE98, 0xD678, 0xDE99, 0xDE99, 0xDED9, 0xCE57, 0xB594, 0xCE78, 0xDEDA, 0xD678,
    0xCE57, 0xCE57, 0xCE78, 0xD698, 0xD698, 0xD6B8, 0xD698, 0xD698, 0xD698, 0xD678, 0xD678, 0xD678, 0xD678, 0xD679, 0xDED9, 0xF7BD,
    0xB512, 0x832A, 0x9BAC, 0x9BAC, 0x9BAC, 0xA3AC, 0xA3AD, 0xABCE, 0xABEE, 0xABCE, 0xB3EE, 0xB3EE, 0xABAE, 0xA36D, 0x9B2C, 0x9B0B,
    0x92EB, 0x930B, 0x8ACB, 0x8289, 0x7A69, 0x8AEB, 0xB40E, 0xCCF1, 0xCCF1, 0xD532, 0xDD73, 0xDD33, 0xCC71, 0xD450, 0xDC92, 0xD450,
    0x9CB0, 0x7BCE, 0x7C30, 0x7C30, 0x7C10, 0x8450, 0x8471, 0x8CB2, 0x94D2, 0x94D2, 0x94D3, 0x9CF3, 0x9CF3, 0x9D13, 0x9D14, 0x9D13,
    0x9D14, 0xA534, 0x9D34, 0xA534, 0xA534, 0x9D13, 0x9CF3, 0x9CF3, 0x94D3, 0x8C92, 0x8C71, 0x8471, 0x8451, 0x8451, 0x8C72, 0x8C71,
    0x8C71, 0x94D3, 0x8451, 0x7C10, 0x7BF0, 0x8431, 0x4249, 0x634D, 0x9D13, 0x8C91, 0x8C71, 0x8C72, 0x8C71, 0x8C92, 0x8C92, 0x8C92,
    0x8C92, 0x8C72, 0x8C92, 0x8C71, 0x8451, 0x8451, 0x8431, 0x8430, 0x8430, 0x8451, 0x8451, 0x8451, 0x8451, 0x8451, 0x8451, 0x8C71,
    0x8C71, 0x8C71, 0x8C71, 0x8C71, 0x8C72, 0x8C92, 0x8C92, 0x94B2, 0x94D3, 0x94B2, 0x94B2, 0x8C92, 0x8C71, 0x8451, 0x8431, 0x7C10,
    0x7BF0, 0x7C10, 0x7C10, 0x8451, 0x8431, 0x7BEF, 0x6B8E, 0x6B8E, 0x73AE, 0x7C10, 0x8430, 0x8451, 0x8451, 0x8431, 0x8C51, 0x9492,
    0x52AA, 0x6B4D, 0xE73D, 0xE73D, 0xC659, 0xCE7A, 0xC618, 0xB596, 0xC638, 0xB5B7, 0xB5B6, 0xBDF7, 0xB5B6, 0xDEFC, 0x94B3, 0x94B3,
    0xFFFF, 0xF79E, 0x8C92, 0x73AE, 0xC639, 0xFFFF, 0xEF5D, 0x8C72, 0x73AE, 0xCE79, 0xFFFF, 0x9CF3, 0xAD96, 0xE75D, 0xA534, 0xC638,
    0xBDD6, 0xCE58, 0x8C2F, 0xAD74, 0xB5B5, 0x632C, 0x6B4C, 0xBDF7, 0x6B8D, 0x94B2, 0x842F, 0xBDD6, 0x8430, 0xB595, 0xFFFF, 0xC617,
    0x9CF3, 0xE71C, 0xBDF7, 0xCE79, 0xA534, 0xDEFB, 0xB596, 0xB596, 0x1903, 0x2965, 0x39E7, 0x3186, 0x39E7, 0x3A08, 0x4248, 0x4269,
    0x4A69, 0x4A89, 0x4AAA, 0x52CA, 0x52EB, 0x5AEB, 0x52EB, 0x52CB, 0x52CB, 0x52EB, 0x52AA, 0x4A89, 0x94B1, 0xE6D9, 0xD657, 0xCE36,
    0xCE36, 0xD697, 0xD698, 0xC5F6, 0xAD74, 0xAD74, 0xBDD6, 0xCE58, 0xDEB9, 0xDEB9, 0xDED9, 0xD678, 0xB574, 0xCE37, 0xE6FA, 0xD698,
    0xCE57, 0xCE57, 0xCE57, 0xD698, 0xD6B9, 0xDEB9, 0xD698, 0xCE78, 0xCE78, 0xCE78, 0xCE58, 0xCE78, 0xCE58, 0xD6B9, 0xDEDA, 0x8C70,
    0x5A68, 0x8B6B, 0x93AC, 0x9BCC, 0xA3CD, 0xA3CD, 0xA3CD, 0xABCD, 0xABCE, 0xABCE, 0xABEE, 0xB3CE, 0xABAE, 0xA34C, 0x9B0B, 0x92EB,
    0x8ACA, 0x8ACA, 0x930B, 0xA38D, 0xC490, 0xD511, 0xD531, 0xCCF0, 0xCCD0, 0xCCD0, 0xCCF0, 0xDD32, 0xDD13, 0xDCD2, 0xDCD2, 0xD471,
    0x83EE, 0x7C0F, 0x7C2F, 0x7C10, 0x7C10, 0x8451, 0x8C91, 0x8CB2, 0x94D3, 0x94D2, 0x94D3, 0x9CF3, 0x94F3, 0x9D13, 0x9D14, 0x9D14,
    0x9D14, 0x9D34, 0x9D34, 0xA554, 0x9D34, 0x9D13, 0x94F3, 0x9CF3, 0x94D3, 0x8C92, 0x8C91, 0x8C71, 0x8451, 0x8431, 0x8451, 0x8451,
    0x8451, 0x8C71, 0x8C72, 0x8451, 0x7BF0, 0x8431, 0x5AEC, 0x0861, 0x7BEF, 0x94D2, 0x8C71, 0x8451, 0x8C72, 0x8C92, 0x8C92, 0x8451,
    0x8451, 0x8C92, 0x8451, 0x8C71, 0x8451, 0x8451, 0x8451, 0x8451, 0x8431, 0x8430, 0x8451, 0x8451, 0x8451, 0x8C71, 0x8C71, 0x8C71,
    0x8C71, 0x8C92, 0x8C92, 0x94B2, 0x94B2, 0x94B2, 0x94B3, 0x94B2, 0x94B2, 0x94B2, 0x94B2, 0x8C92, 0x94B2, 0x94B2, 0x94B2, 0x8C92,
    0x8451, 0x8C71, 0x8C71, 0x8C71, 0x7BF0, 0x6B6D, 0x5B0C, 0x5B0C, 0x5B0C, 0x5B2C, 0x632C, 0x636D, 0x73AE, 0x7C10, 0x8430, 0x8431,
    0x8C92, 0x5AEB, 0x528A, 0xC618, 0xF79E, 0xD6BA, 0xC658, 0xCE59, 0xB5B6, 0xC618, 0xBDD7, 0xBDF7, 0xC659, 0xAD55, 0xE73C, 0xAD55,
    0x73AF, 0xDEFC, 0xFFFF, 0xBE18, 0x738E, 0x94B3, 0xF79E, 0xFFFF, 0xBDF8, 0x6B6D, 0xB596, 0xFFFF, 0x9CD3, 0xC639, 0xE71C, 0x9CF3,
    0xB595, 0xC617, 0xFFFF, 0xB5B6, 0xDEDA, 0x7BEE, 0x8430, 0xAD74, 0x7BEF, 0x842F, 0x9CF2, 0xCE99, 0xF7BE, 0x9D13, 0x8C71, 0xE73C,
    0xDEFB, 0xA534, 0xCE9A, 0xC638, 0xB5B6, 0xB5B6, 0xD6DA, 0xBDF7, 0x8C51, 0x10A2, 0x31C7, 0x2965, 0x31C6, 0x3A07, 0x4228, 0x4249,
    0x4249, 0x4269, 0x4A89, 0x4AAA, 0x52EB, 0x52EB, 0x52EB, 0x5AEB, 0x5AEB, 0x5AEB, 0x52EB, 0x4A89, 0x842F, 0xDEFA, 0xD698, 0xD678,
    0xCE77, 0xB594, 0x8C4F, 0x630B, 0x4228, 0x3A07, 0x4A48, 0x5AAA, 0x94B1, 0xD699, 0xDEB9, 0xD698, 0xB594, 0xC616, 0xE6FA, 0xD6B9,
    0xCE57, 0xCE57, 0xCE57, 0xD698, 0xD6B9, 0xD6B9, 0xD678, 0xCE57, 0xCE57, 0xCE78, 0xD678, 0xD698, 0xD6B9, 0xBDF7, 0x5AEA, 0x0840,
    0x28C2, 0x834B, 0x938B, 0x9BAC, 0x9BAC, 0xA3CD, 0xA3AD, 0xA3AD, 0xABCD, 0xABCE, 0xABCE, 0xABCE, 0xABAD, 0xA34C, 0x9B2B, 0x92CA,
    0xABAD, 0xCCB1, 0xD532, 0xE573, 0xDD72, 0xDD51, 0xD531, 0xDD11, 0xD511, 0xD4F1, 0xD4F1, 0xD4F1, 0xDD12, 0xE513, 0xE513, 0xDCB2,
    0x73AE, 0x7C0F, 0x7C0F, 0x7C0F, 0x7C10, 0x8471, 0x8C92, 0x94D2, 0x94D3, 0x94D2, 0x94D3, 0x94F3, 0x9CF3, 0x9D14, 0x9D14, 0x9D13,
    0x9D14, 0xA554, 0xA534, 0xA534, 0x9D34, 0x9D34, 0x94F3, 0x94D3, 0x8CB2, 0x8C91, 0x8C71, 0x8451, 0x8471, 0x8451, 0x8C71, 0x8C72,
    0x8430, 0x7C10, 0x8C71, 0x8C72, 0x7C10, 0x8431, 0x5AEB, 0x18E3, 0x31C7, 0x8C92, 0x94B2, 0x8C92, 0x8C92, 0x8C72, 0x8C71, 0x8C71,
    0x8C71, 0x8C92, 0x8451, 0x8451, 0x8C71, 0x8451, 0x8C72, 0x8C71, 0x8451, 0x8451, 0x8451, 0x8451, 0x8451, 0x8C71, 0x8C71, 0x8C71,
    0x8C71, 0x8C72, 0x8C92, 0x94B2, 0x94B2, 0x94B2, 0x94D3, 0x8C92, 0x8C71, 0x8451, 0x8451, 0x8451, 0x8C71, 0x8C72, 0x8451, 0x8430,
    0x8451, 0x8C92, 0x8C71, 0x8430, 0x73AE, 0x73CF, 0x8451, 0x8430, 0x7BEF, 0x73CF, 0x6BAE, 0x6B8E, 0x73AE, 0x73AE, 0x73CF, 0x7BF0,
    0x8410, 0x9492, 0x52AB, 0x18E3, 0x94D3, 0xF7BE, 0xDEDA, 0xD6BA, 0xCE79, 0xAD75, 0xC638, 0xB5D7, 0xBDD7, 0xCE59, 0x9D14, 0xDEFC,
    0xCE79, 0x738E, 0xB596, 0xFFFF, 0xEF5D, 0x8C92, 0x73AF, 0xC638, 0xFFFF, 0xE71C, 0x73AF, 0xAD96, 0xFFFF, 0xAD96, 0xB5B7, 0xF79E,
    0x94B2, 0x31A6, 0x9492, 0xFFDE, 0xEF7D, 0x9491, 0xBDD6, 0x738D, 0x8C70, 0x7BCE, 0xC638, 0x8C91, 0xB5D6, 0xFFFF, 0xCE99, 0x8450,
    0xC638, 0xDEFB, 0xB5B6, 0xB5D6, 0xD6DA, 0x9CF3, 0xC659, 0xD6BA, 0xBDF7, 0x52AA, 0x2124, 0x2965, 0x2986, 0x31E7, 0x3A08, 0x4248,
    0x4269, 0x4269, 0x4A69, 0x4A89, 0x4AAA, 0x52CA, 0x52AA, 0x52CB, 0x52EB, 0x52EB, 0x52EB, 0x52AA, 0x73AE, 0xE71A, 0xD678, 0xA533,
    0x7BCE, 0x632B, 0x52CA, 0x4A69, 0x39E7, 0x31A6, 0x29A5, 0x31A5, 0x5289, 0xAD74, 0xDEB9, 0xDEB9, 0xBDD5, 0xC5F6, 0xE6FA, 0xDED9,
    0xD698, 0xCE57, 0xCE57, 0xD678, 0xD698, 0xDEB9, 0xDEB9, 0xD698, 0xDEB9, 0xD698, 0xC637, 0xB595, 0x8C50, 0x31A6, 0x0861, 0x10A2,
    0x18A2, 0x72A9, 0x8B6B, 0x938B, 0x9B8C, 0x9BAC, 0xA3CD, 0xA3CD, 0xA3AD, 0xABCD, 0xABCD, 0xABAD, 0xAB8D, 0xA36C, 0x9B0B, 0xB3CE,
    0xE573, 0xEDB4, 0xE593, 0xE573, 0xE572, 0xDD52, 0xDD52, 0xDD32, 0xDD12, 0xDD12, 0xDD12, 0xDD12, 0xDD12, 0xE4F3, 0xE534, 0xDCB2,
    0x73EF, 0x7BEF, 0x7C0F, 0x7C10, 0x7C30, 0x8471, 0x8C92, 0x94D2, 0x94D3, 0x94D3, 0x94D3, 0x94D3, 0x9D14, 0x9D14, 0x9D14, 0x9D14,
    0x9D34, 0xA534, 0xA534, 0xA534, 0x9D14, 0x9D13, 0x94D3, 0x94D2, 0x8C92, 0x8C71, 0x8471, 0x8451, 0x8451, 0x8451, 0x8451, 0x8C92,
    0x8C72, 0x8451, 0x8451, 0x8C71, 0x8431, 0x7C10, 0x4249, 0x4249, 0x2966, 0x4A69, 0x94D3, 0x8C92, 0x8C71, 0x8C71, 0x8C92, 0x8C92,
    0x8451, 0x73CF, 0x8451, 0x8C71, 0x8451, 0x8C71, 0x8C71, 0x8451, 0x8451, 0x8451, 0x8451, 0x8C71, 0x8451, 0x8451, 0x8451, 0x8451,
    0x8C71, 0x8C71, 0x8C71, 0x8C92, 0x8C92, 0x8C92, 0x8C92, 0x8C71, 0x8451, 0x8451, 0x8C71, 0x8431, 0x8431, 0x8451, 0x8451, 0x7C10,
    0x7C10, 0x7C10, 0x73CF, 0x73AE, 0x73CF, 0x8430, 0x8C71, 0x8C71, 0x8C71, 0x8C71, 0x8C92, 0x8C71, 0x8451, 0x8451, 0x8430, 0x8451,
    0x8451, 0x9492, 0x94B3, 0x4A8A, 0x0020, 0x8450, 0xF79E, 0xDEFB, 0xDF1B, 0xB5B6, 0xB5B6, 0xBDF7, 0xBDD7, 0xBDD7, 0xCE9A, 0x9CF4,
    0xCE79, 0xEF7E, 0x7BF0, 0x8C72, 0xF79E, 0xFFFF, 0xBDF7, 0x738E, 0x94B3, 0xF7BE, 0xF79E, 0x7BCF, 0xB596, 0xFFFF, 0xAD96, 0x8C71,
    0xE73C, 0xD6BA, 0x632C, 0x5289, 0xAD54, 0xBDD6, 0xA534, 0x5AEB, 0x94B1, 0x840F, 0xC658, 0xCE79, 0xB5B6, 0x94B2, 0xDF1B, 0xF7BE,
    0xA534, 0xBDD7, 0xC659, 0xBE18, 0xAD75, 0xE75D, 0x8C71, 0xCE99, 0xD6BA, 0xA555, 0x31A6, 0x2124, 0x2145, 0x31C6, 0x3A07, 0x3A28,
    0x4249, 0x4269, 0x4269, 0x4A69, 0x4A69, 0x4A89, 0x4A89, 0x4A89, 0x52AA, 0x4AAA, 0x52AA, 0x52AA, 0x630B, 0x9CF3, 0x738D, 0x4A69,
    0x52AA, 0x5AEB, 0x4A69, 0x3A07, 0x31E7, 0x31A6, 0x3A28, 0x632C, 0x6B4C, 0x7BCE, 0xC637, 0xE71A, 0xD678, 0xBDD5, 0xC637, 0xCE57,
    0xCE57, 0xD678, 0xCE58, 0xD678, 0xD698, 0xD678, 0xCE37, 0xBDB5, 0xA533, 0x9491, 0x7BCE, 0x73AE, 0x31A6, 0x0861, 0x10A2, 0x10A2,
    0x1061, 0x5A27, 0x8B6B, 0x938B, 0x9B8C, 0xA3CD, 0xABEE, 0xABEE, 0xABCE, 0xABCD, 0xABAD, 0xABAD, 0xAB8D, 0xA34C, 0x9B4B, 0xCCB0,
    0xDD52, 0xE572, 0xE593, 0xEDB3, 0xE593, 0xE593, 0xE552, 0xE532, 0xE532, 0xE532, 0xE532, 0xE533, 0xE533, 0xE513, 0xED34, 0xDCB2,
    0x7BEF, 0x7C0F, 0x7C10, 0x7C10, 0x7C10, 0x8451, 0x8C92, 0x8CB2, 0x94D3, 0x94D3, 0x94B3, 0x94F3, 0x9CF4, 0x9D14, 0x9D14, 0x9D34,
    0x9D14, 0x9D13, 0x9D13, 0x9D14, 0x9D13, 0x9CF3, 0x94D3, 0x8CB2, 0x8C91, 0x8C71, 0x8471, 0x8C91, 0x8C71, 0x8C51, 0x8451, 0x8C92,
    0x8C71, 0x8431, 0x8431, 0x8431, 0x8451, 0x8451, 0x3A08, 0x5AEB, 0x5AEB, 0x2124, 0x6B6D, 0x94B2, 0x8C71, 0x8C71, 0x94B2, 0x8C92,
    0x8C71, 0x8451, 0x8C71, 0x8C71, 0x8430, 0x8C71, 0x8451, 0x8451, 0x8C72, 0x8C72, 0x8C72, 0x8C71, 0x8451, 0x8451, 0x8451, 0x8451,
    0x8451, 0x8451, 0x8C71, 0x8451, 0x8C72, 0x8C71, 0x8451, 0x8451, 0x8451, 0x8451, 0x8451, 0x8451, 0x8C71, 0x8451, 0x8430, 0x7C10,
    0x7BF0, 0x7BEF, 0x73AF, 0x6B8E, 0x73CF, 0x7C10, 0x8430, 0x8C72, 0x8C72, 0x8C71, 0x8C92, 0x8C71, 0x8451, 0x8C71, 0x94B2, 0x94B3,
    0x94B2, 0x94B2, 0x8C71, 0x8C71, 0x4A49, 0x0861, 0x8410, 0xEF7D, 0xEF7D, 0xE71C, 0xA555, 0xCE59, 0xAD76, 0xC618, 0xB5D7, 0xD69A,
    0xA514, 0xB5D7, 0xFFFF, 0xA534, 0x73AF, 0xCE79, 0xFFFF, 0xE73C, 0x8451, 0x73AF, 0xD6BA, 0xF7BE, 0xA555, 0xAD76, 0xE73C, 0xE71C,
    0x8C92, 0xDEFB, 0xFFFF, 0xC638, 0x634C, 0xB5D6, 0x738D, 0x8430, 0x73CE, 0x94B1, 0xBE17, 0xCE79, 0xE73C, 0xD699, 0x8C71, 0xB595,
    0xFFFF, 0xC638, 0xB5D6, 0xBE17, 0xBDF7, 0xAD96, 0xEF9E, 0x8C92, 0xCE79, 0xDEDB, 0x8C51, 0x1904, 0x1904, 0x2985, 0x31E7, 0x3A07,
    0x4228, 0x4248, 0x4249, 0x4A69, 0x4269, 0x4A69, 0x4A69, 0x4269, 0x4A69, 0x4269, 0x4A69, 0x4A89, 0x52CA, 0x4A69, 0x2985, 0x4A89,
    0x632C, 0x4A69, 0x2965, 0x2165, 0x39E7, 0x52EB, 0x6B8D, 0x634C, 0x632C, 0x632C, 0x94D2, 0xE71B, 0xAD53, 0x5AEA, 0x52A9, 0x5AEA,
    0x5AEA, 0x6B6C, 0x7BCE, 0x7BEE, 0x73AE, 0x6B8D, 0x73AE, 0x6B8D, 0x4A69, 0x4A69, 0x738E, 0x73CF, 0x1904, 0x0882, 0x08A2, 0x10A2,
    0x0861, 0x41A5, 0x836B, 0x936B, 0x9B8C, 0xA3AD, 0xA3CD, 0xABCE, 0xABCE, 0xABCE, 0xABAD, 0xABAD, 0xABAD, 0x9B2B, 0xABCD, 0xCCD0,
    0xD511, 0xDD52, 0xE572, 0xE593, 0xEDB3, 0xED93, 0xE573, 0xE552, 0xE552, 0xE552, 0xE553, 0xE533, 0xE533, 0xE534, 0xED54, 0xDCB2,
    0x7C0F, 0x7C0F, 0x7C10, 0x7C10, 0x8430, 0x8471, 0x8C92, 0x8CB2, 0x94D3, 0x94D3, 0x94B3, 0x9CF4, 0x9D14, 0x9CF4, 0x9D13, 0x9D13,
    0x9D13, 0x9D34, 0x9D13, 0x9CF3, 0x94D3, 0x8CB2, 0x8CB2, 0x8C91, 0x8C71, 0x8471, 0x8C71, 0x8471, 0x8451, 0x8C71, 0x8451, 0x8C92,
    0x8C71, 0x8431, 0x8C72, 0x8451, 0x8C72, 0x8C71, 0x3A08, 0x632C, 0x6B8E, 0x4229, 0x2966, 0x8430, 0x8C92, 0x8451, 0x8C72, 0x8C71,
    0x8451, 0x8C71, 0x73CF, 0x7BEF, 0x8451, 0x8431, 0x8431, 0x8451, 0x8C92, 0x8C92, 0x8C92, 0x8451, 0x8451, 0x8451, 0x8451, 0x8451,
    0x8431, 0x8C71, 0x8C71, 0x8C71, 0x8C71, 0x8C92, 0x8C92, 0x8C71, 0x8451, 0x8451, 0x8451, 0x8451, 0x8C92, 0x8451, 0x8430, 0x8451,
    0x94B2, 0x94D3, 0x9CF3, 0x94B2, 0x8C71, 0x8430, 0x7C10, 0x8430, 0x8430, 0x8C92, 0x94D3, 0x8C92, 0x8C71, 0x8C71, 0x8C71, 0x94B2,
    0x94B2, 0x9492, 0x9492, 0x8431, 0x8C51, 0x4229, 0x0841, 0x5ACB, 0xAD76, 0xF79E, 0xD6BA, 0xBDD7, 0xB596, 0xC618, 0xBDD7, 0xB5D7,
    0xCE59, 0xAD75, 0x9CF3, 0xFFDF, 0xCE9A, 0x73AF, 0xA514, 0xFFFF, 0xFFFF, 0xB5B7, 0x6B6E, 0xB596, 0xFFFF, 0xCE7A, 0x8C51, 0xAD76,
    0xD69A, 0xC618, 0xE73C, 0xEF7D, 0xD6BA, 0x9CF3, 0x528A, 0xA554, 0x5ACA, 0xAD74, 0xA533, 0xBDF7, 0xC638, 0xDEFB, 0xEF7D, 0xAD55,
    0x8C71, 0xE71C, 0xCE9A, 0xAD75, 0xD6BA, 0xA554, 0xB5B6, 0xF79E, 0x9CD3, 0xCE79, 0xD6BA, 0x632C, 0x0861, 0x2145, 0x31A6, 0x39E7,
    0x4228, 0x4228, 0x4248, 0x4269, 0x4269, 0x4269, 0x4A69, 0x4269, 0x4A69, 0x4249, 0x4249, 0x4248, 0x52CA, 0x4228, 0x31C6, 0x5AEB,
    0x52AA, 0x29A5, 0x2985, 0x4A89, 0x636D, 0x6B8D, 0x632C, 0x52EB, 0x5B0B, 0x5B2C, 0x73AE, 0x94D2, 0x5AEA, 0x4A68, 0x4A89, 0x4A89,
    0x4248, 0x3A07, 0x4208, 0x3A08, 0x4A69, 0x52AA, 0x632C, 0x73CF, 0x73AE, 0x4208, 0x3A08, 0x5B0C, 0x18E3, 0x0882, 0x08A2, 0x10A2,
    0x0882, 0x2923, 0x7B2A, 0x936B, 0x9B8C, 0x9BAD, 0xA3CD, 0xA3AD, 0xA38D, 0xA3AD, 0xA38D, 0xA36D, 0xA36C, 0xA34C, 0xBC2E, 0xCCB0,
    0xD511, 0xDD31, 0xDD31, 0xDD51, 0xE572, 0xED93, 0xE573, 0xE572, 0xE552, 0xE552, 0xE532, 0xE533, 0xE533, 0xE534, 0xE534, 0xD4D2,
    0x7C10, 0x7C10, 0x7C10, 0x7C10, 0x8430, 0x8C71, 0x8C92, 0x8CB2, 0x94B3, 0x94D3, 0x94D3, 0x9CF4, 0x9D14, 0x9CF4, 0x9CF3, 0x9D14,
    0x9D14, 0x9D14, 0x9D13, 0x94F3, 0x8CB2, 0x8C91, 0x8C91, 0x8451, 0x8471, 0x8450, 0x8451, 0x8471, 0x8C71, 0x8C71, 0x8451, 0x8C92,
    0x8C71, 0x8C71, 0x8C72, 0x8C72, 0x8C92, 0x8451, 0x4249, 0x6B6E, 0x6B8E, 0x5B0C, 0x2965, 0x4249, 0x8C92, 0x8C72, 0x8C71, 0x8451,
    0x8451, 0x8451, 0x8451, 0x8430, 0x8C92, 0x8C71, 0x8C71, 0x8451, 0x8C71, 0x8C71, 0x8C72, 0x8C92, 0x8451, 0x8451, 0x8C71, 0x8451,
    0x8C71, 0x8C72, 0x8C71, 0x8C71, 0x8C71, 0x8C71, 0x8C92, 0x8C71, 0x8451, 0x8451, 0x8C71, 0x8C71, 0x8C92, 0x8431, 0x8430, 0x8C71,
    0x94B2, 0x8C92, 0x8C92, 0x8C92, 0x94D3, 0x94B3, 0x8C92, 0x8451, 0x8471, 0x8CB2, 0x94D3, 0x8C92, 0x8C92, 0x8C92, 0x8C92, 0x8C92,
    0x8C92, 0x9492, 0x9492, 0x8C51, 0x8431, 0x8431, 0x4228, 0x0000, 0x0841, 0x8C71, 0xF7BF, 0xD6BA, 0xDEDB, 0xAD76, 0xCE79, 0xAD76,
    0xBE18, 0xC618, 0xC618, 0x94B3, 0xDEDB, 0xF79E, 0x9492, 0x8410, 0xDEDB, 0xFFFF, 0xE71C, 0x8410, 0xAD96, 0xF79E, 0xFFFF, 0xBDD7,
    0xBDD7, 0xFFDF, 0xEF7D, 0xCE59, 0xCE79, 0xAD75, 0x4248, 0xAD74, 0x5289, 0xB5B6, 0xAD95, 0xDEDA, 0xC658, 0xC617, 0xBE17, 0xEF7D,
    0xD6BA, 0x94B2, 0xCE59, 0xC658, 0x9D14, 0xEF7D, 0x94B2, 0xB5B6, 0xF7BE, 0x9D14, 0xC659, 0xC618, 0x3A07, 0x0881, 0x2986, 0x31C7,
    0x3A08, 0x3A28, 0x3A28, 0x4248, 0x4269, 0x4A69, 0x4A69, 0x4269, 0x4A69, 0x4269, 0x4248, 0x4248, 0x52AA, 0x4A89, 0x4248, 0x52CA,
    0x4A69, 0x4A89, 0x632C, 0x6B8D, 0x634C, 0x5B0B, 0x52EB, 0x52EB, 0x5B0B, 0x5B2C, 0x5B2C, 0x4AAA, 0x4A89, 0x52CA, 0x52EB, 0x52CA,
    0x4AAA, 0x4228, 0x3A28, 0x52AA, 0x52CA, 0x4228, 0x4AAA, 0x634D, 0x634D, 0x6B8E, 0x4228, 0x2986, 0x10C3, 0x0882, 0x0882, 0x0882,
    0x08A2, 0x10A2, 0x6AC9, 0x936B, 0x9B8C, 0x9BAD, 0x9BAD, 0x9B8C, 0x9B6C, 0x9B4B, 0x9B4C, 0x9B4C, 0x9B2B, 0xABCD, 0xC490, 0xCCB0,
    0xD510, 0xDD51, 0xDD51, 0xDD51, 0xDD52, 0xE572, 0xE572, 0xE572, 0xE552, 0xE532, 0xE532, 0xE512, 0xDCF2, 0xE4F3, 0xE534, 0xD4F2,
    0x7C10, 0x7C10, 0x7C10, 0x7C10, 0x8451, 0x8C71, 0x8C92, 0x8CB2, 0x94B3, 0x94B3, 0x94D3, 0x9CF4, 0x9CF4, 0x9CF4, 0x9D14, 0x9CF3,
    0x9D14, 0x9D14, 0x9CF3, 0x94D3, 0x8CB2, 0x94B2, 0x94B2, 0x8C92, 0x8C91, 0x8C91, 0x8C91, 0x8C91, 0x8C92, 0x8C72, 0x8C92, 0x8C92,
    0x94D3, 0x8C92, 0x8C92, 0x8C72, 0x94B3, 0x7C10, 0x4249, 0x73AF, 0x73AF, 0x6B6D, 0x4A6A, 0x2145, 0x634D, 0x94B3, 0x8451, 0x8451,
    0x8C71, 0x8C91, 0x8C92, 0x8C92, 0x7C10, 0x8451, 0x8451, 0x8451, 0x8C71, 0x8C71, 0x8451, 0x8C72, 0x8C71, 0x8C71, 0x8C72, 0x8C92,
    0x8C72, 0x8C71, 0x8C71, 0x8C71, 0x8C71, 0x8451, 0x8C72, 0x8C92, 0x8C71, 0x8451, 0x8430, 0x8451, 0x8451, 0x8430, 0x8451, 0x8C92,
    0x8C72, 0x8451, 0x8C71, 0x8C92, 0x94B2, 0x94D3, 0x94D3, 0x94D3, 0x94D3, 0x8CB2, 0x8C92, 0x8CB2, 0x8C92, 0x8C92, 0x94B2, 0x8C92,
    0x8C72, 0x8C72, 0x8C71, 0x8C71, 0x8C51, 0x8410, 0x7C10, 0x4229, 0x0861, 0x0021, 0x7BCF, 0xEF5D, 0xD6BB, 0xD6BA, 0xB596, 0xCE7A,
    0xA555, 0xCE59, 0xAD76, 0xDEFB, 0xAD55, 0xA555, 0xEF5D, 0xC618, 0x7BF0, 0xA534, 0xF7BE, 0xFFFF, 0xCE7A, 0x8C51, 0xA514, 0xF79E,
    0xE75C, 0xC637, 0xD699, 0xE71C, 0xB5B6, 0x8C71, 0x52AA, 0xA513, 0x52CA, 0xBDF7, 0xAD54, 0xDEFA, 0xCE58, 0xD6DA, 0xC617, 0xA554,
    0xCE9A, 0xEF7D, 0xAD55, 0xC638, 0xB5D7, 0x9D14, 0xF7DF, 0x94B2, 0xAD55, 0xEF7D, 0xAD55, 0xCE59, 0xA555, 0x2145, 0x18E3, 0x31C7,
    0x31C6, 0x31E7, 0x3A08, 0x4228, 0x4249, 0x4A69, 0x4A69, 0x4A69, 0x4A69, 0x4269, 0x4249, 0x4249, 0x4A8A, 0x52CA, 0x4AAA, 0x5B0C,
    0x632C, 0x634D, 0x5B2C, 0x52EB, 0x52CA, 0x4AAA, 0x52AA, 0x52AA, 0x52CB, 0x5B0B, 0x52EB, 0x4AA9, 0x52CA, 0x5AEB, 0x5AEB, 0x52AA,
    0x4249, 0x3A28, 0x5B0B, 0x73CE, 0x6B8E, 0x4A8A, 0x3A28, 0x632D, 0x632D, 0x52CB, 0x6B6E, 0x39E8, 0x10A2, 0x10A2, 0x0882, 0x0882,
    0x10A2, 0x0861, 0x4A27, 0x8B6B, 0x936B, 0x93AC, 0x938C, 0x936C, 0x934B, 0x8B2B, 0x930B, 0x930B, 0x932B, 0xBC4F, 0xCCD0, 0xCCD0,
    0xCD10, 0xD531, 0xDD51, 0xDD72, 0xDD72, 0xE572, 0xE572, 0xE552, 0xE532, 0xE532, 0xE532, 0xDCF2, 0xDCB1, 0xDCB2, 0xDD74, 0x7AEA,
    0x7C30, 0x7C10, 0x7C10, 0x7C30, 0x8451, 0x8471, 0x8C92, 0x94B3, 0x94B3, 0x94B3, 0x94F3, 0x9CF4, 0x9CF4, 0x9CF4, 0x9CF4, 0x9CF4,
    0x9D14, 0x9D14, 0x94F3, 0x94D3, 0x94D3, 0x94D3, 0x94D3, 0x94D3, 0x8CB2, 0x94B2, 0x94D2, 0x94D2, 0x94B2, 0x8C92, 0x8C72, 0x8C72,
    0x94B2, 0x94B2, 0x94D3, 0x8C92, 0x94D3, 0x6B8E, 0x5AEB, 0x7BF0, 0x73AF, 0x634D, 0x5B0C, 0x39E7, 0x31C7, 0x7C10, 0x94B2, 0x8C92,
    0x94D3, 0x94B2, 0x8C92, 0x8C92, 0x7C10, 0x8430, 0x8C71, 0x8451, 0x8451, 0x8451, 0x8C71, 0x8C71, 0x8C72, 0x8C71, 0x8C71, 0x8C92,
    0x8C92, 0x8C92, 0x8C72, 0x8C71, 0x8451, 0x8451, 0x8C71, 0x8C71, 0x8451, 0x8451, 0x8451, 0x8C71, 0x8451, 0x8451, 0x8C92, 0x94B2,
    0x94B2, 0x8C92, 0x8C92, 0x8C92, 0x8C92, 0x8C92, 0x8C92, 0x8C92, 0x8C71, 0x8C71, 0x8C71, 0x8471, 0x8C71, 0x8C71, 0x8C92, 0x94B2,
    0x8C72, 0x8C71, 0x8C71, 0x8C51, 0x8C71, 0x8430, 0x8410, 0x7BCF, 0x4208, 0x10C3, 0x0000, 0x8430, 0xEF9E, 0xDEDB, 0xCE9A, 0xB5B6,
    0xCE9A, 0xA535, 0xD69A, 0x9CF4, 0xE71C, 0xD6BA, 0x8C92, 0xB5B7, 0xDEFC, 0xAD76, 0x8430, 0xBE18, 0xFFFF, 0xFFFF, 0xC639, 0x8C51,
    0xC638, 0xC638, 0xC638, 0xE73C, 0xAD75, 0x39C6, 0x7BEF, 0x9CF3, 0x632C, 0xBDF7, 0x8C71, 0xC658, 0xDEFB, 0xB5D6, 0xD699, 0xCE79,
    0xAD55, 0xAD95, 0xE73C, 0xA534, 0xD6DB, 0xAD75, 0x9D13, 0xFFDF, 0xA514, 0xA534, 0xE73C, 0xB596, 0xCE99, 0x94D3, 0x2124, 0x2145,
    0x31A6, 0x31C7, 0x39E7, 0x3A08, 0x4228, 0x4269, 0x4A69, 0x4A69, 0x4A69, 0x4269, 0x4249, 0x4249, 0x4A89, 0x5B0B, 0x632C, 0x52CB,
    0x52CB, 0x52AA, 0x4A8A, 0x4A89, 0x4269, 0x4249, 0x4A69, 0x4A89, 0x4AAA, 0x52AA, 0x4A8A, 0x4AAA, 0x5AEB, 0x5AEB, 0x52AA, 0x4A69,
    0x4248, 0x5B0B, 0x6B8E, 0x6B8E, 0x6B8D, 0x634D, 0x4A69, 0x4A8A, 0x6B8E, 0x52AB, 0x4A6A, 0x39E7, 0x10A2, 0x0882, 0x0882, 0x0882,
    0x10A3, 0x0041, 0x3164, 0x8B6C, 0x8B4B, 0x936C, 0x8B6B, 0x8B4B, 0x8B2B, 0x8B2B, 0x8B0A, 0x82CA, 0x9B8C, 0xC4D0, 0xCCF0, 0xD511,
    0xDD71, 0xDD71, 0xDD51, 0xDD72, 0xE572, 0xE552, 0xE552, 0xE552, 0xE531, 0xE532, 0xE532, 0xDCF1, 0xD490, 0xD492, 0x9B8E, 0x1881,
    0x8430, 0x7C10, 0x7C10, 0x8430, 0x8451, 0x8C71, 0x8CB2, 0x94B3, 0x94B3, 0x94B3, 0x94D3, 0x94D3, 0x94D3, 0x94D3, 0x94F3, 0x94F3,
    0x9CF4, 0x9D14, 0x9D34, 0x9D14, 0x9D14, 0x9D14, 0x9D14, 0x9CF3, 0x9CF3, 0x9CF3, 0x9D14, 0x94D3, 0x8C92, 0x8C92, 0x8C72, 0x8451,
    0x8C71, 0x94D3, 0x94D3, 0x94B3, 0x94D3, 0x632D, 0x6B8E, 0x8451, 0x73AE, 0x634D, 0x5B0C, 0x52CB, 0x31A6, 0x4A8A, 0x8C71, 0x94D3,
    0x8C92, 0x8C92, 0x8C71, 0x8451, 0x8C72, 0x8430, 0x8431, 0x8430, 0x8451, 0x8C71, 0x8C71, 0x8C71, 0x8C92, 0x8C92, 0x8C92, 0x8C92,
    0x8C71, 0x8C71, 0x8C71, 0x8451, 0x8430, 0x8451, 0x8C71, 0x8C71, 0x8C92, 0x8C92, 0x8C92, 0x8C71, 0x8C92, 0x94B2, 0x94D3, 0x9CF3,
    0x9CF3, 0x94D3, 0x94B2, 0x94D3, 0x94B2, 0x94B2, 0x8CB2, 0x8C92, 0x8C92, 0x8451, 0x8430, 0x8430, 0x8451, 0x8451, 0x8451, 0x8C92,
    0x8C92, 0x8C72, 0x8C72, 0x8C51, 0x8C51, 0x8451, 0x7C10, 0x8430, 0x73AF, 0x4A6A, 0x18E3, 0x1082, 0x94B2, 0xE75D, 0xE73C, 0xBDF7,
    0xBDD7, 0xCE7A, 0xA534, 0xDEFC, 0x9CF3, 0xCE59, 0xFFFF, 0xB596, 0x8C71, 0xD6BA, 0xEF9E, 0xC639, 0x9CF4, 0xAD76, 0xF7BF, 0xF7BE,
    0xC658, 0xCE78, 0xD699, 0xE71B, 0xE73B, 0x5ACA, 0x73AE, 0x9CF3, 0x6B4C, 0xB5B6, 0xC617, 0xB5D6, 0xAD74, 0xE73C, 0xAD54, 0xD6BA,
    0xD69A, 0xBDF7, 0xAD55, 0xCE59, 0x9CF3, 0xF79E, 0xAD75, 0x94B2, 0xFFDF, 0xAD75, 0xA534, 0xD6DA, 0xB5B6, 0xDEDB, 0x7BEF, 0x18C3,
    0x2985, 0x31C7, 0x39E7, 0x39E7, 0x3A08, 0x4248, 0x4269, 0x4269, 0x4269, 0x4249, 0x4228, 0x4269, 0x4A69, 0x52EB, 0x5B0B, 0x4269,
    0x4248, 0x4249, 0x4248, 0x3A28, 0x3A08, 0x3A07, 0x3A07, 0x3A28, 0x4A8A, 0x4A89, 0x4A89, 0x52EB, 0x5B0B, 0x52CB, 0x4A69, 0x4249,
    0x5B2C, 0x5B2C, 0x5B2C, 0x634C, 0x5B0B, 0x4AAA, 0x4AAA, 0x4AAA, 0x5AEC, 0x4A8A, 0x4A6A, 0x2986, 0x0882, 0x0882, 0x0882, 0x0882,
    0x10A3, 0x0041, 0x18C2, 0x7B2B, 0x8B4B, 0x8B4B, 0x8B2B, 0x8B2B, 0x8B2B, 0x8B0A, 0x82EA, 0x82C9, 0xB42F, 0xCCF1, 0xCD11, 0xD510,
    0xDD51, 0xE592, 0xE592, 0xE572, 0xE572, 0xE552, 0xE552, 0xDD31, 0xDD11, 0xDD11, 0xDCF1, 0xD4B0, 0xCC50, 0xBC72, 0xBD97, 0x3A08,
    0x8430, 0x7C10, 0x7C10, 0x8451, 0x8471, 0x8C71, 0x8CB2, 0x94B3, 0x94B3, 0x94B3, 0x94D3, 0x94D3, 0x94F3, 0x94F3, 0x94D3, 0x94F3,
    0x9D14, 0x9D14, 0x9D14, 0x9D14, 0x9D14, 0x9D14, 0x9D14, 0x9D14, 0x9CF4, 0x9D34, 0x9D34, 0x94D3, 0x94B2, 0x8C92, 0x8C71, 0x8C92,
    0x8C72, 0x94D3, 0x94D3, 0x94B3, 0x8C92, 0x5AEC, 0x7BF0, 0x8C92, 0x73CF, 0x6B6E, 0x5B0C, 0x5B0C, 0x4A6A, 0x2986, 0x634D, 0x94B2,
    0x8C92, 0x8451, 0x8430, 0x7C10, 0x7BEF, 0x73CF, 0x6B8E, 0x8C92, 0x8C72, 0x8451, 0x8451, 0x8451, 0x8C71, 0x8C71, 0x8451, 0x8C71,
    0x8451, 0x8451, 0x8451, 0x8431, 0x8430, 0x8451, 0x8451, 0x8451, 0x8C92, 0x8C71, 0x8C92, 0x8C92, 0x8C71, 0x8C92, 0x94B3, 0x94D3,
    0x94B3, 0x94B2, 0x94D3, 0x94B3, 0x94B2, 0x94B2, 0x94B2, 0x94B2, 0x94B2, 0x8CB2, 0x8C92, 0x8C92, 0x8C92, 0x8C92, 0x8451, 0x8451,
    0x8C71, 0x8C71, 0x8C71, 0x8C71, 0x8C71, 0x8C71, 0x8451, 0x7C10, 0x8430, 0x7BCF, 0x528A, 0x18E4, 0x0041, 0x5ACB, 0xDEDB, 0xEF5D,
    0xAD96, 0xC638, 0xC638, 0xA555, 0xDEFB, 0xAD55, 0xAD55, 0xFFDF, 0xEF5D, 0x9492, 0xA534, 0xEF7D, 0xF79E, 0xBE18, 0x9492, 0xC617,
    0xD6BA, 0xDEDA, 0xE71B, 0xCE58, 0x9491, 0x632C, 0x632B, 0x94D2, 0x738D, 0xBDF7, 0xAD75, 0xE75C, 0xAD54, 0xAD95, 0xE71C, 0xA554,
    0xD6BA, 0xCE99, 0xCE59, 0xB5B6, 0xC618, 0x94B2, 0xFFDF, 0xB5B6, 0x8C71, 0xF7BE, 0xA534, 0xAD75, 0xD69A, 0xB5B6, 0xD6DB, 0x52AA,
    0x18C3, 0x31A6, 0x31C7, 0x31C7, 0x3A07, 0x3A08, 0x4248, 0x4269, 0x4269, 0x4248, 0x3A08, 0x4228, 0x4249, 0x52AA, 0x52AA, 0x52CA,
    0x4269, 0x4228, 0x3A28, 0x31E7, 0x29A6, 0x29A6, 0x3A07, 0x52CB, 0x6B8D, 0x4AAA, 0x4A8A, 0x5AEB, 0x5AEB, 0x52AA, 0x4A49, 0x5AEB,
    0x6B8D, 0x6B8E, 0x52CB, 0x52CA, 0x634C, 0x4AAA, 0x31C7, 0x4249, 0x4A8A, 0x4269, 0x4229, 0x2966, 0x0882, 0x0882, 0x0882, 0x0882,
    0x10A2, 0x0861, 0x0841, 0x6AC9, 0x8B4B, 0x8B2B, 0x8B2B, 0x8B2B, 0x8B2B, 0x8B2A, 0x82C9, 0x936B, 0xCD11, 0xCD10, 0xD531, 0xD551,
    0xDD51, 0xDD92, 0xDD72, 0xE572, 0xE572, 0xE552, 0xE551, 0xDD31, 0xDD11, 0xD4D0, 0xD4B0, 0xD490, 0x9B0C, 0x9C72, 0xD77F, 0x6BF1,
    0x8430, 0x7C10, 0x7C30, 0x8451, 0x8C71, 0x8C92, 0x8CB2, 0x8C92, 0x8C92, 0x94B3, 0x94F3, 0x9CF4, 0x9CF4, 0x94D3, 0x94F3, 0x9CF4,
    0x9CF4, 0x9CF4, 0x9D14, 0xA535, 0x9D14, 0x9D14, 0x9D14, 0x9CF4, 0x9CF4, 0x94F3, 0x94D3, 0x8CB2, 0x8C92, 0x8C71, 0x8C71, 0x8C92,
    0x8C71, 0x8C92, 0x8C72, 0x8C92, 0x7C10, 0x5AEC, 0x8431, 0x8C92, 0x8451, 0x6B8E, 0x632D, 0x5B0C, 0x5AEC, 0x39E7, 0x4228, 0x73CF,
    0x8430, 0x73CF, 0x73CF, 0x7BEF, 0x7C10, 0x8430, 0x8C71, 0x8C92, 0x8451, 0x7C10, 0x7C10, 0x7C10, 0x8451, 0x8431, 0x8430, 0x8451,
    0x8431, 0x8451, 0x8431, 0x8451, 0x8451, 0x8451, 0x8451, 0x8451, 0x8C71, 0x8451, 0x8C71, 0x8C92, 0x8C92, 0x94B3, 0x8C92, 0x8C71,
    0x8C92, 0x8C92, 0x94B2, 0x94B3, 0x94D3, 0x94D3, 0x94B2, 0x8C92, 0x8C92, 0x8C92, 0x8C92, 0x8471, 0x8C71, 0x8C92, 0x8C92, 0x94B2,
    0x8C72, 0x8C71, 0x8C71, 0x8C71, 0x8C92, 0x8C71, 0x8471, 0x8430, 0x7C10, 0x8410, 0x7BEF, 0x4A8A, 0x2124, 0x0000, 0x52CA, 0xE73C,
    0xEF9D, 0xCE79, 0xDEFB, 0xC638, 0xB5B6, 0xC659, 0xBDF8, 0xA535, 0xCE79, 0xF7BE, 0xCE59, 0xAD55, 0xA534, 0xDF1C, 0xFFDF, 0xC638,
    0xE75C, 0xEF7C, 0xEF5C, 0xDEDA, 0xD6BA, 0x6B4C, 0x4A48, 0x8C71, 0x7BCE, 0xC617, 0x94B2, 0xD6B9, 0xD6B9, 0x9CD2, 0xCE79, 0xC658,
    0xBDD7, 0xCE59, 0xC638, 0xAD75, 0xD6BA, 0xC638, 0x9492, 0xF7BE, 0xBDF7, 0x8C91, 0xEF7D, 0x94D3, 0xBDF7, 0xCE59, 0xB5B6, 0xD6BA,
    0x2965, 0x18E3, 0x31A6, 0x31A6, 0x31E7, 0x39E7, 0x3A28, 0x4269, 0x4269, 0x4249, 0x3A08, 0x3A07, 0x4228, 0x52AA, 0x4A89, 0x52AA,
    0x5B2C, 0x5B0B, 0x52CA, 0x4A69, 0x4249, 0x52CB, 0x6B8D, 0x73AE, 0x5B0C, 0x4A89, 0x52EB, 0x5B0B, 0x52AA, 0x4A69, 0x5ACB, 0x634D,
    0x634C, 0x636D, 0x634D, 0x4AAA, 0x52AA, 0x52CB, 0x4249, 0x4248, 0x4249, 0x4249, 0x3A08, 0x2965, 0x0882, 0x0882, 0x0882, 0x0882,
    0x10A2, 0x0862, 0x0000, 0x5247, 0x8B2B, 0x8B2A, 0x8B2B, 0x8B2B, 0x8B2B, 0x8B2A, 0x82EA, 0xB44F, 0xCD11, 0xCD10, 0xD531, 0xDD72,
    0xDD72, 0xDD92, 0xDD72, 0xE572, 0xE572, 0xE551, 0xE551, 0xDD31, 0xDD11, 0xD4D0, 0xD490, 0xBBEE, 0x40E4, 0x9D36, 0xCF7F, 0x8494,
    0x8430, 0x7C10, 0x7C30, 0x8451, 0x8C71, 0x8C92, 0x8CB2, 0x8C92, 0x8C92, 0x94B3, 0x94D3, 0x94D3, 0x94D3, 0x94D3, 0x94D3, 0x94D3,
    0x9CF4, 0x9D14, 0x9D34, 0x9D34, 0xA535, 0x9D14, 0x9D14, 0x9CF4, 0x9CF4, 0x94F3, 0x94B2, 0x8C92, 0x8C71, 0x8C92, 0x8C71, 0x8451,
    0x8C92, 0x94B3, 0x8C71, 0x8C92, 0x8430, 0x634D, 0x8C92, 0x8C92, 0x8C71, 0x7C10, 0x6B6D, 0x5B0C, 0x5AEC, 0x4A8A, 0x2986, 0x52CB,
    0x7C10, 0x8451, 0x7C10, 0x8430, 0x8C71, 0x8451, 0x8451, 0x6B6D, 0x73CF, 0x8431, 0x7C10, 0x7C10, 0x7C10, 0x7C10, 0x7C10, 0x7C10,
    0x8430, 0x8430, 0x8430, 0x8430, 0x8451, 0x8C71, 0x8451, 0x8451, 0x8431, 0x8451, 0x8C71, 0x8C92, 0x8C71, 0x8C72, 0x8431, 0x8430,
    0x8451, 0x8451, 0x8C71, 0x8C92, 0x94B2, 0x94B2, 0x94D3, 0x94D3, 0x94D3, 0x94D3, 0x94D3, 0x94B2, 0x8CB2, 0x8C92, 0x8451, 0x8451,
    0x8C51, 0x9492, 0x94B2, 0x94B2, 0x8C92, 0x8471, 0x8471, 0x8C71, 0x8451, 0x7C10, 0x8431, 0x7BCF, 0x4A8A, 0x2945, 0x0020, 0x4A89,
    0xCE79, 0xF79D, 0xE73C, 0xDEDB, 0xBE17, 0xC618, 0xBDD7, 0xB5B7, 0xC638, 0xBDF7, 0xD6BB, 0xEF7E, 0xDEFB, 0xB5B7, 0xAD55, 0xF79D,
    0xEF9D, 0xD699, 0xA513, 0xC617, 0xB595, 0xCE58, 0x2964, 0x6B6D, 0x7BEF, 0xC617, 0xA533, 0xC637, 0xC658, 0xCE79, 0x8C51, 0xF79E,
    0x9CF3, 0xD69A, 0xAD96, 0xC659, 0x94D3, 0xE75D, 0xC638, 0x8C51, 0xF7BE, 0xBE18, 0x9CD3, 0xEF7D, 0x8450, 0xCE79, 0xB5B6, 0xB5B6,
    0xCE79, 0x18E3, 0x2124, 0x31A6, 0x31A6, 0x31E7, 0x3A07, 0x4248, 0x4269, 0x4249, 0x3A28, 0x3A07, 0x3A28, 0x4AAA, 0x4A89, 0x52AA,
    0x5B0C, 0x52EB, 0x4AAA, 0x4A89, 0x4A8A, 0x52AA, 0x4AAA, 0x4A8A, 0x4269, 0x4A89, 0x5AEB, 0x52CB, 0x4A69, 0x52CA, 0x4A69, 0x31C7,
    0x4228, 0x52CA, 0x4AAA, 0x4248, 0x3A07, 0x3A28, 0x3A08, 0x3A08, 0x3A08, 0x4228, 0x3A08, 0x2966, 0x0882, 0x0882, 0x0882, 0x0882,
    0x10A2, 0x0882, 0x0000, 0x3164, 0x832B, 0x8B0A, 0x8B2B, 0x8B2A, 0x8B2B, 0x82EA, 0x936C, 0xC4F1, 0xCD11, 0xD510, 0xD531, 0xDD72,
    0xDD92, 0xE592, 0xE592, 0xE592, 0xE551, 0xDD31, 0xDD31, 0xDD10, 0xD4D0, 0xCC8F, 0xCC90, 0x7A68, 0x2083, 0xBE5B, 0xCF3F, 0x8CB5,
    0x8430, 0x7C30, 0x8451, 0x8451, 0x8C92, 0x8C92, 0x8C92, 0x8C92, 0x8C92, 0x94D3, 0x94F3, 0x94D3, 0x94D3, 0x94D3, 0x94D3, 0x9CF4,
    0x9CF4, 0x9D14, 0x9D14, 0x9D34, 0x9D34, 0x9D14, 0x9CF4, 0x9CF4, 0x94D3, 0x94D3, 0x94D3, 0x94B3, 0x8C92, 0x8C92, 0x8C92, 0x8C71,
    0x8C71, 0x94D3, 0x94B2, 0x9CF3, 0x7BF0, 0x6B8E, 0x8C92, 0x8451, 0x8431, 0x8451, 0x73AE, 0x632D, 0x5AEB, 0x52CB, 0x4228, 0x39E8,
    0x73AF, 0x9CF4, 0x94B3, 0x8C72, 0x8C92, 0x8C92, 0x94B3, 0x8C92, 0x8430, 0x94B3, 0x8C92, 0x8C72, 0x8C71, 0x8C71, 0x8451, 0x8430,
    0x8430, 0x8431, 0x8431, 0x8431, 0x8431, 0x8431, 0x8431, 0x8451, 0x8430, 0x8430, 0x8430, 0x8451, 0x8430, 0x8431, 0x8430, 0x8451,
    0x8431, 0x8431, 0x8451, 0x8451, 0x8C71, 0x8471, 0x8451, 0x8451, 0x8C71, 0x8C92, 0x8C72, 0x8C71, 0x8C92, 0x8CB2, 0x94D3, 0x94B2,
    0x9492, 0x8C51, 0x8430, 0x8451, 0x8471, 0x8C92, 0x8C92, 0x8CB2, 0x8CB2, 0x7C30, 0x8430, 0x8451, 0x7BEF, 0x528A, 0x2965, 0x0020,
    0x2145, 0xC638, 0xEF7C, 0xCE79, 0xD6DA, 0xBDF7, 0xC618, 0xCE7A, 0xB5B7, 0xCE79, 0xD6BB, 0xAD75, 0xA555, 0xEF5D, 0xE71C, 0xA534,
    0xD699, 0xE73B, 0x7BEF, 0x9CD2, 0x9491, 0xB595, 0x7BEF, 0x4A48, 0x7BEF, 0xA554, 0xC638, 0xB5D6, 0xC638, 0xCE79, 0xAD75, 0xA554,
    0xD6DB, 0x9CD3, 0xCE79, 0xB5B6, 0xD6BA, 0x8C51, 0xEF5D, 0xC618, 0x8451, 0xF79E, 0xB5D6, 0xAD55, 0xE73C, 0x8430, 0xDEFB, 0xAD96,
    0xBDD7, 0xB5B6, 0x10A2, 0x2965, 0x29A6, 0x31C6, 0x39E7, 0x4228, 0x4249, 0x4249, 0x4228, 0x4228, 0x4228, 0x4AAA, 0x4249, 0x31C7,
    0x52CA, 0x52CA, 0x4A69, 0x4248, 0x3A28, 0x3A07, 0x31E7, 0x31E7, 0x4248, 0x4AAA, 0x52EB, 0x4AAA, 0x4A8A, 0x52CB, 0x52AA, 0x3A28,
    0x2965, 0x3A08, 0x4A89, 0x3A07, 0x3A08, 0x31E7, 0x31C7, 0x31C7, 0x31C7, 0x39E7, 0x39E7, 0x2966, 0x0882, 0x0882, 0x0882, 0x0882,
    0x0882, 0x0882, 0x0000, 0x1081, 0x72E9, 0x830A, 0x832A, 0x8B2A, 0x8B2A, 0x82EA, 0xAC4F, 0xCD11, 0xCD10, 0xD530, 0xDD51, 0xDD72,
    0xDD92, 0xE592, 0xE592, 0xE592, 0xE551, 0xDD31, 0xDCF0, 0xD4CF, 0xCC6F, 0xC42E, 0xABCD, 0x30E2, 0x2925, 0xC67C, 0xCEFE, 0x8C74,
    0x8430, 0x8430, 0x8451, 0x8471, 0x8C92, 0x8C92, 0x8C92, 0x8C92, 0x8C92, 0x94D3, 0x94F3, 0x94D3, 0x94D3, 0x94D3, 0x94D3, 0x9CF4,
    0x9CF4, 0x9D14, 0x9D34, 0xA535, 0xA535, 0x9D14, 0x94D3, 0x94D3, 0x94D3, 0x94D3, 0x94B3, 0x94B3, 0x94B3, 0x8C72, 0x94D3, 0x8451,
    0x8C71, 0x94D2, 0x94D3, 0x9D13, 0x6B8E, 0x73CF, 0x8C92, 0x8451, 0x8450, 0x8430, 0x7C10, 0x634D, 0x52CB, 0x52CB, 0x5AEC, 0x31C7,
    0x4A6A, 0x7C10, 0x8C92, 0x94D3, 0x9D14, 0xA555, 0x94D3, 0x94B3, 0x94D3, 0x8C72, 0x8451, 0x8C72, 0x8C92, 0x94B3, 0x94D3, 0x94B3,
    0x94B2, 0x8C92, 0x8C92, 0x8C92, 0x8451, 0x8451, 0x8451, 0x8430, 0x8430, 0x7C30, 0x7C10, 0x7C10, 0x7C10, 0x7C30, 0x8451, 0x8C71,
    0x8451, 0x8431, 0x8431, 0x8430, 0x8431, 0x8430, 0x7C10, 0x8431, 0x8451, 0x8451, 0x8451, 0x8451, 0x8431, 0x8451, 0x8C71, 0x8C72,
    0x8C92, 0x94B3, 0x9492, 0x8C72, 0x8451, 0x8430, 0x8430, 0x8471, 0x8CB2, 0x8C71, 0x8430, 0x8430, 0x8C51, 0x7BCF, 0x528A, 0x2986,
    0x0020, 0x39C7, 0xE71B, 0xE75C, 0xBDF7, 0xDEFB, 0xAD55, 0xB5D7, 0xF7BE, 0xC618, 0xCE59, 0xD6BB, 0xBDD7, 0x8C71, 0xB5B6, 0x73AE,
    0x3A07, 0xC618, 0xFFFF, 0xD6BA, 0xE73C, 0x8C91, 0x8C50, 0x4228, 0x73AD, 0xA554, 0x8450, 0xDEDA, 0xAD75, 0xBDF7, 0xD6BA, 0x8C51,
    0xD6DB, 0xB5D7, 0xB5D6, 0xAD75, 0xCE99, 0xD6BA, 0x8410, 0xEF7D, 0xC638, 0x8430, 0xEF9D, 0xA555, 0xB5D7, 0xDF1B, 0x8430, 0xE73C,
    0xBDD7, 0xB5B6, 0x8430, 0x10A2, 0x2986, 0x3186, 0x31C7, 0x3A08, 0x4248, 0x4249, 0x4228, 0x3A08, 0x3A28, 0x4AAA, 0x4248, 0x0061,
    0x2985, 0x52AA, 0x4A89, 0x4248, 0x4228, 0x3A07, 0x29A6, 0x31E7, 0x4A69, 0x52CA, 0x52EB, 0x4AAA, 0x4A69, 0x4A89, 0x5AEB, 0x632C,
    0x52CA, 0x39E7, 0x31C6, 0x31E7, 0x31C7, 0x31A6, 0x29A6, 0x31A6, 0x31C7, 0x31C7, 0x31C7, 0x2125, 0x0882, 0x0882, 0x0882, 0x0882,
    0x0882, 0x0882, 0x0021, 0x0000, 0x41A5, 0x830A, 0x82EA, 0x830A, 0x82EA, 0x934B, 0xC4D1, 0xCD11, 0xCD10, 0xD530, 0xDD71, 0xDD72,
    0xDD92, 0xE592, 0xE592, 0xE572, 0xDD31, 0xDD11, 0xDCD0, 0xCC8F, 0xC42D, 0xBBCD, 0x6A07, 0x1840, 0x3166, 0xC69C, 0xCE7C, 0xB4F4,
    0x8430, 0x8430, 0x8451, 0x8471, 0x8C92, 0x8C92, 0x8C92, 0x8C92, 0x8C92, 0x94D3, 0x94D3, 0x94D3, 0x94B3, 0x94D3, 0x94D3, 0x9CF4,
    0x9D14, 0x9D14, 0x9D34, 0xA535, 0x9D34, 0x9D14, 0x9CF4, 0x94F3, 0x94D3, 0x94D3, 0x94F3, 0x94D3, 0x94B2, 0x94B3, 0x8451, 0x8C71,
    0x94B2, 0x9CF3, 0x9D13, 0x94D3, 0x632D, 0x7BEF, 0x8C72, 0x8450, 0x8430, 0x8430, 0x8C71, 0x6B8E, 0x52AB, 0x52CB, 0x632C, 0x52AA,
    0x31A7, 0x4A8A, 0x73CF, 0x6B8E, 0x6B6D, 0x8431, 0xAD75, 0xA555, 0x94D3, 0x8451, 0x8451, 0x8451, 0x8451, 0x8C71, 0x8C71, 0x8C72,
    0x8C92, 0x8C92, 0x94B3, 0x94D3, 0x94D3, 0x94D3, 0x94D3, 0x8C92, 0x8C71, 0x8471, 0x8471, 0x8471, 0x8471, 0x8C71, 0x8C92, 0x8CB2,
    0x8C92, 0x8451, 0x8451, 0x8C71, 0x8451, 0x8451, 0x8451, 0x8451, 0x8451, 0x8451, 0x8451, 0x8451, 0x8451, 0x8451, 0x8451, 0x8451,
    0x8C51, 0x8C51, 0x8C71, 0x94B2, 0x94D3, 0x9492, 0x8C71, 0x8451, 0x7C30, 0x8430, 0x8451, 0x8430, 0x8C51, 0x8C51, 0x7BCF, 0x4229,
    0x2125, 0x0020, 0x4A69, 0xE75C, 0xEF7D, 0xB5D7, 0xD6DA, 0xA514, 0xA535, 0xF7BF, 0xD6BB, 0xBDD7, 0xCE79, 0xDEFB, 0xBE18, 0xD69A,
    0x8430, 0x4228, 0x8C71, 0xB596, 0xC638, 0xF79D, 0x7BCE, 0x2965, 0x6B6D, 0xBDD6, 0x6B6D, 0xCE99, 0xAD75, 0xBE17, 0xBDF7, 0xCE79,
    0x8C91, 0xEF9D, 0xAD75, 0xCE59, 0x9CF3, 0xD6DA, 0xCE79, 0x8430, 0xF79E, 0xBDF7, 0x8C71, 0xEF9E, 0x9CD3, 0xC658, 0xDEDB, 0x8430,
    0xE71C, 0xCE59, 0xB596, 0x4A8A, 0x10C3, 0x31A6, 0x31A6, 0x39E7, 0x4208, 0x4248, 0x4228, 0x3A07, 0x3A07, 0x4A69, 0x4A69, 0x0040,
    0x0041, 0x3A08, 0x4A69, 0x3A28, 0x3A07, 0x31A6, 0x2165, 0x3A07, 0x4AAA, 0x52CA, 0x4A8A, 0x4AAA, 0x4A69, 0x3A07, 0x3A08, 0x4269,
    0x5B0B, 0x4AAA, 0x31A6, 0x29A6, 0x29A6, 0x2986, 0x2986, 0x2986, 0x2986, 0x31A6, 0x31C7, 0x2145, 0x0862, 0x0882, 0x0862, 0x0882,
    0x0882, 0x0882, 0x0041, 0x0000, 0x1061, 0x6A88, 0x7AEA, 0x82E9, 0x82C9, 0xA40D, 0xCD11, 0xCD10, 0xCD10, 0xD531, 0xDD71, 0xDD92,
    0xE592, 0xE592, 0xE572, 0xE572, 0xE551, 0xE511, 0xDCD0, 0xCC6E, 0xC40D, 0x932B, 0x30A2, 0x20A2, 0x28E3, 0xC5B7, 0xD596, 0xC4B0,
    0x8430, 0x8451, 0x8451, 0x8471, 0x8C92, 0x8C71, 0x8C92, 0x8C92, 0x8CB2, 0x94D3, 0x94D3, 0x94D3, 0x94B3, 0x94B3, 0x94D3, 0x94F3,
    0x9D14, 0x9D14, 0x9CF4, 0x9D14, 0x9D14, 0x9D14, 0x9D14, 0x9CF4, 0x94F3, 0x94F3, 0x94D3, 0x94D3, 0x94B2, 0x9CF4, 0x8C72, 0x8C72,
    0x8C92, 0x94D3, 0x94D3, 0x8C71, 0x632C, 0x8430, 0x8451, 0x7C10, 0x7C10, 0x7C10, 0x8C71, 0x7C10, 0x5AEB, 0x52CB, 0x632C, 0x5B0C,
    0x4A69, 0x2986, 0x39E7, 0x5AEB, 0x73CF, 0x73CF, 0x6B6E, 0x8430, 0x9D14, 0xA555, 0x9CF4, 0x8C71, 0x8431, 0x8C92, 0x8451, 0x8451,
    0x8451, 0x8451, 0x8451, 0x8431, 0x8451, 0x8C92, 0x94D3, 0x94D3, 0x94F3, 0x9D14, 0x9CF3, 0x9D14, 0x94F3, 0x94F3, 0x94F3, 0x9CF3,
    0x94B3, 0x94B2, 0x94B2, 0x8C92, 0x8C92, 0x8C92, 0x8C92, 0x8C71, 0x8C92, 0x8C92, 0x8C92, 0x8C92, 0x8C92, 0x8C92, 0x8C92, 0x8C92,
    0x8C92, 0x8C72, 0x8C72, 0x8C92, 0x94B2, 0x94B3, 0x9492, 0x8C92, 0x8C92, 0x8451, 0x7C30, 0x7BEF, 0x8410, 0x8431, 0x7BCF, 0x630C,
    0x39C7, 0x18E4, 0x0020, 0x5ACB, 0xEF5D, 0xEF9E, 0xC638, 0xC639, 0xAD55, 0x9CD3, 0xCE9A, 0xBDD7, 0xC618, 0xD6BB, 0xC638, 0xA514,
    0xDEFB, 0xCE59, 0xB596, 0xC638, 0xC638, 0xDEFB, 0xB595, 0x2144, 0x5ACA, 0xB5B6, 0x9CF3, 0xB595, 0xC638, 0xC617, 0xA534, 0xE71C,
    0xA514, 0xB5D6, 0xD6BA, 0xB596, 0xD6BA, 0x8C51, 0xE73C, 0xC638, 0x8430, 0xF79E, 0xB596, 0x94B2, 0xEF9D, 0x94B2, 0xC638, 0xE73C,
    0x9492, 0xD69A, 0xDEFB, 0x94B2, 0x2144, 0x2124, 0x31A6, 0x31C7, 0x3A07, 0x4248, 0x4248, 0x39E7, 0x31E7, 0x4228, 0x4AAA, 0x10A2,
    0x0000, 0x2165, 0x4248, 0x3A07, 0x31C6, 0x2144, 0x2145, 0x4228, 0x52AA, 0x52CB, 0x52AA, 0x52EB, 0x5B2C, 0x5B2C, 0x52EB, 0x4AAA,
    0x4A89, 0x3A07, 0x31C6, 0x31A6, 0x2986, 0x2966, 0x2966, 0x2165, 0x2966, 0x2986, 0x31A7, 0x2966, 0x0882, 0x0862, 0x0862, 0x0882,
    0x0882, 0x0882, 0x0041, 0x0021, 0x0000, 0x3984, 0x72C9, 0x7AC9, 0x8B2A, 0xC4D0, 0xCD31, 0xD530, 0xD530, 0xDD51, 0xDD71, 0xE592,
    0xE592, 0xE592, 0xE592, 0xE572, 0xE551, 0xE511, 0xDCCF, 0xCC4E, 0xB3CD, 0x59A5, 0x20C2, 0x20A1, 0x4103, 0xC4F2, 0xDD72, 0xCCEF,
    0x8430, 0x8451, 0x8451, 0x8471, 0x8C92, 0x8C71, 0x8C92, 0x8C72, 0x94B3, 0x94F3, 0x94D3, 0x94D3, 0x94D3, 0x94B3, 0x94D3, 0x94F3,
    0x9CF4, 0x9CF4, 0x9CF4, 0x9D14, 0x9D34, 0x9D14, 0x9D14, 0x9D14, 0x9CF4, 0x94F3, 0x94F3, 0x94D3, 0x94B2, 0x8C92, 0x8C92, 0x8C92,
    0x94B3, 0x94D3, 0x9CF3, 0x8C71, 0x634D, 0x8431, 0x8451, 0x7C10, 0x7C10, 0x8431, 0x8C71, 0x8451, 0x632D, 0x52CB, 0x5B0C, 0x632D,
    0x5AEC, 0x4228, 0x31A7, 0x2966, 0x31A6, 0x52AA, 0x73AE, 0x7BF0, 0x6B6E, 0x6B6E, 0x8451, 0x9D14, 0x94D3, 0x8C72, 0x8C92, 0x8C92,
    0x8C72, 0x8C72, 0x8C92, 0x8C71, 0x8431, 0x7C10, 0x8431, 0x8451, 0x8451, 0x8471, 0x8C92, 0x94D3, 0x94D3, 0x94D3, 0x94D3, 0x94F3,
    0x9D14, 0x9D14, 0x9CF3, 0x9CF3, 0x94D3, 0x94D3, 0x94B2, 0x94B2, 0x94B2, 0x94B3, 0x94B2, 0x94B2, 0x94B2, 0x94B2, 0x94B2, 0x94D3,
    0x94D3, 0x94D3, 0x94B3, 0x94D3, 0x94D3, 0x94D3, 0x8CB2, 0x8C92, 0x8471, 0x8451, 0x8451, 0x8451, 0x8431, 0x8410, 0x738E, 0x6B8E,
    0x4A6A, 0x2986, 0x2104, 0x0020, 0x528A, 0xE71C, 0xE75D, 0xB5B6, 0xBDD7, 0xBDD7, 0xCE59, 0xB596, 0x9CF4, 0xBDF7, 0xE73C, 0xB5B7,
    0x9CF3, 0xDEDB, 0xE73C, 0xB596, 0xB596, 0xC638, 0xBDF7, 0x2123, 0x4228, 0x9D13, 0xBDD6, 0xB5D6, 0xCE58, 0xB595, 0xDEDA, 0xA514,
    0xE71C, 0x9492, 0xDEDB, 0xB5B6, 0xBDD7, 0xDEFB, 0x8410, 0xEF7D, 0xC638, 0x8C51, 0xF79E, 0xAD75, 0x9CF3, 0xF79E, 0x9CF3, 0xBDD7,
    0xF79E, 0xA514, 0xBDD7, 0xDEFB, 0x632C, 0x10A2, 0x2945, 0x31A6, 0x39E7, 0x3A28, 0x4228, 0x3A08, 0x31E7, 0x3A07, 0x52AA, 0x1903,
    0x0000, 0x2145, 0x39E7, 0x31C7, 0x2165, 0x10C2, 0x2985, 0x4269, 0x52AA, 0x4AAA, 0x4A69, 0x4A69, 0x4269, 0x4269, 0x4A69, 0x4AAA,
    0x4249, 0x2986, 0x31C7, 0x31C6, 0x2986, 0x2965, 0x2165, 0x2165, 0x2966, 0x2966, 0x2986, 0x2966, 0x0882, 0x0862, 0x0862, 0x0882,
    0x0882, 0x0882, 0x0861, 0x0021, 0x0000, 0x18A1, 0x6247, 0x7268, 0xA40D, 0xCD31, 0xD531, 0xD531, 0xD551, 0xDD51, 0xDD72, 0xE572,
    0xE592, 0xE592, 0xED92, 0xED72, 0xE531, 0xDD10, 0xD4AF, 0xC44E, 0x934B, 0x30E3, 0x1881, 0x4144, 0xBC90, 0xDD72, 0xD551, 0xCCEF,
    0x8451, 0x8451, 0x8451, 0x8471, 0x8C92, 0x8C92, 0x8C92, 0x8C72, 0x94D3, 0x9CF4, 0x9CF4, 0x94F3, 0x94D3, 0x94D3, 0x94D3, 0x94F3,
    0x9CF4, 0x9CF4, 0x9D14, 0x9D14, 0x9D34, 0x9D14, 0x9D14, 0x9CF4, 0x9CF4, 0x94F3, 0x94D3, 0x94D3, 0x94B3, 0x8C92, 0x8451, 0x94D3,
    0x94B3, 0x94B3, 0x9D14, 0x8431, 0x6B8E, 0x8451, 0x8C71, 0x8430, 0x8431, 0x8451, 0x8C72, 0x8C71, 0x73CF, 0x5B0C, 0x632C, 0x632D,
    0x632D, 0x52CB, 0x3A08, 0x31A7, 0x31A7, 0x2986, 0x2965, 0x39E8, 0x634D, 0x7C10, 0x73CF, 0x7BF0, 0x94B3, 0x94D3, 0x94B2, 0x94D3,
    0x94B3, 0x94B3, 0x94B3, 0x9CF4, 0x94D3, 0x8C72, 0x8451, 0x8451, 0x8451, 0x8451, 0x7C10, 0x7C10, 0x8430, 0x8451, 0x8C71, 0x8C92,
    0x8C92, 0x8CB2, 0x94D3, 0x9CF3, 0x94D3, 0x9CF3, 0x9CF3, 0x9CF3, 0x9CF4, 0x9CF3, 0x94D3, 0x94D3, 0x94D3, 0x94D3, 0x94D3, 0x9CF3,
    0x9CF3, 0x94F3, 0x9CF3, 0x94D3, 0x94D3, 0x8CB2, 0x8C92, 0x8C92, 0x8471, 0x8471, 0x8471, 0x8451, 0x8451, 0x8451, 0x73AE, 0x632C,
    0x630C, 0x39C7, 0x31A6, 0x18E3, 0x0861, 0x4228, 0xD6BA, 0xEF7D, 0xBDF7, 0x9CF3, 0xCE7A, 0xD6BB, 0xC639, 0xAD55, 0xB5B6, 0xFFFF,
    0xBDD7, 0x9CD3, 0xCE59, 0xE71C, 0xCE79, 0x9CD3, 0xD6BA, 0x52CA, 0x18E3, 0x9491, 0x842F, 0xD699, 0xB595, 0xCE99, 0xB595, 0xDEFB,
    0xAD55, 0xB5B6, 0xAD75, 0xDEDB, 0xA514, 0xCE59, 0xD6BA, 0x8430, 0xF79E, 0xC618, 0x9492, 0xF7BE, 0xB596, 0x9CF3, 0xF79E, 0xAD75,
    0xA514, 0xF79E, 0xBDD7, 0xB5B6, 0xD69A, 0x31A6, 0x10A2, 0x2965, 0x31A6, 0x39E7, 0x3A08, 0x3A08, 0x3A07, 0x3A08, 0x52CA, 0x2165,
    0x0040, 0x2986, 0x31C6, 0x2985, 0x10E3, 0x0881, 0x31C7, 0x4248, 0x4228, 0x3A07, 0x2986, 0x2144, 0x2124, 0x2124, 0x2144, 0x31A6,
    0x31E7, 0x31A6, 0x31E7, 0x29A6, 0x2986, 0x2965, 0x2165, 0x2165, 0x2145, 0x2165, 0x2986, 0x2986, 0x10A2, 0x0861, 0x0862, 0x0862,
    0x0862, 0x0882, 0x0882, 0x0041, 0x0000, 0x0020, 0x2902, 0x7267, 0xC511, 0xD551, 0xD531, 0xD531, 0xDD51, 0xDD72, 0xE592, 0xE592,
    0xE592, 0xE592, 0xED92, 0xE552, 0xE531, 0xD4D0, 0xCC8E, 0xC42D, 0x7248, 0x1840, 0x5A26, 0xCD32, 0xEDD4, 0xDD52, 0xDD72, 0xCCEF,
    0x8451, 0x8451, 0x8451, 0x8471, 0x8C92, 0x8C71, 0x8C92, 0x8C92, 0x94D3, 0x94F3, 0x94D3, 0x94F3, 0x94F3, 0x94D3, 0x94D3, 0x9CF4,
    0x94F3, 0x9CF4, 0x9D14, 0x9D14, 0xA535, 0x9D14, 0x9D14, 0x9CF4, 0x94D3, 0x94D3, 0x94D3, 0x94F3, 0x94F3, 0x94D3, 0x8C92, 0x94D3,
    0x94B3, 0x94D3, 0x9CF4, 0x73CF, 0x73CF, 0x8C71, 0x8C92, 0x8C92, 0x8451, 0x8C71, 0x8C92, 0x8C92, 0x8430, 0x6B6D, 0x5B0C, 0x634D,
    0x634D, 0x634D, 0x52AB, 0x39E7, 0x31A7, 0x31C7, 0x31C7, 0x2965, 0x18E4, 0x2986, 0x4A8A, 0x52CB, 0x73AE, 0x8C92, 0x8C92, 0x94B3,
    0x94B3, 0x94D3, 0x94D3, 0x94B3, 0x9CF3, 0x9CF4, 0x94D3, 0x94F3, 0x94D3, 0x94F3, 0x94F3, 0x94D3, 0x8C92, 0x8471, 0x8451, 0x8430,
    0x7C30, 0x7C30, 0x8430, 0x8431, 0x8451, 0x8C71, 0x8C72, 0x8C92, 0x94D3, 0x9CF3, 0x94D3, 0x9CF3, 0x9D14, 0x9CF4, 0x94D3, 0x9CF3,
    0x94F3, 0x94F3, 0x9CD3, 0x94D3, 0x94D3, 0x8C92, 0x8C92, 0x8C92, 0x8C71, 0x8471, 0x8C71, 0x8451, 0x8451, 0x8C51, 0x8451, 0x6B4D,
    0x632D, 0x4A49, 0x39C7, 0x2965, 0x18E4, 0x0882, 0x31A7, 0xCE79, 0xF7BF, 0xDF1C, 0xBDD7, 0xA514, 0xCE7A, 0xD6BB, 0x52CB, 0x9492,
    0xFFFF, 0xAD96, 0x9CD3, 0xDEDB, 0xE71C, 0xB5B7, 0xB5B6, 0x8430, 0x31A5, 0x630B, 0x94B2, 0xCE78, 0xBDD6, 0xC638, 0xC638, 0xB5B6,
    0xDEDA, 0xBDD7, 0xAD55, 0xB5B6, 0xD6BA, 0xA534, 0xD69A, 0xD69A, 0x8430, 0xF79E, 0xBDF7, 0x8C71, 0xF7BE, 0xC638, 0x8C71, 0xE73C,
    0xCE59, 0x8C51, 0xE71C, 0xC638, 0xB5B6, 0xC638, 0x18E3, 0x18E3, 0x2985, 0x31A6, 0x3A07, 0x3A08, 0x3A08, 0x3A08, 0x4AAA, 0x39E7,
    0x18E3, 0x31A6, 0x2986, 0x1904, 0x0041, 0x18E3, 0x4A89, 0x3A07, 0x2965, 0x2124, 0x1904, 0x3A07, 0x4A89, 0x4A8A, 0x4AAA, 0x4228,
    0x2965, 0x29A6, 0x31C6, 0x29A6, 0x2986, 0x2165, 0x2145, 0x2125, 0x2145, 0x2145, 0x2986, 0x2986, 0x10C3, 0x0041, 0x0862, 0x0862,
    0x0862, 0x0862, 0x0862, 0x0041, 0x0882, 0x20E4, 0x0820, 0x938B, 0xD592, 0xD551, 0xD551, 0xD551, 0xDD71, 0xE592, 0xE592, 0xED92,
    0xE592, 0xED92, 0xE572, 0xE551, 0xDD10, 0xD4AF, 0xCC6E, 0xB3AB, 0x71E6, 0x82A9, 0xE5B3, 0xE5B3, 0xDD72, 0xDD92, 0xE572, 0xD4F0,
    0x8451, 0x8451, 0x8451, 0x8C92, 0x8C92, 0x8C92, 0x8C92, 0x8C92, 0x94F3, 0x9CF4, 0x9CF4, 0x94D3, 0x94D3, 0x94D3, 0x94D3, 0x94F3,
    0x9CF4, 0x9CF4, 0x9D14, 0x9D14, 0x9D34, 0x9D14, 0x9D14, 0x9CF4, 0x9CF4, 0x94D3, 0x94D3, 0x94D3, 0x94D3, 0x94B3, 0x94D3, 0x9CF4,
    0x9CF4, 0x9CF4, 0x9CF3, 0x73AF, 0x7C10, 0x8C92, 0x94B2, 0x8C92, 0x8C71, 0x8C71, 0x8C92, 0x94B2, 0x8451, 0x7BEF, 0x632D, 0x6B6D,
    0x634D, 0x634D, 0x5B0C, 0x52AA, 0x39E8, 0x31A7, 0x31C7, 0x31C7, 0x2986, 0x2125, 0x10C3, 0x10A2, 0x4249, 0x73CF, 0x8451, 0x8430,
    0x8431, 0x8431, 0x8431, 0x8451, 0x8C92, 0x8C72, 0x8C72, 0x8C72, 0x8C92, 0x94D3, 0x94D3, 0x9CF3, 0x9D14, 0x9CF3, 0x9CF3, 0x94F3,
    0x94D3, 0x94B2, 0x8C92, 0x8C71, 0x8451, 0x8451, 0x8451, 0x8451, 0x8451, 0x8451, 0x8451, 0x8C92, 0x94B2, 0x94D3, 0x94D3, 0x9CF3,
    0x9CF3, 0x94F3, 0x9CF3, 0x94D3, 0x94B2, 0x8C92, 0x8C92, 0x8C92, 0x8471, 0x8471, 0x8451, 0x8C71, 0x8C51, 0x8C51, 0x8C71, 0x8430,
    0x632D, 0x5ACB, 0x39E8, 0x39C7, 0x2125, 0x2125, 0x18C3, 0x31A7, 0xAD75, 0xDEFC, 0xF7DF, 0xDEFC, 0xAD55, 0xC639, 0x9CD3, 0x2965,
    0x94D3, 0xFFFF, 0x9D14, 0x9CF3, 0xE73C, 0xD6BB, 0xCE79, 0x9CD3, 0x39E6, 0x4A48, 0x8C71, 0xC658, 0xD6BA, 0xA513, 0xE71B, 0xBDD7,
    0xBDD7, 0xCE59, 0xBDF7, 0xAD75, 0xBDF7, 0xDEDB, 0xA514, 0xDEDB, 0xCE79, 0x8C51, 0xEF7D, 0xC638, 0x8C51, 0xEF5D, 0xDEDB, 0x8C71,
    0xD69A, 0xDEFB, 0x9492, 0xD69A, 0xC618, 0xB5B6, 0xAD55, 0x0882, 0x2124, 0x2965, 0x31C6, 0x31E7, 0x39E7, 0x39E7, 0x4269, 0x4A69,
    0x2985, 0x29A6, 0x2165, 0x08A2, 0x0000, 0x2145, 0x4228, 0x2144, 0x18E3, 0x10A2, 0x2124, 0x4228, 0x4A8A, 0x4A69, 0x4AAA, 0x52AA,
    0x31A6, 0x2986, 0x31C6, 0x2986, 0x2165, 0x2145, 0x2165, 0x2145, 0x2145, 0x2145, 0x2145, 0x31A7, 0x1904, 0x0041, 0x0862, 0x0862,
    0x0862, 0x0862, 0x0041, 0x18E4, 0x2986, 0x0841, 0x3964, 0xC531, 0xD551, 0xD551, 0xDD71, 0xDD71, 0xDD92, 0xE592, 0xE5B2, 0xEDB3,
    0xED92, 0xE592, 0xE551, 0xDD31, 0xD4D0, 0xC42D, 0xAB6A, 0x92E8, 0xC46F, 0xEDB4, 0xE573, 0xDD92, 0xE592, 0xE572, 0xE592, 0xCD10,
    0x8451, 0x8451, 0x8451, 0x8C92, 0x8C71, 0x8C92, 0x8C92, 0x8CB2, 0x9D14, 0x9D14, 0x94D3, 0x94D3, 0x94D3, 0x94D3, 0x94B3, 0x94D3,
    0x9CF4, 0x9CF4, 0x9CF4, 0x9CF4, 0x9D14, 0x9D14, 0x9D14, 0x9CF4, 0x9CF4, 0x94D3, 0x94D3, 0x94D3, 0x94D3, 0x8C71, 0x94D3, 0x9D14,
    0x9D14, 0xA534, 0x94B3, 0x73AE, 0x8451, 0x8C92, 0x8C92, 0x8C72, 0x8C72, 0x8C72, 0x8C92, 0x8C92, 0x8451, 0x8451, 0x73CF, 0x634D,
    0x634D, 0x634D, 0x632C, 0x5B0C, 0x52AA, 0x3A08, 0x31C7, 0x31C7, 0x31C7, 0x2986, 0x2145, 0x18E3, 0x2965, 0x632C, 0x7C10, 0x7C10,
    0x7C10, 0x7BEF, 0x73CF, 0x73AF, 0x634D, 0x73CF, 0x7BF0, 0x7C10, 0x8430, 0x8451, 0x8451, 0x8451, 0x8C92, 0x8C92, 0x94B2, 0x94D3,
    0x94D3, 0x94D3, 0x94D3, 0x94D3, 0x94D2, 0x8C92, 0x8C92, 0x94B2, 0x94B2, 0x8C72, 0x8C92, 0x8C92, 0x8C92, 0x8C92, 0x8C92, 0x94D3,
    0x94D3, 0x9CF4, 0x9CF3, 0x94D3, 0x8C92, 0x94B2, 0x8C92, 0x8C71, 0x8C71, 0x8471, 0x8451, 0x8451, 0x8C51, 0x8C71, 0x8451, 0x8C71,
    0x73EF, 0x5B2C, 0x4228, 0x39E7, 0x39C7, 0x2945, 0x2965, 0x2965, 0x39C7, 0x8C71, 0xCE7A, 0xE73C, 0xF79E, 0xBE18, 0xCE7A, 0x94B2,
    0x2965, 0xA534, 0xF7BE, 0x8451, 0xA534, 0xEF7D, 0xBDD7, 0xAD75, 0x73AE, 0x2965, 0x52AA, 0xD6BA, 0xBDD6, 0xE71B, 0x9491, 0xEF5D,
    0xAD55, 0xC638, 0xBDF7, 0xBDF7, 0xBDF7, 0xBDD7, 0xDEDB, 0x9CD3, 0xE71C, 0xCE79, 0x8C51, 0xEF5D, 0xD69A, 0x8430, 0xD6BA, 0xF79E,
    0x94B2, 0xB5B6, 0xF79E, 0x9492, 0xCE79, 0xB596, 0xBDD7, 0x8430, 0x0861, 0x2965, 0x2965, 0x2986, 0x31A6, 0x31A6, 0x3A08, 0x52AA,
    0x31C6, 0x2985, 0x10E3, 0x0040, 0x0020, 0x10C2, 0x1904, 0x10C3, 0x10C2, 0x0882, 0x2124, 0x39E7, 0x3A08, 0x3A07, 0x39E7, 0x4A69,
    0x31C7, 0x2986, 0x29A6, 0x2165, 0x2145, 0x2145, 0x2165, 0x2165, 0x2124, 0x1904, 0x2145, 0x2966, 0x2966, 0x0862, 0x0041, 0x0861,
    0x0861, 0x0861, 0x0041, 0x0882, 0x10A3, 0x0820, 0x93CD, 0xD572, 0xD531, 0xDD71, 0xDD71, 0xDD71, 0xE592, 0xE5B2, 0xEDB3, 0xEDB3,
    0xED92, 0xE592, 0xE572, 0xDD31, 0xD4CF, 0xC42D, 0xB3AB, 0xD4D0, 0xEDB3, 0xE573, 0xE593, 0xE592, 0xE592, 0xE572, 0xDD92, 0xCD10,
    0x8451, 0x8451, 0x8471, 0x8C71, 0x8471, 0x8C92, 0x8C92, 0x8CB2, 0x9D14, 0x9CF4, 0x94D3, 0x94D3, 0x94D3, 0x94D3, 0x94D3, 0x94D3,
    0x94F3, 0x94F3, 0x94F3, 0x9CF4, 0x9D14, 0x9D14, 0x9D14, 0x9D14, 0x94D3, 0x94D3, 0x94D3, 0x94D3, 0x94F3, 0x94D3, 0x94D3, 0x9CF3,
    0x94D3, 0x9CF4, 0x8451, 0x73AE, 0x8451, 0x94D3, 0x94D3, 0x8C72, 0x8C72, 0x8451, 0x8C92, 0x8C92, 0x8451, 0x8451, 0x8451, 0x634D,
    0x634D, 0x634D, 0x634D, 0x632C, 0x5AEB, 0x52AA, 0x4229, 0x31C7, 0x31A7, 0x31A6, 0x2965, 0x2124, 0x18E3, 0x4A6A, 0x73AF, 0x7C10,
    0x73CF, 0x73CF, 0x73AE, 0x6B8E, 0x5AEC, 0x6B6E, 0x6B8E, 0x6B8E, 0x6B8E, 0x6B8E, 0x73CF, 0x7BEF, 0x7C10, 0x7BF0, 0x7BEF, 0x7C10,
    0x8451, 0x8C71, 0x8C92, 0x94B2, 0x94B2, 0x94B2, 0x94B2, 0x94B2, 0x94B2, 0x94B2, 0x8C92, 0x94B2, 0x94D3, 0x94D3, 0x94D3, 0x94D3,
    0x94B2, 0x94D3, 0x94B2, 0x8C92, 0x8451, 0x8C71, 0x8C71, 0x8451, 0x8451, 0x8C71, 0x8451, 0x8451, 0x8C51, 0x8C51, 0x8451, 0x8451,
    0x8471, 0x73CF, 0x4A8A, 0x39E8, 0x4208, 0x39C7, 0x2966, 0x39C7, 0x4208, 0x39C7, 0x6B6E, 0xB5B6, 0xD6BA, 0xBDF8, 0xAD96, 0xEF7D,
    0x94B2, 0x31C7, 0xBE18, 0xEF9E, 0x73CF, 0xB5B7, 0xE75D, 0xA534, 0xB5B6, 0x630C, 0x2124, 0xAD54, 0xCE79, 0xBDF7, 0xD6DA, 0x9CD3,
    0xDEFB, 0xAD75, 0xBDD7, 0xDEDB, 0xB596, 0xD69A, 0xBDD7, 0xD69A, 0x9CD3, 0xE73C, 0xD69A, 0x8430, 0xDEFB, 0xEF5D, 0x8C71, 0xB596,
    0xFFDF, 0xA514, 0xAD55, 0xEF5D, 0x8C51, 0xDEFB, 0xB5B6, 0xB5B6, 0x4A8A, 0x10C2, 0x2985, 0x2965, 0x2985, 0x2985, 0x31C6, 0x4A69,
    0x31C7, 0x2145, 0x0861, 0x0000, 0x0020, 0x0881, 0x10C3, 0x10C3, 0x10C3, 0x10A2, 0x2124, 0x39E7, 0x3A08, 0x39E7, 0x31A6, 0x3A08,
    0x2965, 0x2124, 0x2965, 0x2145, 0x2165, 0x2965, 0x2165, 0x2145, 0x1904, 0x1904, 0x2125, 0x2145, 0x2145, 0x10A3, 0x0041, 0x0041,
    0x0041, 0x0041, 0x0041, 0x0041, 0x0861, 0x3965, 0xC4F1, 0xCD10, 0xD531, 0xDD51, 0xDD71, 0xDD91, 0xE592, 0xE5B3, 0xEDB3, 0xEDB3,
    0xEDB3, 0xE592, 0xE572, 0xDD31, 0xCCAF, 0xD4F0, 0xE572, 0xED93, 0xE593, 0xE593, 0xE593, 0xE592, 0xE592, 0xE572, 0xDD92, 0xCD30,
    0x8430, 0x8451, 0x8471, 0x8C71, 0x8C71, 0x8C92, 0x8C71, 0x8CB2, 0x9D14, 0x9CF4, 0x94D3, 0x94D3, 0x94D3, 0x94D3, 0x94D3, 0x94D3,
    0x94F3, 0x94F3, 0x9CF4, 0x9CF4, 0x9CF4, 0x9D14, 0xA535, 0xA535, 0x9CF4, 0x9CF4, 0x9CF4, 0x9CF4, 0x94B3, 0x8C92, 0x9CF4, 0x94D3,
    0x9CF4, 0x9CF4, 0x8430, 0x73CF, 0x8C72, 0x9CF3, 0x94B3, 0x94B2, 0x8C72, 0x8451, 0x8C92, 0x8C92, 0x8C72, 0x8C72, 0x8C72, 0x73CF,
    0x5B0C, 0x634D, 0x634D, 0x632C, 0x5AEB, 0x5AEB, 0x52AB, 0x4249, 0x39E7, 0x31C7, 0x2986, 0x2145, 0x1904, 0x31A6, 0x634D, 0x7C10,
    0x7BF0, 0x73CF, 0x73AF, 0x73CF, 0x73AF, 0x73AE, 0x73AE, 0x6B8E, 0x634D, 0x5B0C, 0x5AEC, 0x5AEC, 0x632D, 0x632D, 0x632C, 0x5B0C,
    0x634D, 0x6B8E, 0x73CF, 0x8430, 0x8451, 0x8451, 0x8451, 0x8C92, 0x94B2, 0x94B2, 0x94B2, 0x8C92, 0x94B2, 0x94B2, 0x8C92, 0x94B2,
    0x8C92, 0x8C71, 0x8451, 0x8451, 0x8430, 0x7C10, 0x8430, 0x8451, 0x8C71, 0x8C71, 0x8C71, 0x8451, 0x8C51, 0x8C51, 0x8C71, 0x8471,
    0x8451, 0x8451, 0x632D, 0x4228, 0x4229, 0x4229, 0x3A08, 0x39E7, 0x4229, 0x4A6A, 0x4A49, 0x6B8E, 0x6B6E, 0x5AEC, 0x632D, 0xB5D7,
    0xFFFF, 0x8C71, 0x4A8A, 0xDF1C, 0xE73C, 0x73AF, 0xCE79, 0xDEFB, 0xB5B6, 0xC5F7, 0x39E7, 0x630B, 0xE73C, 0xA534, 0xD6BA, 0xB5B6,
    0xBDF7, 0xC618, 0xC618, 0xA534, 0xDEDB, 0xA514, 0xE71C, 0xBDD7, 0xCE79, 0x9492, 0xE73C, 0xE71C, 0x8430, 0xC638, 0xFFDF, 0x9CF3,
    0x9CD3, 0xFFDF, 0xAD55, 0xAD75, 0xDEDB, 0x8410, 0xEF5D, 0xBDF7, 0x9CD3, 0x2145, 0x2145, 0x2986, 0x2986, 0x2985, 0x29A6, 0x3A08,
    0x39E7, 0x18E3, 0x0020, 0x0000, 0x0020, 0x0882, 0x10C3, 0x18E3, 0x10E3, 0x10C3, 0x2124, 0x31A6, 0x31C7, 0x31C7, 0x2986, 0x39E7,
    0x2965, 0x1924, 0x2145, 0x2145, 0x2165, 0x2145, 0x2165, 0x2145, 0x1904, 0x1904, 0x1904, 0x2125, 0x2986, 0x18E4, 0x0041, 0x0041,
    0x0041, 0x0041, 0x0041, 0x0861, 0x0000, 0x6ACA, 0xCD11, 0xCCEF, 0xD510, 0xD530, 0xDD51, 0xDD91, 0xE5B2, 0xE5B3, 0xEDB3, 0xEDD3,
    0xEDB3, 0xE592, 0xE572, 0xD4EF, 0xD4EF, 0xE592, 0xE592, 0xE592, 0xE592, 0xE593, 0xE593, 0xE592, 0xE592, 0xE572, 0xDD92, 0xCD30,
    0x8451, 0x8451, 0x8471, 0x8471, 0x8C71, 0x8C91, 0x8C92, 0x94B3, 0x9D14, 0x9D14, 0x94F3, 0x94F3, 0x94D3, 0x94D3, 0x94D3, 0x94D3,
    0x9CF4, 0x94F3, 0x9CF4, 0x9CF4, 0x9CF4, 0x9D14, 0xA535, 0x9D14, 0x9D14, 0x9CF4, 0x9CF4, 0x9CF4, 0x94B3, 0x8C72, 0x94D3, 0x94D3,
    0x9CF4, 0x9D14, 0x7C10, 0x7BEF, 0x8C92, 0x94B3, 0x94B3, 0x8C92, 0x8C72, 0x8C72, 0x8C72, 0x94B3, 0x8C92, 0x8C92, 0x8C72, 0x7C10,
    0x632C, 0x632D, 0x632D, 0x632C, 0x632C, 0x5B0C, 0x5AEB, 0x52AA, 0x4249, 0x39E7, 0x31A6, 0x2965, 0x2145, 0x2125, 0x52AB, 0x73CF,
    0x7BF0, 0x7BF0, 0x73CF, 0x73CF, 0x6B6D, 0x5B0C, 0x73CF, 0x73AF, 0x6B8E, 0x634D, 0x5B0C, 0x5AEC, 0x5AEC, 0x52CB, 0x52CB, 0x52AA,
    0x52CB, 0x5AEB, 0x5B2C, 0x634D, 0x6B6D, 0x6BAE, 0x73AF, 0x7BEF, 0x8430, 0x8451, 0x8C71, 0x8C71, 0x8C71, 0x8C71, 0x8C71, 0x8C71,
    0x8C71, 0x8451, 0x8430, 0x8430, 0x8431, 0x7C10, 0x7C10, 0x8451, 0x8451, 0x8451, 0x8451, 0x8C71, 0x8C51, 0x8C51, 0x8451, 0x8451,
    0x8451, 0x8451, 0x7BEF, 0x4A8A, 0x4249, 0x4A6A, 0x4A6A, 0x4229, 0x4249, 0x4A69, 0x52CB, 0x7BCF, 0x73CF, 0x73CF, 0x738E, 0x6B6D,
    0xC659, 0xFFFF, 0x8430, 0x6B8E, 0xF7BF, 0xDEDB, 0x73AF, 0xE71C, 0xCE99, 0xBDD7, 0xBDD7, 0x528A, 0xB5B6, 0xDEFB, 0x9CF3, 0xE73C,
    0xA514, 0xD69A, 0xC618, 0xCE59, 0xB5B6, 0xD6BA, 0x9CF3, 0xE71C, 0xBDD7, 0xCE79, 0x8430, 0xDEDB, 0xEF7D, 0x8C51, 0xAD55, 0xFFFF,
    0xB596, 0x8C51, 0xF7BE, 0x9CD3, 0xC638, 0xC618, 0x8410, 0xEF7D, 0xC618, 0x5B0C, 0x18E3, 0x3186, 0x2965, 0x2986, 0x31A6, 0x3A08,
    0x3A08, 0x10C2, 0x0000, 0x0000, 0x0020, 0x0882, 0x10C2, 0x1903, 0x18E3, 0x18E3, 0x2965, 0x31C7, 0x39E7, 0x4248, 0x39E7, 0x39E7,
    0x2145, 0x18E3, 0x2145, 0x2145, 0x2145, 0x2145, 0x2145, 0x2145, 0x2145, 0x1924, 0x1904, 0x2125, 0x2986, 0x2145, 0x0861, 0x0021,
    0x0021, 0x0041, 0x0041, 0x0841, 0x0820, 0x93CC, 0xCCF0, 0xC4CF, 0xCCF0, 0xD510, 0xD530, 0xDD71, 0xE5B2, 0xEDB3, 0xEDD3, 0xEDD3,
    0xEDD3, 0xE592, 0xD510, 0xDD31, 0xE592, 0xE592, 0xE592, 0xE592, 0xE592, 0xE592, 0xE592, 0xE592, 0xE592, 0xE572, 0xDD92, 0xCD10,
    0x8430, 0x8451, 0x8471, 0x8471, 0x8C71, 0x8C92, 0x8C92, 0x94D3, 0x94D3, 0x94D3, 0x94D3, 0x94F3, 0x94D3, 0x94D3, 0x94D3, 0x94D3,
    0x94F3, 0x9CF4, 0x9CF4, 0x9CF4, 0x9CF4, 0x9D14, 0x9D34, 0x9D34, 0x9D14, 0x9D14, 0x9CF4, 0x9CF4, 0x94D3, 0x8C92, 0x9D14, 0x9D14,
    0xA534, 0xA534, 0x73CF, 0x7C10, 0x8C92, 0x94B2, 0x94B3, 0x8C92, 0x8C72, 0x8C92, 0x94B3, 0x8C92, 0x8C72, 0x8C72, 0x8C71, 0x8451,
    0x6B6E, 0x632C, 0x632C, 0x632D, 0x632C, 0x632C, 0x5B0C, 0x5AEB, 0x52AA, 0x4249, 0x31A6, 0x2986, 0x2965, 0x2124, 0x3A08, 0x6B6E,
    0x7BF0, 0x7BF0, 0x7C10, 0x7BF0, 0x7BF0, 0x5B0C, 0x73AF, 0x7C10, 0x7BF0, 0x73CF, 0x6B8E, 0x6B8E, 0x6B6E, 0x6B6E, 0x634D, 0x632C,
    0x5B0C, 0x52CB, 0x52CB, 0x52CB, 0x5AEB, 0x5AEB, 0x5B0C, 0x632C, 0x6B6E, 0x73AF, 0x7BF0, 0x7C10, 0x8430, 0x8430, 0x8451, 0x8C71,
    0x8C71, 0x8451, 0x8430, 0x8430, 0x8431, 0x8431, 0x7C10, 0x8430, 0x8430, 0x8431, 0x8C71, 0x8C71, 0x8C71, 0x8C92, 0x8451, 0x8451,
    0x8451, 0x8C71, 0x8C71, 0x73AE, 0x4A69, 0x4A8A, 0x52CB, 0x52AA, 0x4A8A, 0x4269, 0x5B0C, 0x7BEF, 0x73CF, 0x73AF, 0x73AF, 0x738E,
    0x6B4D, 0xCE79, 0xFFFF, 0x7BF0, 0x8451, 0xFFFF, 0xD69A, 0x7C10, 0xEF7D, 0xC638, 0xC618, 0xCE79, 0xAD55, 0xC638, 0xCE79, 0xAD75,
    0xD69A, 0xB596, 0xC638, 0xCE59, 0xC618, 0xCE59, 0xC638, 0xB596, 0xE71C, 0xC638, 0xD6BA, 0x7BEF, 0xC638, 0xFFFF, 0xA514, 0x9492,
    0xFFDF, 0xA534, 0x9492, 0xE73C, 0x7BEF, 0xE71C, 0xB596, 0x8451, 0xF79E, 0xA534, 0x18E3, 0x2144, 0x2965, 0x2965, 0x2986, 0x3A07,
    0x4248, 0x2124, 0x0000, 0x0000, 0x0841, 0x10A2, 0x10A2, 0x18E3, 0x18E3, 0x18E3, 0x2965, 0x31C6, 0x31C7, 0x3A07, 0x3A08, 0x31C7,
    0x1904, 0x10C3, 0x2124, 0x2145, 0x2145, 0x2124, 0x2124, 0x2145, 0x2145, 0x2124, 0x1904, 0x2124, 0x2966, 0x2986, 0x0882, 0x0021,
    0x0021, 0x0021, 0x0041, 0x0021, 0x20C2, 0xAC6F, 0xC4AF, 0xC4AF, 0xCCCF, 0xCCEF, 0xD510, 0xDD71, 0xE5B2, 0xEDB3, 0xEDD3, 0xEDD3,
    0xEDD3, 0xD510, 0xDD10, 0xE592, 0xE592, 0xE592, 0xED92, 0xE593, 0xE592, 0xE592, 0xE592, 0xE592, 0xE592, 0xE572, 0xDD92, 0xCD10,
    0x7C30, 0x8451, 0x8471, 0x8C92, 0x8CB2, 0x8CB2, 0x8CB2, 0x9CF4, 0x9CF4, 0x94F3, 0x9CF4, 0x9CF4, 0x94D3, 0x94D3, 0x9CF4, 0x94D3,
    0x94F3, 0x9D14, 0x9CF4, 0x9D14, 0x9D14, 0x9D14, 0x9D34, 0x9D34, 0x9CF4, 0x9D14, 0x9D14, 0x9CF4, 0x8C92, 0x9CF4, 0xA535, 0xA534,
    0xA535, 0x94D3, 0x6B8E, 0x8431, 0x8C92, 0x8C72, 0x8C92, 0x8C92, 0x8C92, 0x8C92, 0x94B3, 0x8C72, 0x8C72, 0x8C71, 0x8451, 0x8451,
    0x73CF, 0x5B0C, 0x632C, 0x632C, 0x634D, 0x632C, 0x632C, 0x5B0C, 0x5AEB, 0x52AA, 0x3A08, 0x31A6, 0x2986, 0x2145, 0x31A6, 0x5AEC,
    0x73AF, 0x7BF0, 0x7C10, 0x7C10, 0x8431, 0x8431, 0x8C71, 0x7C10, 0x8430, 0x7C10, 0x7C10, 0x7BF0, 0x7BEF, 0x7BF0, 0x7BEF, 0x7BEF,
    0x73AE, 0x634D, 0x5B0C, 0x5AEB, 0x5B0C, 0x5B0C, 0x632C, 0x632C, 0x634D, 0x6B6E, 0x73AE, 0x73CF, 0x73CF, 0x7BEF, 0x7C10, 0x8430,
    0x8451, 0x8C71, 0x8C71, 0x8451, 0x8431, 0x8451, 0x8C71, 0x8430, 0x7BF0, 0x7C10, 0x8430, 0x8451, 0x8451, 0x8C72, 0x8C71, 0x8451,
    0x8451, 0x8C71, 0x8C71, 0x8451, 0x73AF, 0x52AA, 0x52AB, 0x5AEB, 0x5ACB, 0x4AAA, 0x6B8E, 0x73EF, 0x73AF, 0x73AF, 0x73AE, 0x73AF,
    0x738E, 0x6B4D, 0xCE59, 0xFFDF, 0x7BEF, 0x94D3, 0xFFFF, 0xCE59, 0x8410, 0xF7BE, 0xC618, 0xB5B6, 0xE71C, 0xAD55, 0xD6BA, 0xB596,
    0xCE59, 0xB5B6, 0xC638, 0xBDF7, 0xC638, 0xC638, 0xCE79, 0xC617, 0xB5B6, 0xD6BA, 0xCE79, 0xE73C, 0x7BEF, 0xAD55, 0xFFFF, 0xB596,
    0x8C71, 0xEF7D, 0x7BEF, 0xBDD7, 0xC638, 0x7BEF, 0xF79E, 0xA534, 0x8C71, 0xF7BE, 0x630C, 0x0861, 0x2965, 0x2945, 0x2165, 0x31E7,
    0x4249, 0x31C6, 0x0861, 0x0000, 0x0861, 0x10C2, 0x10A2, 0x18E3, 0x18E3, 0x1904, 0x2144, 0x2124, 0x1904, 0x18E3, 0x2124, 0x2965,
    0x10C3, 0x10C3, 0x1924, 0x1904, 0x1924, 0x1924, 0x2124, 0x2124, 0x2124, 0x2124, 0x2124, 0x2125, 0x2124, 0x31A7, 0x1904, 0x0000,
    0x0021, 0x0021, 0x0041, 0x0000, 0x3964, 0xB4D0, 0xBC8F, 0xC4AF, 0xC4AF, 0xCCCF, 0xD510, 0xDD51, 0xE592, 0xE5B3, 0xEDB3, 0xEDD3,
    0xDD71, 0xCCCF, 0xE592, 0xE592, 0xED92, 0xED92, 0xED92, 0xE593, 0xE592, 0xE592, 0xE592, 0xE592, 0xE592, 0xE572, 0xDD72, 0xCD10,
    0x7C30, 0x8451, 0x8C71, 0x8C92, 0x8C92, 0x8C92, 0x8C92, 0x9CF4, 0x9CF4, 0x94F3, 0x9CF4, 0x9D14, 0x94F3, 0x94F3, 0x9CF4, 0x9CF4,
    0x9CF4, 0x9CF4, 0x9CF4, 0x9D14, 0x9D14, 0x9D34, 0x9D14, 0x9D14, 0x9D14, 0x9CF4, 0x9CF4, 0x9CF4, 0x94B3, 0x9CF4, 0x9CF4, 0x9CF4,
    0x9D14, 0x8C72, 0x6B8E, 0x8451, 0x8C71, 0x8451, 0x8C72, 0x8C92, 0x8C92, 0x8C92, 0x8C92, 0x8C72, 0x8451, 0x8451, 0x8451, 0x8451,
    0x7C10, 0x632D, 0x5B0C, 0x632D, 0x634D, 0x632D, 0x632D, 0x632D, 0x632C, 0x52CB, 0x4A8A, 0x39E7, 0x31A6, 0x2986, 0x2966, 0x52AB,
    0x6B6E, 0x7BF0, 0x7C10, 0x7C10, 0x7C10, 0x8431, 0x7C10, 0x7C10, 0x7C10, 0x8431, 0x7C10, 0x7C10, 0x7C10, 0x7C10, 0x7C10, 0x7C10,
    0x7C10, 0x7BEF, 0x73CF, 0x6B8D, 0x6B6D, 0x6BAE, 0x73AF, 0x73AE, 0x73CF, 0x7BEF, 0x73CF, 0x7BEF, 0x73CF, 0x73CF, 0x7BEF, 0x7C10,
    0x8430, 0x8451, 0x8C71, 0x8C71, 0x8C71, 0x8451, 0x8451, 0x8451, 0x8430, 0x7C10, 0x8430, 0x8430, 0x8410, 0x8430, 0x8C71, 0x8C71,
    0x8451, 0x8C71, 0x8C71, 0x8431, 0x8C51, 0x7BEF, 0x5AEB, 0x52CB, 0x5AEC, 0x5B0C, 0x73EF, 0x73CF, 0x73AE, 0x73AE, 0x73AE, 0x73AE,
    0x73CF, 0x73AF, 0x6B4D, 0xC618, 0xF7BE, 0x738E, 0x9CD3, 0xFFFF, 0xBDF7, 0x8431, 0xFFDF, 0xBDD7, 0xBDD7, 0xDEDB, 0xBDD7, 0xEF7D,
    0x9CF4, 0xDEFB, 0xA514, 0xD6BB, 0xBDF7, 0xC618, 0xD69A, 0xBDF7, 0xA534, 0xC618, 0xCE59, 0xC638, 0xF79E, 0x8C72, 0x94B3, 0xFFDF,
    0xB596, 0xA534, 0xDEDB, 0x6B6E, 0xE73C, 0xA514, 0x8C71, 0xF7BE, 0xA534, 0x9CF3, 0xE73C, 0x2965, 0x10A2, 0x2124, 0x2144, 0x31A6,
    0x4249, 0x39E7, 0x1904, 0x0020, 0x0882, 0x18E3, 0x10C3, 0x10A2, 0x10C2, 0x0882, 0x10A2, 0x1904, 0x2986, 0x31C6, 0x31A6, 0x2965,
    0x18E3, 0x10C3, 0x1904, 0x1904, 0x1904, 0x1904, 0x1904, 0x1904, 0x2124, 0x2124, 0x1924, 0x2124, 0x1904, 0x2145, 0x2966, 0x0882,
    0x0000, 0x0021, 0x0041, 0x0000, 0x4A07, 0xBCF0, 0xBC8E, 0xC4AF, 0xC4AE, 0xC4AE, 0xCCEF, 0xDD51, 0xE592, 0xE5B2, 0xEDB3, 0xEDD3,
    0xCCEF, 0xD530, 0xE592, 0xE592, 0xE592, 0xEDB2, 0xEDB2, 0xE5B2, 0xE592, 0xE592, 0xE592, 0xE592, 0xE592, 0xDD72, 0xDD72, 0xCD0F,
    0x7C30, 0x8451, 0x8471, 0x8C92, 0x8C92, 0x8C92, 0x8C92, 0x94F3, 0x9CF4, 0x9CF4, 0x9CF4, 0x94D3, 0x94F3, 0x9CF4, 0x94F3, 0x94F3,
    0x9CF4, 0x9CF4, 0x9CF4, 0x94D3, 0x9D14, 0x9D14, 0x9D14, 0x9CF4, 0x9D14, 0x9D34, 0x9D14, 0x9CF4, 0x94B3, 0x94D3, 0x9CF4, 0x9CF3,
    0x9D14, 0x8431, 0x6B8E, 0x8C72, 0x8C71, 0x8451, 0x8451, 0x8C92, 0x8C92, 0x8C72, 0x8C72, 0x8C92, 0x8451, 0x8431, 0x8451, 0x8431,
    0x7C10, 0x6B8E, 0x5AEC, 0x632D, 0x634D, 0x632D, 0x634D, 0x632D, 0x632D, 0x5AEC, 0x52CB, 0x4A69, 0x31C7, 0x31C7, 0x2986, 0x4229,
    0x6B6D, 0x7C10, 0x8430, 0x8430, 0x8430, 0x7C10, 0x6B6D, 0x6B8E, 0x8431, 0x7C10, 0x7BF0, 0x73CF, 0x7BF0, 0x7BF0, 0x7BF0, 0x7C10,
    0x7BF0, 0x7BEF, 0x7BEF, 0x73AE, 0x73AE, 0x73AE, 0x73AE, 0x73CF, 0x73AF, 0x73CF, 0x73CF, 0x73CF, 0x73CF, 0x73CF, 0x73CF, 0x7BEF,
    0x7C10, 0x7C10, 0x8431, 0x8C71, 0x8C71, 0x8C71, 0x8451, 0x8C71, 0x8C92, 0x8451, 0x7C10, 0x7BF0, 0x7C10, 0x7C10, 0x8430, 0x8451,
    0x8451, 0x8451, 0x8C51, 0x8C72, 0x8430, 0x8C92, 0x8430, 0x634D, 0x52CB, 0x5B2C, 0x6B8E, 0x6B8E, 0x6B8E, 0x6B8E, 0x73AE, 0x73AF,
    0x73AE, 0x73AF, 0x73AF, 0x6B4D, 0xC618, 0xE71C, 0x630C, 0xAD55, 0xFFFF, 0xAD55, 0x8C71, 0xFFFF, 0xB596, 0xBDF7, 0xD6BA, 0xCE79,
    0xDEFC, 0x9CF4, 0xE71C, 0x9CF3, 0xE71C, 0xC618, 0xBDD7, 0xD69A, 0xC639, 0xA514, 0xDEDB, 0xBDF7, 0xB5B6, 0xFFFF, 0xAD55, 0x8C51,
    0xF79E, 0xA534, 0xD69A, 0xAD55, 0x8430, 0xF7BF, 0x8C72, 0x9492, 0xFFDF, 0xA514, 0xAD54, 0xB596, 0x0841, 0x18E3, 0x1904, 0x2965,
    0x4248, 0x31C6, 0x2124, 0x0882, 0x0882, 0x1904, 0x10C3, 0x0041, 0x0861, 0x0882, 0x10A2, 0x10C3, 0x1904, 0x2124, 0x18E3, 0x10A2,
    0x18E3, 0x18E4, 0x1904, 0x1904, 0x1904, 0x1904, 0x1904, 0x1904, 0x2124, 0x2124, 0x1904, 0x1904, 0x1903, 0x2124, 0x2986, 0x2145,
    0x0041, 0x0021, 0x0041, 0x0000, 0x732B, 0xC4F0, 0xBC8E, 0xC4AF, 0xC4AE, 0xC4AE, 0xCCEF, 0xDD51, 0xE592, 0xE5B2, 0xEDD3, 0xDD51,
    0xCCEF, 0xE572, 0xE592, 0xE592, 0xE5B2, 0xE5B2, 0xE5B2, 0xE5B2, 0xE592, 0xE592, 0xE592, 0xDD92, 0xDD91, 0xDD71, 0xDD92, 0xCD10,
    0x7C30, 0x8430, 0x8451, 0x8C71, 0x8C92, 0x8C92, 0x94B2, 0x9CF4, 0x9CF4, 0x9CF4, 0x9CF4, 0x94D3, 0x94D3, 0x94D3, 0x94D3, 0x9CF4,
    0x9CF4, 0x9CF4, 0x9CF4, 0x9D14, 0x9D14, 0x9D34, 0x9D14, 0x9D14, 0x9D14, 0x9D14, 0x9CF4, 0x94D3, 0x94B3, 0x9D14, 0x9CF4, 0x9D14,
    0x9D14, 0x7C10, 0x73AF, 0x8C92, 0x8C72, 0x8451, 0x8451, 0x8C72, 0x8C72, 0x8C72, 0x8C72, 0x8C72, 0x8451, 0x8451, 0x8451, 0x8451,
    0x8431, 0x7BEF, 0x5B0C, 0x632D, 0x634D, 0x632D, 0x634D, 0x632D, 0x632D, 0x5B0C, 0x5AEC, 0x52CB, 0x3A08, 0x31A7, 0x31C7, 0x31C7,
    0x5B0C, 0x73AF, 0x7C10, 0x7C10, 0x7C10, 0x7C10, 0x73CF, 0x7C10, 0x7C10, 0x73CF, 0x73CF, 0x73CF, 0x73CF, 0x7C10, 0x7C10, 0x73CF,
    0x73AF, 0x73CF, 0x73AE, 0x6B8E, 0x6B8D, 0x6B6D, 0x634D, 0x634D, 0x6B6D, 0x6B6E, 0x6B8E, 0x6B8E, 0x73AE, 0x73AF, 0x73CF, 0x73CF,
    0x73CF, 0x7BEF, 0x7C10, 0x8430, 0x8451, 0x8C71, 0x8C92, 0x8C71, 0x8451, 0x8451, 0x8431, 0x7C10, 0x7C10, 0x7C10, 0x7BEF, 0x7BF0,
    0x8430, 0x8431, 0x8431, 0x8C51, 0x8C51, 0x7C10, 0x8C71, 0x8C71, 0x73CF, 0x632C, 0x636D, 0x636D, 0x636D, 0x6B8E, 0x6B8E, 0x73AE,
    0x73AE, 0x73AE, 0x7BCF, 0x7BCF, 0x6B6D, 0xBE18, 0xD69A, 0x5AEC, 0xBDD7, 0xFFFF, 0x9CF3, 0x94B3, 0xFFFF, 0xAD75, 0xC639, 0xC639,
    0xD69A, 0xD69A, 0xA535, 0xE73D, 0x9CD3, 0xE71C, 0xC618, 0xB5B7, 0xCE79, 0xDEDB, 0x9CD3, 0xEF5D, 0xC618, 0xA535, 0xFFDF, 0xB5B7,
    0x9492, 0xDEFC, 0x9CD3, 0xEF7E, 0x8C51, 0xA514, 0xF7BE, 0x8430, 0x94B2, 0xFFDF, 0xA514, 0xB5B6, 0x6B6D, 0x0841, 0x2124, 0x2145,
    0x31E7, 0x31A6, 0x2145, 0x18E3, 0x10A2, 0x0882, 0x0881, 0x0881, 0x0882, 0x0882, 0x0882, 0x0882, 0x10A3, 0x1904, 0x2124, 0x2965,
    0x31A6, 0x2124, 0x1904, 0x1904, 0x18E3, 0x10C3, 0x18E3, 0x1903, 0x1904, 0x1904, 0x1904, 0x1904, 0x18E3, 0x18E3, 0x2145, 0x2965,
    0x1904, 0x0061, 0x0061, 0x1061, 0xA42E, 0xC4F0, 0xBCAE, 0xC4AF, 0xC4AE, 0xC48E, 0xCCEF, 0xD550, 0xDD71, 0xE592, 0xE5B2, 0xD510,
    0xDD51, 0xE572, 0xE572, 0xE592, 0xE5B2, 0xE5B2, 0xE5B2, 0xE592, 0xE592, 0xE592, 0xE592, 0xDD92, 0xDD71, 0xDD71, 0xDD92, 0xCD10,
    0x8430, 0x8451, 0x8471, 0x8C92, 0x8C92, 0x8C92, 0x94D3, 0x9D14, 0x9CF4, 0x9CF4, 0x9CF4, 0x94F3, 0x94D3, 0x94D3, 0x94F3, 0x94F3,
    0x9CF4, 0x9D14, 0x9CF4, 0x9D14, 0x9D14, 0x9D14, 0x9D34, 0x9D14, 0x9D14, 0x9CF4, 0x9CF4, 0x9D14, 0x94F3, 0x9CF4, 0x9CF4, 0x9CF4,
    0x9CF4, 0x73CF, 0x7C10, 0x8C92, 0x8C92, 0x8451, 0x8C72, 0x8C72, 0x8C72, 0x8C92, 0x8C72, 0x8C71, 0x8451, 0x8451, 0x8451, 0x8451,
    0x7C10, 0x8430, 0x6B6E, 0x632C, 0x634D, 0x634D, 0x632D, 0x632D, 0x632C, 0x5AEC, 0x5B0C, 0x5B0C, 0x4A8A, 0x39E7, 0x39E7, 0x31C7,
    0x4A6A, 0x6B6D, 0x7C10, 0x73CF, 0x7BF0, 0x73CF, 0x73AF, 0x632D, 0x6B8E, 0x73AF, 0x73CF, 0x7BF0, 0x7C10, 0x7BF0, 0x7BEF, 0x73CF,
    0x73AE, 0x6B8E, 0x6B8E, 0x6B8E, 0x6B6D, 0x634D, 0x5B0C, 0x634D, 0x632D, 0x634D, 0x6B6D, 0x6B6D, 0x6B6E, 0x6B8E, 0x6B8E, 0x6B8E,
    0x6B8E, 0x73AE, 0x73AF, 0x73CF, 0x7C10, 0x8431, 0x8C71, 0x8451, 0x8C72, 0x8C72, 0x8C71, 0x8451, 0x8431, 0x7C10, 0x7BEF, 0x7BEF,
    0x7BEF, 0x73CF, 0x7BCF, 0x7BF0, 0x8431, 0x8451, 0x8451, 0x8451, 0x8C92, 0x7C30, 0x73AE, 0x6B6D, 0x6B6D, 0x6B6E, 0x6B8E, 0x738E,
    0x738E, 0x73AF, 0x73AF, 0x7BCF, 0x7BCF, 0x6B6E, 0xBE18, 0xBDF8, 0x5AEB, 0xCE59, 0xFFFF, 0x8C72, 0xA534, 0xFFFF, 0xA534, 0xCE59,
    0xBDF8, 0xD69A, 0xCE59, 0xAD75, 0xEF5D, 0x94B3, 0xDEDB, 0xBDF7, 0xBDD7, 0xC618, 0xDEDB, 0x94B3, 0xF7BF, 0xCE59, 0x9CD3, 0xF7BE,
    0xA535, 0xAD75, 0xAD75, 0xA534, 0xF79E, 0x7BF0, 0xB596, 0xF7BE, 0x8410, 0x94B3, 0xFFDF, 0xAD55, 0xA534, 0x3186, 0x18E3, 0x2124,
    0x29A6, 0x31E7, 0x2985, 0x2124, 0x0861, 0x10A2, 0x10C3, 0x0882, 0x0861, 0x0882, 0x0882, 0x0882, 0x0882, 0x10C3, 0x1904, 0x2965,
    0x2965, 0x18E4, 0x18E3, 0x18E4, 0x18E3, 0x18E3, 0x18E4, 0x18E3, 0x1903, 0x1904, 0x1904, 0x1904, 0x18E3, 0x18E3, 0x1904, 0x2124,
    0x2965, 0x2104, 0x0040, 0x2923, 0xBCD0, 0xBCCF, 0xC4CF, 0xC4CF, 0xC4AE, 0xC48E, 0xCCEF, 0xD530, 0xDD51, 0xE591, 0xDD71, 0xDD51,
    0xDD71, 0xDD71, 0xE572, 0xE592, 0xE592, 0xE5B2, 0xE5B2, 0xE592, 0xE592, 0xDD92, 0xDD92, 0xDD92, 0xDD71, 0xDD71, 0xDD72, 0xCCF0,
    0x8451, 0x8451, 0x8C71, 0x8C92, 0x8C92, 0x8C71, 0x94D3, 0x9D14, 0x9CF4, 0x9CF4, 0x94D3, 0x94D3, 0x94F3, 0x94F3, 0x94D3, 0x94D3,
    0x94F3, 0x9CF4, 0x9CF4, 0x9D14, 0x9D14, 0x9D14, 0x9D34, 0x9D14, 0x9CF4, 0x9D14, 0x9D14, 0x9CF4, 0x94F3, 0x9CF4, 0x9CF4, 0x9CF4,
    0x94D3, 0x73AF, 0x8451, 0x94B2, 0x8C92, 0x8C72, 0x8C72, 0x8C72, 0x8C92, 0x8C92, 0x8C72, 0x8C72, 0x8451, 0x8451, 0x8451, 0x8451,
    0x8431, 0x8451, 0x73CF, 0x632D, 0x634D, 0x634D, 0x634D, 0x634D, 0x632D, 0x5B0C, 0x632C, 0x5B0C, 0x5AEC, 0x4249, 0x39E8, 0x3A08,
    0x3A08, 0x5B0C, 0x73AE, 0x7BEF, 0x73AF, 0x6B6E, 0x6B6D, 0x4A8A, 0x634D, 0x7BF0, 0x7BF0, 0x7C10, 0x7C10, 0x7BEF, 0x7BEF, 0x73AF,
    0x6B8E, 0x6B8E, 0x73AE, 0x73AE, 0x6B8E, 0x6B6D, 0x634D, 0x634D, 0x5B0C, 0x632C, 0x632D, 0x632C, 0x632C, 0x632C, 0x5B0C, 0x634D,
    0x634D, 0x634D, 0x634D, 0x6B8E, 0x6B6E, 0x73AE, 0x7BEF, 0x7BF0, 0x8430, 0x8C71, 0x8C71, 0x8C71, 0x8C71, 0x8451, 0x7C10, 0x7BEF,
    0x7BEF, 0x73CF, 0x73AF, 0x73AF, 0x7BEF, 0x7C30, 0x8430, 0x8451, 0x8451, 0x8C92, 0x8471, 0x73CF, 0x6B8E, 0x6B8E, 0x6B8E, 0x6B8E,
    0x6B8E, 0x73AE, 0x73CF, 0x73CF, 0x73CF, 0x73CF, 0x6B6E, 0xBDF8, 0xA514, 0x5ACB, 0xDEDB, 0xF7BE, 0x8431, 0xB596, 0xFFFF, 0xA514,
    0xD6BA, 0xBDF8, 0xDEDB, 0xCE79, 0xAD75, 0xE73D, 0x9CD3, 0xD6BB, 0xC618, 0xB5B6, 0xBDD7, 0xD69A, 0x8C51, 0xEF7D, 0xC618, 0x8C71,
    0xEF7D, 0x9CF3, 0xDEDB, 0x8431, 0xBDD7, 0xEF5D, 0x7BCF, 0xB5B7, 0xF79E, 0x7BF0, 0x9CD3, 0xF79E, 0xB5B6, 0x7BCF, 0x10C3, 0x1904,
    0x2965, 0x31E7, 0x2985, 0x2104, 0x10A2, 0x10C3, 0x10E3, 0x0881, 0x0861, 0x0862, 0x0861, 0x0862, 0x0882, 0x0882, 0x10A2, 0x18E3,
    0x2124, 0x2124, 0x18E3, 0x18E3, 0x18E3, 0x10C3, 0x10C3, 0x18E3, 0x1904, 0x1904, 0x1904, 0x1904, 0x18E3, 0x18E3, 0x18E3, 0x1904,
    0x2125, 0x2986, 0x10A2, 0x5A48, 0xC511, 0xBCAF, 0xC4CF, 0xC4CF, 0xC4AE, 0xC4AE, 0xCCEF, 0xD510, 0xDD51, 0xDD71, 0xDD51, 0xD551,
    0xDD51, 0xDD71, 0xDD92, 0xE592, 0xDD92, 0xDD92, 0xDD92, 0xDD92, 0xDD92, 0xDD92, 0xDD92, 0xDD92, 0xDD92, 0xDD71, 0xDD92, 0xCCF0,
    0x8451, 0x8471, 0x8C92, 0x8C92, 0x8C92, 0x8C71, 0x94B2, 0x9CF4, 0x94F3, 0x94D3, 0x94D3, 0x94D3, 0x94D3, 0x94D3, 0x94D3, 0x94D3,
    0x94D3, 0x94D3, 0x94D3, 0x9CF4, 0x9D14, 0x9D14, 0x9D14, 0x9CF4, 0x9CF4, 0x94F3, 0x94D3, 0x94B3, 0x94D3, 0x9CF4, 0x9CF3, 0x9CF4,
    0x94B3, 0x73AF, 0x94B2, 0x94B3, 0x8C92, 0x8C72, 0x8C72, 0x8C72, 0x8C72, 0x8C72, 0x8C72, 0x94B2, 0x8C72, 0x8C71, 0x8451, 0x8C72,
    0x8451, 0x8451, 0x8431, 0x6B8E, 0x634D, 0x634D, 0x634D, 0x6B6D, 0x634D, 0x632D, 0x632C, 0x632C, 0x5B0C, 0x52AB, 0x3A08, 0x3A08,
    0x39E7, 0x52AA, 0x6B6D, 0x73CF, 0x73AE, 0x73AF, 0x73CF, 0x73AF, 0x8430, 0x7C10, 0x7BF0, 0x7BF0, 0x73CF, 0x73CF, 0x73CF, 0x73AE,
    0x6B8E, 0x73AE, 0x73AE, 0x73CF, 0x73CF, 0x73CF, 0x73CF, 0x73AF, 0x6B6D, 0x632D, 0x632C, 0x5B0C, 0x5B0C, 0x5AEC, 0x5AEB, 0x5B0C,
    0x5AEC, 0x5AEC, 0x5B0C, 0x5B0C, 0x634D, 0x6B6D, 0x6B6E, 0x73AE, 0x73CF, 0x7BEF, 0x7C10, 0x8451, 0x8C71, 0x8C72, 0x8451, 0x8430,
    0x8451, 0x8C71, 0x8C71, 0x8C72, 0x8C71, 0x8C92, 0x8C71, 0x8451, 0x8451, 0x8C71, 0x8C71, 0x8C92, 0x7C10, 0x6B8E, 0x6BAE, 0x6B8E,
    0x6B8E, 0x73AE, 0x73CF, 0x73CF, 0x73CF, 0x73CF, 0x73CF, 0x6B6E, 0xAD96, 0x8410, 0x5AEC, 0xEF7D, 0xEF7D, 0x8410, 0xC618, 0xFFFF,
    0x9CD3, 0xDEFB, 0xBDF8, 0xDEFC, 0xCE7A, 0xB596, 0xDEFC, 0xA534, 0xD69A, 0xC638, 0xB5B6, 0xC638, 0xCE59, 0x7BF0, 0xEF5D, 0xA514,
    0x9CF4, 0xCE79, 0xB596, 0xE73D, 0x738E, 0xCE59, 0xE71C, 0x6B4D, 0xBDD7, 0xF79E, 0x7BCF, 0x9CF4, 0xF79E, 0xA534, 0x39E7, 0x10C3,
    0x2965, 0x39E7, 0x2986, 0x2124, 0x18E3, 0x0881, 0x08A2, 0x0882, 0x0861, 0x0861, 0x0861, 0x0882, 0x0882, 0x0882, 0x10A2, 0x10C3,
    0x1904, 0x2125, 0x10C3, 0x10C3, 0x10C3, 0x10C3, 0x10C3, 0x10C3, 0x1903, 0x1904, 0x1904, 0x1904, 0x1903, 0x18E3, 0x18E3, 0x1904,
    0x2124, 0x2145, 0x2103, 0x8B8C, 0xC4F1, 0xBCAF, 0xC4EF, 0xC4CF, 0xC4AE, 0xC4AE, 0xCCCF, 0xCD10, 0xD530, 0xD551, 0xD551, 0xD551,
    0xD551, 0xDD51, 0xDD72, 0xDD92, 0xDD92, 0xDD92, 0xDD92, 0xDD92, 0xDD92, 0xDD92, 0xDD92, 0xDD92, 0xDD72, 0xDD71, 0xDD92, 0xCD10,
    0x8451, 0x8471, 0x8C92, 0x8C92, 0x8C92, 0x8C71, 0x94D3, 0x9CF4, 0x94D3, 0x94D3, 0x9CF4, 0x9CF4, 0x94D3, 0x94B3, 0x94B3, 0x94D3,
    0x94D3, 0x94D3, 0x94D3, 0x9CF4, 0x9D14, 0x9D14, 0x9CF4, 0x9CF4, 0x9CF4, 0x94D3, 0x94D3, 0x9CF4, 0x94D3, 0x9CF4, 0x94D3, 0x9CF4,
    0x8C92, 0x73AE, 0x94D3, 0x94D3, 0x94B2, 0x94B2, 0x8C72, 0x8C72, 0x8C72, 0x8C72, 0x8C92, 0x94B2, 0x8C92, 0x8C72, 0x8451, 0x8C92,
    0x8C72, 0x8451, 0x8451, 0x7C10, 0x6B8E, 0x6B6E, 0x6B6E, 0x6B6D, 0x6B6E, 0x634D, 0x634D, 0x632D, 0x632C, 0x5AEC, 0x4249, 0x4228,
    0x39E7, 0x4A69, 0x5B0C, 0x73AE, 0x73AE, 0x73CF, 0x7BF0, 0x7BF0, 0x73AF, 0x7BF0, 0x7BF0, 0x7BF0, 0x73CF, 0x73CF, 0x73AF, 0x6B8E,
    0x73AE, 0x73AF, 0x73AE, 0x73CF, 0x7BF0, 0x7BEF, 0x7BF0, 0x73CF, 0x73AE, 0x6B6D, 0x634D, 0x632C, 0x632C, 0x632C, 0x632C, 0x632C,
    0x632C, 0x632C, 0x5B0C, 0x5B0C, 0x632D, 0x634D, 0x634D, 0x6B8E, 0x6B8E, 0x73AE, 0x73CF, 0x7BEF, 0x7BF0, 0x7C10, 0x8451, 0x8C71,
    0x8C71, 0x94D3, 0x94B2, 0x8C92, 0x8C92, 0x94B2, 0x8CB2, 0x8451, 0x8451, 0x8451, 0x8C92, 0x8C71, 0x8C92, 0x7C10, 0x6B8E, 0x73AE,
    0x73AE, 0x73AE, 0x73AE, 0x73CF, 0x73CF, 0x73CF, 0x7BEF, 0x73CF, 0x6B8E, 0xAD75, 0x634D, 0x632D, 0xF7BE, 0xDEDB, 0x6B4D, 0xD69A,
    0xEF7D, 0x9492, 0xE73D, 0xBDF8, 0xDEFB, 0xD69A, 0xB5B6, 0xCE79, 0xB596, 0xCE59, 0xCE79, 0xBDF8, 0xD69A, 0xB5B7, 0x9CD3, 0xF7BE,
    0x8C51, 0xB5B7, 0x8C71, 0xD69A, 0xDEDB, 0x6B6D, 0xDEDB, 0xD6BA, 0x632C, 0xC618, 0xEF7D, 0x73AE, 0xAD75, 0xF79E, 0x73CE, 0x10A2,
    0x2144, 0x31C6, 0x29C6, 0x2104, 0x2104, 0x0041, 0x0041, 0x0861, 0x0061, 0x0041, 0x0861, 0x0862, 0x0862, 0x0882, 0x10A2, 0x10A3,
    0x18E3, 0x2124, 0x18E4, 0x10A3, 0x10C3, 0x10C3, 0x18E3, 0x18E3, 0x18E3, 0x1903, 0x1904, 0x1904, 0x1903, 0x18E3, 0x18E3, 0x1904,
    0x1904, 0x2124, 0x2923, 0xA44E, 0xC4F0, 0xC4CF, 0xC4EF, 0xC4CF, 0xC4AE, 0xC4AE, 0xCCCF, 0xCD0F, 0xD510, 0xD530, 0xD530, 0xD530,
    0xD530, 0xD551, 0xDD71, 0xDD72, 0xDD92, 0xDD92, 0xDD92, 0xDD92, 0xDD92, 0xDD92, 0xDD71, 0xDD71, 0xDD71, 0xDD71, 0xDD92, 0xCD10,
    0x8451, 0x8C71, 0x8C92, 0x8CB2, 0x8CB2, 0x8C71, 0x94D3, 0x9D14, 0x94D3, 0x94D3, 0x94F3, 0x94F3, 0x94D3, 0x94B3, 0x94B3, 0x94D3,
    0x94D3, 0x94D3, 0x94D3, 0x94D3, 0x9D14, 0x9D14, 0x9CF4, 0x9CF4, 0x9CF4, 0x94F3, 0x9D14, 0x9CF4, 0x94D3, 0x9CF4, 0x9CF4, 0xA534,
    0x8451, 0x73AF, 0x9CF3, 0x94D3, 0x94B3, 0x8C92, 0x8C72, 0x8C72, 0x8C72, 0x94B3, 0x8C92, 0x8C72, 0x8C92, 0x8C72, 0x8C72, 0x8C92,
    0x8C72, 0x8C71, 0x8451, 0x8451, 0x7BF0, 0x6B6E, 0x6B6E, 0x6B8E, 0x6B6E, 0x634D, 0x634D, 0x634D, 0x632D, 0x632C, 0x5AEB, 0x4249,
    0x3A08, 0x4249, 0x52AA, 0x6B8E, 0x7BEF, 0x7BF0, 0x7BF0, 0x7C10, 0x5B0C, 0x73AF, 0x7C10, 0x7BEF, 0x73AF, 0x73AE, 0x6B8E, 0x6B6E,
    0x73AF, 0x73CF, 0x73CF, 0x73CF, 0x73CF, 0x73CF, 0x73AF, 0x73AF, 0x73CF, 0x73AE, 0x6B8E, 0x6B8E, 0x6B8E, 0x6B8E, 0x6B8E, 0x6B8E,
    0x6B8E, 0x6B8E, 0x6B8E, 0x6B8E, 0x6B6D, 0x6B6D, 0x6B6D, 0x6B6E, 0x73AE, 0x73AF, 0x7BEF, 0x7BEF, 0x73CF, 0x7C10, 0x8451, 0x8451,
    0x94B2, 0x94D3, 0x94B3, 0x94B2, 0x8C92, 0x8C92, 0x8C92, 0x8451, 0x8451, 0x7C30, 0x8451, 0x8C92, 0x8C92, 0x8C92, 0x7BEF, 0x6B8E,
    0x73AE, 0x73AE, 0x73AE, 0x73AE, 0x73CF, 0x73CF, 0x7BEF, 0x7BF0, 0x73CF, 0x73AE, 0x9CF4, 0x528A, 0x6B6E, 0xF79E, 0xB5B7, 0x6B6E,
    0xEF5D, 0xDEDB, 0x94B2, 0xEF7D, 0xBDD7, 0xE71C, 0xDEDB, 0xBDF8, 0xCE7A, 0xBDD7, 0xCE59, 0xC638, 0xCE79, 0xCE79, 0x9CD3, 0xAD75,
    0xE73D, 0x9CF4, 0xCE59, 0x7BEF, 0xEF5D, 0xC618, 0x738E, 0xE71C, 0xCE59, 0x630C, 0xCE59, 0xE73C, 0x6B6D, 0xBDF8, 0xE75C, 0x3186,
    0x10A2, 0x31C6, 0x31E7, 0x2124, 0x2104, 0x0041, 0x0020, 0x0040, 0x0041, 0x0041, 0x0041, 0x0861, 0x0862, 0x0882, 0x0882, 0x10A2,
    0x10C3, 0x1904, 0x2124, 0x10A2, 0x10C3, 0x10C3, 0x18E3, 0x10C3, 0x18E3, 0x18E3, 0x18E3, 0x1903, 0x1904, 0x1904, 0x18E3, 0x1904,
    0x1904, 0x18E4, 0x3165, 0xB4B0, 0xC4D0, 0xC4CF, 0xC4EF, 0xC4EF, 0xC4AF, 0xC4AE, 0xCCCF, 0xCCEF, 0xCD10, 0xD510, 0xD510, 0xD510,
    0xD530, 0xD551, 0xDD71, 0xDD71, 0xDD92, 0xDD92, 0xDD92, 0xDD92, 0xDD72, 0xDD71, 0xDD71, 0xDD71, 0xDD71, 0xDD71, 0xDD92, 0xCD10,
    0x8451, 0x8C71, 0x8C92, 0x8C92, 0x8C92, 0x8C92, 0x94F3, 0x9D14, 0x94F3, 0x94F3, 0x9CF4, 0x94D3, 0x94B3, 0x8CB2, 0x94B3, 0x94D3,
    0x94D3, 0x94D3, 0x94D3, 0x94D3, 0x9D14, 0x9D14, 0x9D14, 0x94F3, 0x94D3, 0x9CF4, 0x94D3, 0x8C92, 0x9D14, 0xA534, 0x9D14, 0x9D14,
    0x7C10, 0x7C10, 0x9CF4, 0x94D3, 0x94D3, 0x94B2, 0x8C92, 0x8C72, 0x8C92, 0x8C92, 0x8C92, 0x8C72, 0x8C72, 0x8C92, 0x8C92, 0x8C92,
    0x8C92, 0x8C92, 0x8C72, 0x8C72, 0x8451, 0x7BF0, 0x6B8E, 0x6B6E, 0x6B6E, 0x634D, 0x634D, 0x634D, 0x634D, 0x632D, 0x632D, 0x4A8A,
    0x4249, 0x4249, 0x52AA, 0x73AE, 0x8430, 0x8431, 0x7C10, 0x7BF0, 0x7BF0, 0x7C10, 0x7BF0, 0x73AE, 0x6B8E, 0x6B6E, 0x6B8E, 0x73AF,
    0x73CF, 0x73AF, 0x73AF, 0x73AF, 0x73AF, 0x73AF, 0x73AF, 0x73CF, 0x73CF, 0x73CF, 0x73CF, 0x73CF, 0x73CF, 0x7BEF, 0x73CF, 0x7BEF,
    0x7BEF, 0x7BEF, 0x73CF, 0x7BEF, 0x7BEF, 0x73AF, 0x73AF, 0x73CF, 0x73AF, 0x73AE, 0x73CF, 0x7C10, 0x8430, 0x8451, 0x8451, 0x8C92,
    0x9CF3, 0x94D3, 0x94B2, 0x8C92, 0x8C71, 0x8451, 0x8451, 0x8C71, 0x8C71, 0x8C92, 0x7C10, 0x8C92, 0x8CB2, 0x8C92, 0x7C10, 0x73CF,
    0x73AE, 0x73CF, 0x73CF, 0x73CF, 0x73CF, 0x73CF, 0x73EF, 0x7BEF, 0x7BEF, 0x73CF, 0x73AF, 0x9CF4, 0x4A6A, 0x8C72, 0xFFFF, 0x9CF3,
    0x7BEF, 0xFFFF, 0xBDF8, 0x9CF4, 0xF79E, 0xAD76, 0xE73C, 0xD69A, 0xC618, 0xCE59, 0xBDF7, 0xCE79, 0xC618, 0xCE79, 0xE73D, 0x94B2,
    0xCE59, 0xCE79, 0xCE7A, 0xCE59, 0x7BCF, 0xEF5D, 0xBDD7, 0x7BCF, 0xEF5D, 0xC618, 0x630C, 0xDEDB, 0xDEDB, 0x6B4D, 0xDEDB, 0xCE59,
    0x10A2, 0x2145, 0x39E7, 0x2165, 0x10C3, 0x0881, 0x0020, 0x0020, 0x0040, 0x0041, 0x0041, 0x0041, 0x0861, 0x0862, 0x0882, 0x0882,
    0x10A2, 0x10C2, 0x1904, 0x10C2, 0x10A2, 0x10C3, 0x10C3, 0x10C3, 0x10C2, 0x10C3, 0x18E3, 0x1903, 0x1904, 0x1904, 0x1904, 0x18E4,
    0x1904, 0x10C3, 0x41C5, 0xC4F1, 0xBCD0, 0xC4CF, 0xC4F0, 0xC4EF, 0xC4AF, 0xC4CF, 0xC4CF, 0xCCEF, 0xCD0F, 0xCD10, 0xCD10, 0xD510,
    0xD510, 0xD530, 0xDD51, 0xDD71, 0xDD71, 0xDD71, 0xDD71, 0xDD71, 0xDD71, 0xDD51, 0xDD51, 0xDD51, 0xDD71, 0xDD51, 0xDD71, 0xCCEF,
    0x8471, 0x8C71, 0x8C92, 0x8C92, 0x8C92, 0x8C92, 0x9D14, 0x94D3, 0x94D3, 0x9CF4, 0x94D3, 0x94D3, 0x94D3, 0x94B3, 0x8C92, 0x8CB2,
    0x94D3, 0x94D3, 0x94D3, 0x9CF4, 0x9D14, 0x9D14, 0x9D14, 0x9D14, 0x9D14, 0x9D14, 0x9D14, 0x94D3, 0xA535, 0xA535, 0xA534, 0xA534,
    0x73CF, 0x8451, 0x9D14, 0x94D3, 0x94D3, 0x94D3, 0x94D3, 0x94B3, 0x8C92, 0x8C72, 0x8C92, 0x94B3, 0x94B3, 0x94B3, 0x94B2, 0x94B2,
    0x8C92, 0x8C92, 0x8C72, 0x8C72, 0x8C72, 0x8C72, 0x7C10, 0x6B8E, 0x6B8E, 0x6B8E, 0x6B6D, 0x634D, 0x634D, 0x632D, 0x5B0C, 0x5AEC,
    0x4249, 0x4249, 0x4A69, 0x632C, 0x7C10, 0x7BEF, 0x73CF, 0x73CF, 0x6B8E, 0x52AA, 0x5B0C, 0x634D, 0x632D, 0x5B0C, 0x634D, 0x6B6E,
    0x73AF, 0x73AF, 0x6B8E, 0x6B8E, 0x6B8E, 0x73AF, 0x73CF, 0x7BEF, 0x7BEF, 0x7BF0, 0x7BF0, 0x7C10, 0x7C10, 0x7C10, 0x7C10, 0x7C10,
    0x8430, 0x8430, 0x8430, 0x7C10, 0x7C10, 0x8430, 0x8430, 0x7BF0, 0x7BEF, 0x7C10, 0x7C10, 0x7C10, 0x8C71, 0x94B2, 0x94D3, 0x9D14,
    0x9CF3, 0x94B2, 0x8C92, 0x8C71, 0x8C71, 0x8451, 0x8C71, 0x8C92, 0x8C92, 0x8C71, 0x8451, 0x7C30, 0x8CB2, 0x94B2, 0x7C10, 0x73EF,
    0x7C30, 0x73EF, 0x73AE, 0x73CF, 0x73CF, 0x73CF, 0x73EF, 0x73EF, 0x7BEF, 0x7BCF, 0x73AF, 0x7BEF, 0x9492, 0x4A6A, 0xBDD7, 0xFFDF,
    0x8430, 0x9CD3, 0xFFFF, 0x9CF3, 0xB5B7, 0xEF5D, 0xAD76, 0xDEDB, 0xCE59, 0xC639, 0xCE59, 0xBDD7, 0xD6BB, 0xBDF7, 0xB5B7, 0xDEFC,
    0x8C51, 0xCE59, 0x9CF3, 0xEF7D, 0xBDD7, 0x8410, 0xEF7E, 0xAD76, 0x7BCF, 0xF79E, 0xAD75, 0x6B4D, 0xEF5D, 0xCE59, 0x6B6D, 0xEF5D,
    0x8430, 0x0861, 0x39E7, 0x29A6, 0x10A2, 0x0882, 0x0040, 0x0020, 0x0040, 0x0041, 0x0041, 0x0041, 0x0041, 0x0861, 0x0882, 0x0882,
    0x0882, 0x10A2, 0x10C3, 0x10C3, 0x0882, 0x10A2, 0x10A2, 0x10C3, 0x10C3, 0x10C3, 0x10C3, 0x10C3, 0x18E3, 0x18E3, 0x18E3, 0x18E4,
    0x1904, 0x10A2, 0x4A07, 0xC531, 0xBCF0, 0xC4EF, 0xCD10, 0xC4EF, 0xC4AF, 0xC4AF, 0xC4CF, 0xCCEF, 0xCCEF, 0xCD0F, 0xD510, 0xD530,
    0xD510, 0xD530, 0xD550, 0xDD51, 0xDD71, 0xDD71, 0xDD71, 0xDD51, 0xD551, 0xD551, 0xD551, 0xD551, 0xD551, 0xD551, 0xDD71, 0xCCEF,
    0x8451, 0x8471, 0x8C92, 0x8C92, 0x8CB2, 0x94B2, 0x9D14, 0x9CF4, 0x94D3, 0x94F3, 0x94D3, 0x94D3, 0x94D3, 0x94B3, 0x94B3, 0x94D3,
    0x94F3, 0x94D3, 0x94F3, 0x94F3, 0x9D14, 0x9D14, 0x9D14, 0x9D14, 0x9D14, 0x9D14, 0x9D14, 0x9CF4, 0xA535, 0xA535, 0xA535, 0x9CF4,
    0x73CF, 0x8C92, 0x9D14, 0x9CF4, 0x9CF3, 0x94D3, 0x9CF4, 0x94D3, 0x8C92, 0x8C92, 0x94B3, 0x94D3, 0x94D3, 0x94D3, 0x94D3, 0x94D3,
    0x94B3, 0x94B2, 0x8C92, 0x8C92, 0x8C92, 0x8C72, 0x8C92, 0x8451, 0x7BEF, 0x6B6E, 0x6B6E, 0x6B6D, 0x634D, 0x634D, 0x632D, 0x632D,
    0x4A8A, 0x4249, 0x4249, 0x4A8A, 0x6B6D, 0x73AF, 0x73AE, 0x6B6E, 0x5AEC, 0x4A6A, 0x632C, 0x632D, 0x5AEC, 0x5AEC, 0x632C, 0x6B6E,
    0x6B6E, 0x6B8E, 0x6B8E, 0x73CF, 0x73AF, 0x73CF, 0x7BF0, 0x7C10, 0x7C10, 0x7C10, 0x8431, 0x8431, 0x8430, 0x8431, 0x8430, 0x8431,
    0x8451, 0x8431, 0x8451, 0x8451, 0x8451, 0x8C71, 0x8C71, 0x8451, 0x8451, 0x8C92, 0x8C92, 0x94B2, 0x9CF3, 0x9D14, 0x9D14, 0x9CF3,
    0x94D3, 0x94B2, 0x8C92, 0x8C71, 0x8C71, 0x8C92, 0x94B2, 0x8C92, 0x94B2, 0x8CB2, 0x8C92, 0x8C92, 0x8430, 0x8451, 0x8430, 0x7C10,
    0x8451, 0x8471, 0x7C10, 0x73CF, 0x73CF, 0x73CF, 0x73CF, 0x73CF, 0x73CF, 0x7BCF, 0x7BCF, 0x73CF, 0x7BEF, 0x6B6D, 0x630C, 0xE71C,
    0xE73C, 0x634D, 0xC638, 0xF7BE, 0x8410, 0xD6BB, 0xDEFC, 0xAD76, 0xC639, 0xCE59, 0xCE79, 0xCE7A, 0xBDD7, 0xD69A, 0xBDD7, 0xB596,
    0xD69A, 0xA514, 0xD69A, 0x9492, 0xEF7E, 0xB596, 0x8C71, 0xF79E, 0x9CD3, 0x8410, 0xF7BE, 0x9CF3, 0x738E, 0xEF7E, 0xBDF7, 0x73AF,
    0xE71C, 0x31A7, 0x1924, 0x3A07, 0x18E3, 0x0882, 0x0861, 0x0020, 0x0020, 0x0021, 0x0041, 0x0041, 0x0021, 0x0041, 0x0861, 0x0862,
    0x0882, 0x10A2, 0x10A2, 0x10C2, 0x10A2, 0x0882, 0x10A2, 0x10A2, 0x10C2, 0x10C3, 0x10C3, 0x10C3, 0x18E3, 0x18E3, 0x18E4, 0x18E4,
    0x1904, 0x10A2, 0x62A9, 0xCD51, 0xC4F0, 0xC4F0, 0xCD10, 0xC4EF, 0xC4AF, 0xC4AF, 0xC4CF, 0xCCEF, 0xCCEF, 0xCD0F, 0xD530, 0xD530,
    0xCD10, 0xD510, 0xD530, 0xD551, 0xD551, 0xD551, 0xD551, 0xD551, 0xD551, 0xD551, 0xD551, 0xD551, 0xD551, 0xD551, 0xDD71, 0xCCEF,
    0x8C71, 0x8C71, 0x8C92, 0x8CB2, 0x8CB2, 0x94D3, 0x9D14, 0x94F3, 0x94F3, 0x94F3, 0x94D3, 0x94D3, 0x94D3, 0x94B3, 0x94B3, 0x94D3,
    0x9CF4, 0x94F3, 0x94F3, 0x94D3, 0x9CF4, 0x9D14, 0x9D14, 0x9D14, 0x9D14, 0x9D14, 0x9CF4, 0x9CF4, 0xA535, 0xA535, 0xA535, 0x9CF3,
    0x73CF, 0x94D3, 0x9D14, 0x9D14, 0x94D3, 0x94D3, 0x94D3, 0x94D3, 0x94B3, 0x94B3, 0x94B3, 0x94D3, 0x9CF4, 0x9D14, 0x9CF4, 0x9CF4,
    0x9CF3, 0x94B3, 0x94B3, 0x94B3, 0x8C72, 0x8C72, 0x8C92, 0x8C72, 0x8C72, 0x8430, 0x6B8E, 0x6B6E, 0x634D, 0x634D, 0x634D, 0x632D,
    0x5AEC, 0x4A6A, 0x4249, 0x4A8A, 0x52CB, 0x6B6D, 0x632D, 0x5AEC, 0x5AEC, 0x52CB, 0x52CB, 0x5B0C, 0x6B6E, 0x7BEF, 0x7C10, 0x7BF0,
    0x7BF0, 0x7BF0, 0x73CF, 0x7C10, 0x7C10, 0x7C10, 0x8431, 0x8431, 0x8431, 0x8431, 0x8451, 0x8451, 0x8451, 0x8451, 0x8C71, 0x8C71,
    0x8C71, 0x8C72, 0x8C92, 0x8C92, 0x8C92, 0x94B3, 0x94D3, 0x94D3, 0x94D3, 0x94D3, 0x94D3, 0xA535, 0x9CF4, 0x94D3, 0x94B3, 0x9CF3,
    0x94D3, 0x94B3, 0x8C92, 0x8C72, 0x8C92, 0x8C92, 0x8C92, 0x94B2, 0x94B3, 0x94D3, 0x8C92, 0x8C92, 0x8451, 0x7BF0, 0x8451, 0x8451,
    0x8451, 0x8451, 0x8C72, 0x8431, 0x7BEF, 0x73CF, 0x73CF, 0x73CF, 0x73CF, 0x73CF, 0x73CF, 0x7BEF, 0x73CF, 0x7BCF, 0x630C, 0x7BCF,
    0xFFBF, 0xBDD7, 0x6B6E, 0xEF5D, 0xD6BB, 0x73AE, 0xEF5D, 0xCE59, 0xBDF8, 0xD6BA, 0xC659, 0xCE59, 0xCE79, 0xBDD7, 0xCE59, 0xBDF7,
    0xCE59, 0xD69A, 0xBDD7, 0xCE79, 0x9492, 0xF7BF, 0xAD55, 0x9CD3, 0xF7BE, 0x8431, 0x8C72, 0xFFDF, 0x94B2, 0x7BEF, 0xF7BE, 0xB596,
    0x9492, 0xA535, 0x0882, 0x31C7, 0x2965, 0x0882, 0x0882, 0x0020, 0x0020, 0x0020, 0x0021, 0x0041, 0x0041, 0x0041, 0x0041, 0x0861,
    0x0881, 0x10A2, 0x10A2, 0x10A2, 0x10A2, 0x0882, 0x10A2, 0x10A2, 0x10A2, 0x10A2, 0x10C2, 0x10C3, 0x10C3, 0x10C3, 0x18E3, 0x18E4,
    0x1904, 0x10A2, 0x836C, 0xCD51, 0xC510, 0xC510, 0xCD10, 0xC4EF, 0xC4AF, 0xC4AE, 0xC4CF, 0xCCEF, 0xCCEF, 0xCD0F, 0xD510, 0xD530,
    0xCD10, 0xCD10, 0xD510, 0xD530, 0xD551, 0xD551, 0xD551, 0xD551, 0xD551, 0xD551, 0xD551, 0xD551, 0xD551, 0xD551, 0xDD71, 0xCCEF,
    0x8471, 0x8C92, 0x8CB2, 0x8CB2, 0x8CB2, 0x94D3, 0x9CF3, 0x94D3, 0x94F3, 0x94F4, 0x94D3, 0x94D3, 0x9CF4, 0x94D3, 0x94B3, 0x94D3,
    0x94D3, 0x9CF4, 0x94D3, 0x94F3, 0x94D3, 0x94F3, 0x9D14, 0xA535, 0x9D14, 0x9D14, 0x94D3, 0x94D3, 0xA534, 0xA534, 0xA534, 0x94B2,
    0x73CF, 0x9CF4, 0x9CF4, 0x94D3, 0x94D3, 0x94D3, 0x94D3, 0x94D3, 0x94D3, 0x94B3, 0x94B2, 0x94D3, 0x9D14, 0x9D14, 0x9D14, 0x9D14,
    0x9CF3, 0x9CF3, 0x94B3, 0x94B3, 0x8C92, 0x8C72, 0x8C72, 0x8C72, 0x8C92, 0x8C92, 0x8C71, 0x73AF, 0x634D, 0x634D, 0x634D, 0x632D,
    0x5B0C, 0x5AEB, 0x4249, 0x4A8A, 0x52AB, 0x5B0C, 0x5AEC, 0x5AEC, 0x52CB, 0x4249, 0x52AB, 0x7BF0, 0x8431, 0x8C71, 0x8451, 0x8431,
    0x8451, 0x8451, 0x8431, 0x8431, 0x8451, 0x8451, 0x8C72, 0x8451, 0x8C71, 0x8C72, 0x8C92, 0x8C92, 0x8C92, 0x8C92, 0x94B2, 0x94B3,
    0x94B2, 0x94D3, 0x94D3, 0x94D3, 0x94D3, 0x9CF4, 0x9CF4, 0x94D3, 0x9CF3, 0x94B3, 0x94D3, 0x94D3, 0x94D3, 0x9CF3, 0x94D3, 0x9CF4,
    0x94D3, 0x8C92, 0x8C92, 0x8C72, 0x94B3, 0x94B3, 0x94B3, 0x94B2, 0x8C92, 0x8C72, 0x8C92, 0x8C92, 0x8C72, 0x8C72, 0x8C72, 0x94B3,
    0x8C72, 0x8C71, 0x8451, 0x8C72, 0x8C72, 0x73CF, 0x73AF, 0x73AF, 0x73CF, 0x73CF, 0x73CF, 0x73CF, 0x73CF, 0x73CF, 0x73AF, 0x632D,
    0xA515, 0xFFBF, 0x7BD0, 0x8C51, 0xFFFF, 0xA555, 0x7C10, 0xFFFF, 0xAD55, 0xCE9A, 0xE73C, 0xC618, 0xCE79, 0xCE79, 0xBDF8, 0xCE59,
    0xB5B7, 0xCE79, 0xC618, 0xCE59, 0xC618, 0x94B2, 0xF7BF, 0x9492, 0xAD76, 0xF7BF, 0x7BCF, 0x9CD3, 0xFFDF, 0x8C72, 0x8C51, 0xFFDF,
    0xA514, 0xA514, 0x8431, 0x18E3, 0x31C7, 0x18E3, 0x10A2, 0x0041, 0x0020, 0x0020, 0x0020, 0x0041, 0x0041, 0x0041, 0x0041, 0x0041,
    0x0861, 0x0882, 0x10A2, 0x10C3, 0x10C3, 0x0881, 0x10A2, 0x10A2, 0x10A2, 0x10A2, 0x10C2, 0x10C2, 0x10A2, 0x10C3, 0x10C3, 0x18E3,
    0x18E4, 0x18C3, 0x9C0E, 0xCD51, 0xC510, 0xCD10, 0xCD10, 0xC4EF, 0xC4CF, 0xC4AF, 0xC4CF, 0xCCEF, 0xCCEF, 0xCCEF, 0xCD10, 0xD510,
    0xCD10, 0xCD10, 0xCD10, 0xD510, 0xD530, 0xD530, 0xD531, 0xD551, 0xD551, 0xD551, 0xD551, 0xD551, 0xDD51, 0xDD51, 0xDD92, 0xC510,
    0x8451, 0x8C92, 0x8CB2, 0x8CB2, 0x94B2, 0x94F3, 0x9D14, 0x94F3, 0x9CF4, 0x94D3, 0x94F3, 0x94D3, 0x9CF4, 0x9CF4, 0x94D3, 0x94D3,
    0x94D3, 0x9CF4, 0x9CF4, 0x94F3, 0x94F3, 0x9CF4, 0x9D14, 0x9D14, 0xA535, 0x9CF4, 0x9CF4, 0x9D14, 0x9D34, 0x9D14, 0x9D14, 0x8451,
    0x7C10, 0x9CF4, 0x94D3, 0x94D3, 0x94D3, 0x94D3, 0x94D3, 0x94D3, 0x94D3, 0x94B3, 0x94B3, 0x94B3, 0x9CF4, 0x9D14, 0x9D14, 0x9D14,
    0x9CF3, 0x9CF4, 0x9CF3, 0x9CF4, 0x94D3, 0x94B3, 0x8C92, 0x8C92, 0x8C71, 0x8C72, 0x8C92, 0x8451, 0x7BF0, 0x6B8E, 0x634D, 0x634D,
    0x632D, 0x632D, 0x4A8A, 0x4249, 0x52AB, 0x6B6E, 0x73AF, 0x6B6E, 0x73AF, 0x73AE, 0x73AF, 0x94D3, 0x8C92, 0x8C72, 0x8451, 0x8451,
    0x8C71, 0x8C92, 0x8C92, 0x8C92, 0x8C72, 0x8C92, 0x8C92, 0x8C92, 0x94B3, 0x94B3, 0x9CF3, 0x9CF4, 0x9CF3, 0x94D3, 0x9CF4, 0x9CF4,
    0x9CF3, 0x9CF4, 0x9CF4, 0x9D14, 0x9D14, 0x94D3, 0x94D3, 0x94D3, 0x94B3, 0x94D3, 0x9CF3, 0x94D3, 0x94D3, 0x9CF4, 0x94D3, 0x94D3,
    0x94B3, 0x94B3, 0x94B3, 0x8C92, 0x94B3, 0x94B3, 0x94B3, 0x8C72, 0x8C92, 0x8451, 0x8C72, 0x8C72, 0x8C72, 0x8C72, 0x8451, 0x8431,
    0x8451, 0x8451, 0x8451, 0x7C10, 0x8431, 0x8431, 0x7BF0, 0x73CF, 0x73CF, 0x73CF, 0x73CF, 0x73CF, 0x73CF, 0x73CF, 0x73CF, 0x73CF,
    0x632D, 0xCE7A, 0xDEDB, 0x5AAB, 0xB596, 0xFFFF, 0x7BF0, 0xA555, 0xFFDF, 0x94B3, 0xE71C, 0xDEDB, 0xC618, 0xCE59, 0xCE59, 0xBDF8,
    0xCE79, 0xBDF8, 0xBDF7, 0xB596, 0xD6BA, 0xB596, 0x9CF4, 0xEF5D, 0x73AF, 0xC639, 0xF79E, 0x738E, 0xAD55, 0xFFDF, 0x8431, 0x9492,
    0xF7BF, 0x9CD3, 0xBDD7, 0x8431, 0x2124, 0x2966, 0x10A3, 0x0862, 0x0000, 0x0020, 0x0020, 0x0021, 0x0041, 0x0041, 0x0041, 0x0041,
    0x0041, 0x0861, 0x0882, 0x10C2, 0x10C3, 0x0882, 0x0882, 0x10A2, 0x10A2, 0x10A2, 0x10A2, 0x10C2, 0x10C2, 0x10C2, 0x10C3, 0x18E3,
    0x18C3, 0x2924, 0xB4B0, 0xCD31, 0xC510, 0xCD10, 0xCD10, 0xC4F0, 0xC4CF, 0xC4CF, 0xCCEF, 0xCCEF, 0xCCEF, 0xCCEF, 0xCD0F, 0xCD10,
    0xCD10, 0xCD10, 0xCD10, 0xCD10, 0xD510, 0xD530, 0xD530, 0xD531, 0xD551, 0xD551, 0xD551, 0xD551, 0xDD51, 0xDD71, 0xDD92, 0xC50F,
    0x8471, 0x8C92, 0x8CB2, 0x8CB2, 0x94B2, 0x9CF3, 0x94F3, 0x94D3, 0x9CF4, 0x94F3, 0x94D3, 0x94D3, 0x94D3, 0x94D3, 0x94D3, 0x94D3,
    0x94D3, 0x94D3, 0x94F3, 0x9CF4, 0x94F3, 0x94D3, 0x9CF4, 0x9CF4, 0x9CF4, 0x94F3, 0x9CF4, 0x9D14, 0x9D14, 0x9D14, 0xA535, 0x8431,
    0x8451, 0xA535, 0x9CF4, 0x94D3, 0x94D3, 0x94B3, 0x94D3, 0x94D3, 0x94B3, 0x94D3, 0x94B3, 0x8C92, 0x94B3, 0x9CF4, 0x9CF4, 0x9CF4,
    0x9D14, 0x9CF4, 0x9CF4, 0x9CF4, 0x9CF4, 0x94D3, 0x94D3, 0x94B2, 0x8C92, 0x8C72, 0x8C92, 0x8C92, 0x8C72, 0x8431, 0x73AF, 0x6B6D,
    0x6B6D, 0x634D, 0x5B0C, 0x4249, 0x4A8A, 0x632D, 0x6B8E, 0x73CF, 0x8431, 0x8451, 0x8431, 0x8431, 0x8451, 0x8451, 0x8431, 0x8431,
    0x94B2, 0x94D3, 0x94B3, 0x94D3, 0x94D3, 0x94D3, 0x94D3, 0x94D3, 0x94B3, 0x94D3, 0x9CF4, 0x9CF4, 0x94D3, 0x9CF4, 0x9CF4, 0x9CF4,
    0x9CF4, 0x9CF4, 0x9CF4, 0x9CF4, 0x9CF4, 0x9CF4, 0x9CF4, 0x94D3, 0x94B3, 0x8C92, 0x94B3, 0x94D3, 0x9CF3, 0x9CF4, 0x94B3, 0x94D3,
    0x94B3, 0x94B2, 0x8C92, 0x8C92, 0x8C92, 0x94B3, 0x8C92, 0x8C92, 0x94B3, 0x94B3, 0x94B3, 0x8C92, 0x8C72, 0x8C92, 0x94B3, 0x8C92,
    0x8C71, 0x8451, 0x8C72, 0x8451, 0x7C10, 0x73CF, 0x7BF0, 0x73CF, 0x6B8E, 0x73AF, 0x73CF, 0x73CF, 0x73CF, 0x73CF, 0x73CF, 0x73CF,
    0x6B6E, 0x73AF, 0xEF9E, 0xAD35, 0x4A8A, 0xDEFC, 0xCE9A, 0x632D, 0xDEFB, 0xD6DB, 0x9CF4, 0xE73D, 0xCE7A, 0xC618, 0xC618, 0xC618,
    0xBDD7, 0xD69A, 0xD6BA, 0xBDD7, 0x9CF4, 0xE71C, 0xAD76, 0xB5B6, 0xD6BA, 0x6B4D, 0xD69A, 0xE73C, 0x6B4D, 0xB596, 0xF7BE, 0x7BEF,
    0x9CF4, 0xF79E, 0x8C72, 0xCE79, 0x8410, 0x2145, 0x2124, 0x0882, 0x0020, 0x0020, 0x0020, 0x0020, 0x0020, 0x0041, 0x0041, 0x0041,
    0x0041, 0x0041, 0x0861, 0x0882, 0x10A2, 0x10C2, 0x10A2, 0x0881, 0x10A2, 0x10A2, 0x10A2, 0x10C2, 0x10C3, 0x10C3, 0x10C3, 0x18E3,
    0x18C3, 0x41C6, 0xC511, 0xCD10, 0xCD10, 0xCD10, 0xCD10, 0xCCF0, 0xC4CF, 0xC4CF, 0xCCEF, 0xCCEF, 0xCCEF, 0xCCEF, 0xCD0F, 0xCD10,
    0xCD10, 0xCD10, 0xCD10, 0xCD10, 0xD510, 0xD510, 0xD530, 0xD530, 0xD551, 0xD551, 0xD551, 0xD551, 0xD551, 0xDD51, 0xDD91, 0xC50F,
    0x8C71, 0x8C92, 0x8C92, 0x8C92, 0x94B2, 0x9CF3, 0x9D14, 0x94F3, 0x9CF4, 0x9CF4, 0x94D3, 0x94F3, 0x9CF4, 0x9CF4, 0x94F3, 0x94D3,
    0x94D3, 0x94D3, 0x94D3, 0x94D3, 0x94D3, 0x94F3, 0x9CF4, 0x9CF4, 0x9CF4, 0x9D14, 0x94D3, 0x9CF4, 0x9D14, 0x9D14, 0x9D14, 0x7C10,
    0x8C92, 0x9D14, 0x9CF4, 0x94D3, 0x94B3, 0x94B3, 0x94D3, 0x94D3, 0x94B3, 0x94D3, 0x94D3, 0x94B3, 0x94B2, 0x9CF4, 0x9CF4, 0x9CF4,
    0x9D14, 0x9CF4, 0x9CF4, 0x9CF4, 0x9CF4, 0x9CF4, 0x9CF4, 0x94D3, 0x94B3, 0x94B2, 0x8C92, 0x8C72, 0x8C72, 0x8C92, 0x8C92, 0x8431,
    0x6B8E, 0x634D, 0x632D, 0x4A8A, 0x52CB, 0x632D, 0x8451, 0x8C92, 0x94B2, 0x8C72, 0x8451, 0x7C10, 0x8C72, 0x8451, 0x8431, 0x94B3,
    0x9D14, 0x9CF4, 0x94D3, 0x94D3, 0x9CF4, 0x9CF4, 0x9CF3, 0x9CF4, 0x94D3, 0x94B2, 0x8C72, 0x94B3, 0x94D3, 0x94D3, 0x9CF4, 0x94D3,
    0x9CF4, 0x9D14, 0x9D14, 0x94D3, 0x9CF3, 0x9CF4, 0x94D3, 0x94D3, 0x94B3, 0x8C92, 0x94B3, 0x9CF4, 0x9CF4, 0x9CF4, 0x94D3, 0x8C92,
    0x8C92, 0x8C92, 0x94B3, 0x9CF3, 0x9CF4, 0x94D3, 0x94D3, 0x94D3, 0x94B3, 0x94D3, 0x94B3, 0x94B3, 0x94B3, 0x94D3, 0x9CF3, 0x9CF4,
    0x94D3, 0x94D3, 0x94D3, 0x9CF3, 0x9CF3, 0x94D3, 0x8C72, 0x8451, 0x7C10, 0x73AF, 0x6B8E, 0x73AF, 0x73AF, 0x73CF, 0x73CF, 0x73CF,
    0x7BCF, 0x632D, 0x9CF4, 0xF7BF, 0x6B6E, 0x634D, 0xEFBE, 0x94F3, 0x6B8E, 0xFFDF, 0xAD76, 0xB576, 0xDEFC, 0xCE5A, 0xC618, 0xC618,
    0xC618, 0xAD76, 0xC618, 0xD69A, 0xD69A, 0xA534, 0xEF7D, 0xA514, 0xDEDB, 0xC639, 0x630C, 0xDEDB, 0xDEFC, 0x632C, 0xBDF8, 0xEF7D,
    0x6B6E, 0xB596, 0xE71C, 0x8C51, 0xDEDB, 0x6B6E, 0x2145, 0x1904, 0x0020, 0x0020, 0x0020, 0x0020, 0x0020, 0x0021, 0x0841, 0x0841,
    0x0041, 0x0041, 0x0861, 0x0882, 0x10A2, 0x10C3, 0x10C3, 0x0882, 0x0882, 0x10A2, 0x10A3, 0x10A3, 0x10C3, 0x10C3, 0x10E3, 0x18E3,
    0x10A3, 0x6288, 0xCD52, 0xCD11, 0xCD11, 0xCD10, 0xCD10, 0xCCF0, 0xC4CF, 0xC4CF, 0xC4EF, 0xCCEF, 0xCCEF, 0xCCEF, 0xCD0F, 0xCD10,
    0xCD10, 0xD510, 0xCD10, 0xCD10, 0xD510, 0xD510, 0xD510, 0xD530, 0xD551, 0xD531, 0xD530, 0xD551, 0xD551, 0xD551, 0xD571, 0xC50F,
    0x8C71, 0x8C92, 0x8C92, 0x8C92, 0x94B2, 0x9CF3, 0x94F3, 0x94D3, 0x94D3, 0x94D3, 0x94F3, 0x94D3, 0x9CF4, 0x9CF4, 0x94F3, 0x94F3,
    0x94F3, 0x94D3, 0x94D3, 0x94F3, 0x94F3, 0x94F3, 0x94D3, 0x94D3, 0x94F3, 0x9D14, 0x94D3, 0x9CF4, 0x9D14, 0x9CF4, 0x9D14, 0x7C10,
    0x8C92, 0x9CF4, 0x94D3, 0x94B3, 0x94D3, 0x94B3, 0x94B3, 0x94B3, 0x94D3, 0x9CF3, 0x9CF3, 0x9CF4, 0x9CF4, 0x9CF3, 0x9CF3, 0x9D14,
    0x9D14, 0x9D14, 0x9CF4, 0x9CF4, 0x9CF4, 0x9CF3, 0x9CF4, 0x9CF4, 0x9CF4, 0x94D3, 0x94B3, 0x8C92, 0x8C72, 0x8C92, 0x8C92, 0x8C92,
    0x8C72, 0x7BF0, 0x6B8E, 0x5AEC, 0x5B0C, 0x8431, 0x8C92, 0x9CF4, 0x9D14, 0x9CF4, 0x94D3, 0x94B2, 0x8451, 0x7BEF, 0x94B3, 0xA535,
    0x9CF3, 0x9CF4, 0x9CF3, 0x9CF4, 0x9CF4, 0x94D3, 0x9CF4, 0x9CF4, 0x9D14, 0x94D3, 0x94D3, 0x8C72, 0x8451, 0x8C72, 0x94B3, 0x9CF4,
    0x9D14, 0x9CF4, 0x9CF3, 0x9CF4, 0x9CF4, 0x9CF3, 0x94D3, 0x94D3, 0x9CF3, 0x94D3, 0x8C92, 0x8C92, 0x94D3, 0x94B3, 0x94B3, 0x94D3,
    0x9CF4, 0x9CF4, 0x94D3, 0x94B3, 0x94B3, 0x94D3, 0x94D3, 0x94D3, 0x94D3, 0x94B3, 0x94B3, 0x94B2, 0x8451, 0x8431, 0x73CF, 0x6B6E,
    0x5AEC, 0x5B0C, 0x634D, 0x632D, 0x632D, 0x634D, 0x6B6E, 0x73CF, 0x8431, 0x8C72, 0x8431, 0x73AF, 0x6B8E, 0x73AF, 0x73AF, 0x73AF,
    0x73AF, 0x73AF, 0x634D, 0xC659, 0xDEFB, 0x4249, 0x9D14, 0xE73D, 0x632C, 0xA535, 0xFFDF, 0x8C51, 0xCE7A, 0xD6BB, 0xCE59, 0xBDF8,
    0xBDF7, 0xC638, 0xBDF8, 0xB596, 0xC638, 0xD69A, 0xA534, 0xD69A, 0x9492, 0xF79E, 0xB5B7, 0x632C, 0xE71C, 0xD69A, 0x632D, 0xD69A,
    0xDEFC, 0x6B6D, 0xCE59, 0xD69A, 0x9CD3, 0xD6BB, 0x52AB, 0x2125, 0x1082, 0x0000, 0x0020, 0x0020, 0x0020, 0x0021, 0x0021, 0x0841,
    0x0041, 0x0041, 0x0041, 0x0861, 0x0882, 0x10A2, 0x10C3, 0x18E3, 0x10C3, 0x0882, 0x0882, 0x10C3, 0x10C3, 0x10A2, 0x10C3, 0x2104,
    0x18C3, 0x730A, 0xCD72, 0xCD11, 0xCD11, 0xCD10, 0xCD10, 0xCCF0, 0xC4CF, 0xC4CF, 0xC4CF, 0xCCEF, 0xCCEF, 0xCCEF, 0xCD0F, 0xCD0F,
    0xCD0F, 0xCD10, 0xCD10, 0xD510, 0xD530, 0xD510, 0xCD10, 0xD530, 0xD531, 0xD530, 0xD530, 0xD531, 0xD551, 0xD551, 0xD551, 0xC4EF,
    0x8471, 0x8C92, 0x8C92, 0x8C92, 0x94D3, 0x9CF3, 0x94F3, 0x94D3, 0x9CF4, 0x94D3, 0x9CF4, 0x9CF4, 0x94D3, 0x94F3, 0x94F3, 0x94F3,
    0x94D3, 0x94F3, 0x94F3, 0x94F3, 0x9CF4, 0x94F3, 0x94F3, 0x9CF4, 0x94F3, 0x9D14, 0x94D3, 0x9D14, 0x9D34, 0xA535, 0x9D14, 0x7BF0,
    0x9CF3, 0x94D3, 0x94D3, 0x94D3, 0x94D3, 0x9CF3, 0x94D3, 0x9CF3, 0x9CF3, 0x94D3, 0x94D3, 0x9CF4, 0x9CF3, 0x9CF4, 0x9CF4, 0x9D14,
    0x9D14, 0x9D14, 0x9D14, 0x9D14, 0x9CF4, 0x9D14, 0x9D14, 0x9D14, 0x9D14, 0x9CF3, 0x94D3, 0x94B2, 0x8C72, 0x8C92, 0x8C92, 0x8C92,
    0x8C92, 0x8C92, 0x8C92, 0x8451, 0x4A8A, 0x73AF, 0x73CF, 0x94D3, 0x9CF4, 0x8C92, 0x8431, 0x73CF, 0x73AE, 0x8C92, 0x9CF4, 0x9CF4,
    0x94D3, 0x94D3, 0x9CF3, 0x9CF4, 0x9D14, 0x9D14, 0x9D14, 0x9CF4, 0x9D14, 0x9CF4, 0x9CF4, 0x8C92, 0x8451, 0x8C72, 0x94D3, 0x9D14,
    0x9D14, 0x9CF4, 0x9CF3, 0x9CF3, 0x94D3, 0x94D3, 0x9CF3, 0x9D14, 0x9D14, 0x9D14, 0x9CF4, 0x94B3, 0x8C72, 0x8C72, 0x94B3, 0x9CF3,
    0x9CF4, 0x9CF4, 0x9D14, 0x9CF4, 0x9CF4, 0x94B3, 0x94B3, 0x8451, 0x6B8E, 0x634D, 0x5AEC, 0x4A8A, 0x4A8A, 0x4A8A, 0x4229, 0x4249,
    0x4249, 0x5AEC, 0x5AEC, 0x5AEB, 0x5AEC, 0x52CB, 0x4A8A, 0x4A6A, 0x4229, 0x4A6A, 0x5B0C, 0x73CF, 0x7C10, 0x73CF, 0x6B8E, 0x6B8E,
    0x738E, 0x73AF, 0x738E, 0x738E, 0xDEFC, 0xAD96, 0x4249, 0xD6BB, 0xB5B7, 0x52AB, 0xDEDB, 0xDEFC, 0x83F0, 0xEF3D, 0xCE59, 0xBDF8,
    0xBDD7, 0xBDD7, 0xC618, 0xCE59, 0xB5B6, 0xB5B6, 0xBDD7, 0xB5B6, 0xBDD7, 0x8410, 0xF7BE, 0xA534, 0x632D, 0xEF7D, 0xC618, 0x6B4D,
    0xDEFC, 0xD6BA, 0x6B6D, 0xDEDB, 0xBDF7, 0xAD75, 0xCE79, 0x4A69, 0x18E3, 0x0020, 0x0020, 0x0020, 0x0020, 0x0021, 0x0021, 0x0041,
    0x0041, 0x0041, 0x0041, 0x0041, 0x0861, 0x0861, 0x0882, 0x10A2, 0x10C3, 0x18E3, 0x10A2, 0x0882, 0x10A2, 0x10C3, 0x18C3, 0x18E3,
    0x1081, 0x8B8C, 0xCD52, 0xC510, 0xCD11, 0xCD10, 0xCD10, 0xCCF0, 0xC4CF, 0xC4CF, 0xCCEF, 0xCCF0, 0xCD0F, 0xCD0F, 0xCD0F, 0xCCEF,
    0xCCEF, 0xCCEF, 0xCD0F, 0xCD10, 0xCD10, 0xCD10, 0xCD10, 0xD510, 0xD530, 0xD530, 0xD530, 0xD530, 0xD530, 0xD551, 0xD551, 0xC4EF,
    0x8C71, 0x8C92, 0x8C92, 0x8CB2, 0x94F3, 0x94D3, 0x94D3, 0x94F3, 0x9CF4, 0x9CF4, 0x94D3, 0x94F3, 0x94F3, 0x94D3, 0x94D3, 0x94D3,
    0x94D3, 0x94F3, 0x94F3, 0x94F3, 0x94F3, 0x94F3, 0x94D3, 0x9CF4, 0x9D14, 0x94D3, 0x9CF4, 0xA535, 0xA535, 0xAD75, 0x94B3, 0x7C10,
    0xA535, 0x9CF4, 0x9CF4, 0x9D14, 0x9D14, 0x9CF4, 0x9CF4, 0x9D14, 0x9D14, 0x9CF4, 0x9CF4, 0x9CF4, 0x9CF4, 0x9D14, 0x9D14, 0x9D14,
    0xA535, 0xA535, 0xA534, 0xA535, 0x9D14, 0xA535, 0xA535, 0xA534, 0xA535, 0x9CF4, 0x9CF4, 0x94D3, 0x94B3, 0x94B3, 0x94B2, 0x8C92,
    0x8C92, 0x8C92, 0x8C72, 0x94B2, 0x73CF, 0x4A6A, 0x7BF0, 0x8430, 0x94D3, 0x8431, 0x7C10, 0x7BF0, 0x7BF0, 0x8C72, 0x94D3, 0x9CF4,
    0x94D3, 0x9CF4, 0x9D14, 0x9CF4, 0x9CF3, 0x9CF4, 0x9D14, 0x9D14, 0x9D14, 0x9D14, 0x9CF4, 0x8C72, 0x8451, 0x94D3, 0xA534, 0x9CF4,
    0x9CF3, 0x94D3, 0x94D3, 0x94D3, 0x9CF4, 0x9D14, 0xA535, 0xA534, 0x9D14, 0x9D14, 0x9D14, 0x9D14, 0x9CF4, 0x94D3, 0x94B3, 0x9CF3,
    0x9CF4, 0x8C92, 0x8451, 0x7BF0, 0x634D, 0x52CB, 0x52CB, 0x52AB, 0x52AB, 0x52CB, 0x52AB, 0x52AB, 0x632D, 0x5AEC, 0x6B8E, 0x6B6D,
    0x7BEF, 0x6B8E, 0x8451, 0x73CF, 0x8C72, 0x8C72, 0x94D3, 0x8C92, 0x7C10, 0x7BF0, 0x632C, 0x52AB, 0x52CB, 0x6B6D, 0x6B6E, 0x6B8E,
    0x738E, 0x738E, 0x7BCF, 0x6B6E, 0x73CF, 0xE75D, 0x73AF, 0x73AF, 0xEF7E, 0x8C51, 0x738E, 0xFFDF, 0xB596, 0x9492, 0xF77E, 0xAD76,
    0xBDF7, 0xC618, 0xB596, 0xC618, 0xDEFB, 0xDEDB, 0xBDD7, 0xC618, 0xDEFB, 0xAD55, 0x8431, 0xF79E, 0x94B2, 0x73AE, 0xF7BE, 0xB596,
    0x6B6D, 0xE73C, 0xC618, 0x738E, 0xEF5D, 0xB596, 0xBDD7, 0xC618, 0x39E7, 0x1082, 0x0000, 0x0020, 0x0020, 0x0021, 0x0041, 0x0041,
    0x0041, 0x0041, 0x0041, 0x0041, 0x0041, 0x0041, 0x0041, 0x0041, 0x0862, 0x10C3, 0x1904, 0x18E3, 0x10A2, 0x0882, 0x0882, 0x18C3,
    0x18C2, 0xA40E, 0xCD31, 0xC510, 0xCD11, 0xCD10, 0xCD10, 0xCCF0, 0xC4CF, 0xC4CF, 0xCCEF, 0xCD10, 0xCD10, 0xCD0F, 0xCD0F, 0xCCEF,
    0xCCEF, 0xCCEF, 0xCCEF, 0xCCEF, 0xCD10, 0xCD10, 0xCD10, 0xCD10, 0xD510, 0xD530, 0xD530, 0xD530, 0xD530, 0xD551, 0xD551, 0xC4CF,
    0x8C71, 0x8CB2, 0x8CB2, 0x8CB2, 0x94F3, 0x94F3, 0x94F3, 0x94D3, 0x9CF4, 0x94D3, 0x94F3, 0x9CF4, 0x9CF4, 0x9CF4, 0x9CF4, 0x9CF4,
    0x94D3, 0x94D3, 0x94D3, 0x94F3, 0x9CF4, 0x9CF4, 0x9CF4, 0x9CF4, 0x9D14, 0x9CF4, 0x9D14, 0x9D14, 0x9CF4, 0xA535, 0x8C72, 0x8C92,
    0xA535, 0x9D14, 0xA535, 0xA535, 0xA535, 0x9D14, 0xA535, 0x9D14, 0xA535, 0xA535, 0xA535, 0x9D14, 0x9CF4, 0x9D14, 0xA534, 0xA534,
    0xA535, 0xA535, 0xA534, 0xA535, 0xA534, 0x9D14, 0xA534, 0xA534, 0xA535, 0x9D14, 0x9D14, 0x9CF4, 0x9CF4, 0x94D3, 0x94B2, 0x94B3,
    0x94B2, 0x94D3, 0x94B2, 0x8C92, 0x94B3, 0x632D, 0x52CB, 0x73CF, 0x8C72, 0x8C92, 0x8431, 0x8C71, 0x9D14, 0x94B3, 0x8C72, 0x94D3,
    0x9CF4, 0x9D14, 0x9D14, 0x9D14, 0x9CF4, 0x9CF4, 0x9CF3, 0x9CF4, 0x9CF4, 0x9CF4, 0x94B3, 0x8C72, 0x8C92, 0x9D14, 0x9CF3, 0x9CF3,
    0x9CF4, 0x9D14, 0x9D14, 0x9CF4, 0x9CF3, 0xA534, 0x9D14, 0x9D14, 0x9D14, 0xA535, 0xA535, 0x9CF4, 0x94B3, 0x7C10, 0x6B8E, 0x73AF,
    0x632C, 0x5AEC, 0x5B0C, 0x6B6E, 0x6B6D, 0x634D, 0x6B8E, 0x632D, 0x6B6D, 0x73CF, 0x634D, 0x94B2, 0x6B6E, 0x9D14, 0x8431, 0xAD76,
    0x94B3, 0xC618, 0x9CF4, 0xCE7A, 0xA534, 0xCE7A, 0xBE18, 0xBDF7, 0xC659, 0xBDF8, 0xCE79, 0xB5B7, 0x9D14, 0x94B2, 0x8451, 0x634D,
    0x632D, 0x738E, 0x7BCF, 0x73CF, 0x634D, 0x8451, 0xCE59, 0x5ACB, 0xAD55, 0xE71C, 0x5B0C, 0x9CF4, 0xFFFF, 0x8410, 0xBDD7, 0xE73D,
    0xB596, 0xBDF7, 0xCE79, 0xA514, 0xBDD7, 0xBDD7, 0xCE79, 0xC638, 0xC618, 0xE73C, 0x9CD3, 0x8C51, 0xEF7D, 0x7BF0, 0x7BF0, 0xFFDF,
    0xA534, 0x73AE, 0xF79E, 0xB596, 0x8410, 0xEF7E, 0xA514, 0xCE59, 0xA514, 0x2945, 0x0861, 0x0000, 0x0021, 0x0041, 0x0041, 0x0041,
    0x0041, 0x0041, 0x0041, 0x0041, 0x0041, 0x0041, 0x0041, 0x0861, 0x0882, 0x10C3, 0x1904, 0x2145, 0x2124, 0x10C3, 0x10A2, 0x18E3,
    0x20C2, 0xAC4F, 0xCD31, 0xC4F0, 0xCD10, 0xCD10, 0xCD10, 0xCCCF, 0xC4CF, 0xC4CF, 0xCCF0, 0xD510, 0xD530, 0xD510, 0xCD0F, 0xCCEF,
    0xCD0F, 0xCD0F, 0xCCEF, 0xCCEF, 0xCD10, 0xCD10, 0xD510, 0xCD10, 0xCD10, 0xD530, 0xD530, 0xD531, 0xD551, 0xD551, 0xD551, 0xC4EF,
    0x8CB2, 0x8C92, 0x8CB2, 0x94B2, 0x94F3, 0x94F3, 0x94D3, 0x94D3, 0x9CF4, 0x94D3, 0x9D14, 0x9CF4, 0x9CF4, 0x9CF4, 0x9CF4, 0x9CF4,
    0x94F3, 0x94D3, 0x94D3, 0x94F3, 0x94F3, 0x9CF4, 0x9CF4, 0x94F3, 0x94F3, 0x9D14, 0x94B3, 0x94F3, 0x94D3, 0x9CF4, 0x8431, 0x8C92,
    0x9D14, 0xA534, 0xA535, 0xA535, 0xA535, 0xA535, 0xA555, 0xA555, 0xAD75, 0xAD76, 0xA555, 0xA555, 0xAD76, 0xA555, 0xA535, 0xA535,
    0xA535, 0xA534, 0xA535, 0xA535, 0xA535, 0xA534, 0xA534, 0xA535, 0xA534, 0x9D14, 0xA534, 0x9D14, 0x94D3, 0x9CF3, 0x9CF4, 0x94D3,
    0x94B3, 0x94D3, 0x9CF3, 0x94D3, 0x94B2, 0x94B2, 0x52AB, 0x6B6E, 0x8431, 0x9CF4, 0x8431, 0x9CF4, 0xA555, 0x9D14, 0x8C92, 0x8C72,
    0x9D14, 0x9D14, 0x9CF4, 0x9CF4, 0x94D3, 0x94D3, 0x94D3, 0x9CF3, 0x9CF4, 0x94D3, 0x94B3, 0x7C10, 0x8C92, 0x94D3, 0x94D3, 0xA535,
    0xA535, 0xA534, 0xA534, 0xA535, 0x9D14, 0x9D14, 0xA535, 0xA555, 0x9CF4, 0x8451, 0x6B8E, 0x6B8E, 0x6B8E, 0x5AEC, 0x632D, 0x73AE,
    0x73AF, 0x73CF, 0x73AF, 0x6B8E, 0x6B6D, 0x7C10, 0x632C, 0x94B3, 0x73CF, 0x94D3, 0xA514, 0x9D14, 0xBDF7, 0xA534, 0xBE18, 0xAD96,
    0xA555, 0xC639, 0x8431, 0xB5B7, 0x73AF, 0x9CF4, 0x8451, 0x8451, 0x9D14, 0x8C72, 0xB5D7, 0xBDF8, 0xC639, 0xDEFC, 0xC659, 0xC639,
    0x9492, 0x73AF, 0x738E, 0x7BCF, 0x73AF, 0x632D, 0x94B3, 0x9CF4, 0x52AB, 0xD6BB, 0xB5D7, 0x52AB, 0xD69A, 0xE6FC, 0x73AF, 0xE73D,
    0xCE59, 0xB596, 0xB5B6, 0xD6BA, 0xBDD7, 0xC638, 0xBDF8, 0xEF5D, 0xA535, 0xA514, 0xEF5D, 0x8C51, 0x9492, 0xEF5D, 0x73AE, 0x8431,
    0xF7BF, 0x9CF3, 0x8410, 0xF7BE, 0xA514, 0x9492, 0xEF7E, 0x94B2, 0xCE79, 0x8410, 0x18C3, 0x0841, 0x0020, 0x0041, 0x0041, 0x0041,
    0x0041, 0x0041, 0x0041, 0x0041, 0x0861, 0x0861, 0x0861, 0x0861, 0x0882, 0x10C3, 0x18E3, 0x18E4, 0x1904, 0x2145, 0x2165, 0x2124,
    0x28E3, 0xB44F, 0xCD10, 0xC4F0, 0xCCF0, 0xCCF0, 0xCCF0, 0xC4CF, 0xC4AF, 0xC4CF, 0xCCEF, 0xD530, 0xD550, 0xD530, 0xD530, 0xCD10,
    0xCD10, 0xCD10, 0xCD10, 0xCD10, 0xCD10, 0xCD10, 0xD510, 0xD510, 0xCD10, 0xD530, 0xD551, 0xD551, 0xD551, 0xD551, 0xD571, 0xC4EF,
    0x8CB2, 0x8CB2, 0x8C92, 0x94D3, 0x94F3, 0x94D3, 0x94F3, 0x9CF4, 0x9CF4, 0x94F3, 0x9CF4, 0x9CF4, 0x9CF4, 0x9CF4, 0x94D3, 0x9CF4,
    0x94F3, 0x94F3, 0x94F3, 0x94D3, 0x94B3, 0x94B3, 0x8CB2, 0x94B3, 0x8C92, 0x8C92, 0x8C92, 0x94B3, 0x94B3, 0x94D3, 0x7BF0, 0x8431,
    0x8C92, 0x8C72, 0x8C72, 0x8C72, 0x8C92, 0x8C92, 0x8C92, 0x8C92, 0x94D3, 0x9CF4, 0x9CF4, 0x9D14, 0xA535, 0xA535, 0xA535, 0xA535,
    0xA555, 0xA555, 0xA535, 0xA535, 0xA535, 0xA535, 0xA535, 0xA535, 0xA534, 0xA534, 0x9D14, 0x9D14, 0x9CF4, 0x9CF4, 0x9CF4, 0x9CF4,
    0x9CF3, 0x94B3, 0x94D3, 0x9CF3, 0x94D3, 0x9CF4, 0x8430, 0x632D, 0x7BF0, 0x8451, 0x8C92, 0xA555, 0x9D14, 0x9D14, 0xA535, 0x94B3,
    0x8C72, 0x9D14, 0x9D14, 0x9CF4, 0x94D3, 0x94D3, 0x9CF3, 0x94B3, 0x9CF3, 0x9CF4, 0x9CF4, 0x8C92, 0x8C72, 0x9D14, 0xA555, 0xA535,
    0xA555, 0xA555, 0xAD75, 0xA535, 0x9CF4, 0x8451, 0x73AF, 0x73AF, 0x73AE, 0x632D, 0x6B6E, 0x73CF, 0x7C10, 0x7BF0, 0x7C10, 0x6B8E,
    0x73AF, 0x7C10, 0x634D, 0x9D14, 0x73CF, 0x8C72, 0xB5B7, 0x8430, 0xDEFC, 0x8430, 0xDF1B, 0x73CF, 0xAD95, 0x634C, 0x73AE, 0x4A6A,
    0x39E8, 0x31C7, 0x18E3, 0x2124, 0x10C3, 0x1904, 0x18E4, 0x1904, 0x2145, 0x2986, 0x31C7, 0x52AB, 0x634D, 0x8431, 0xB5B6, 0xBDF8,
    0xDF1C, 0xC618, 0x9CF4, 0x738E, 0x73AF, 0x73CF, 0x632D, 0x9CF4, 0x6B8E, 0x7BF0, 0xEF7E, 0x8431, 0x738E, 0xF7BF, 0xB597, 0x8431,
    0xFFDF, 0xB596, 0xB5B6, 0xB5B6, 0xD6BA, 0xD69A, 0xB596, 0xC638, 0xEF5D, 0xA514, 0xAD76, 0xF79E, 0x7BCF, 0x9492, 0xE71C, 0x6B6E,
    0x9492, 0xF7BF, 0x8C51, 0x8C71, 0xFFDF, 0x9492, 0x9CF4, 0xE73D, 0x8C51, 0xCE79, 0x5ACB, 0x1082, 0x0041, 0x0041, 0x0041, 0x0041,
    0x0041, 0x0041, 0x0041, 0x0041, 0x0041, 0x0041, 0x0041, 0x0861, 0x0882, 0x10A3, 0x10C3, 0x18E3, 0x18E3, 0x1904, 0x2145, 0x2965,
    0x3145, 0xB470, 0xC510, 0xC4F0, 0xC4F0, 0xC4F0, 0xC4D0, 0xC4CF, 0xC4CF, 0xC4CF, 0xCCF0, 0xD510, 0xD530, 0xD550, 0xD530, 0xD530,
    0xD510, 0xD510, 0xD510, 0xCD10, 0xCD10, 0xD530, 0xD530, 0xD530, 0xD530, 0xD530, 0xD551, 0xD551, 0xD551, 0xD551, 0xD571, 0xC4EF,
    0x8C71, 0x8C92, 0x8CB2, 0x94D3, 0x94F3, 0x94F3, 0x9CF3, 0x9CF4, 0x9CF4, 0x9CF4, 0x94F3, 0x9CF4, 0x94F3, 0x94D3, 0x94D3, 0x94D3,
    0x94D3, 0x94D3, 0x8C92, 0x8C92, 0x8C72, 0x8471, 0x8471, 0x8451, 0x8451, 0x8431, 0x8C72, 0x8C72, 0x8C72, 0x8C92, 0x6B8E, 0x6B8E,
    0x7C10, 0x7BF0, 0x7BF0, 0x7C10, 0x7C30, 0x8431, 0x8451, 0x8451, 0x8451, 0x8C72, 0x8C72, 0x94B3, 0x9CF3, 0x94D3, 0x9D14, 0x9D14,
    0xA534, 0xA534, 0xA534, 0xA534, 0x9D14, 0xA535, 0xA535, 0xA534, 0xA534, 0xA534, 0x9D14, 0x9D14, 0x9CF4, 0x94D3, 0x94D3, 0x9CF4,
    0x9CF4, 0x9CF4, 0x94D3, 0x94D3, 0x9CF3, 0x94D3, 0x9CF3, 0x73CF, 0x6B8E, 0x8430, 0x9D14, 0x9CF4, 0x9CF3, 0x9D14, 0x9D14, 0x9CF4,
    0x94B3, 0x8C92, 0x9D14, 0x9CF4, 0x8C92, 0x8C92, 0x94D3, 0x9CF4, 0xA555, 0xA535, 0x9D14, 0xA535, 0x9CF4, 0x94D3, 0xA535, 0xAD76,
    0xA535, 0x94B3, 0x73CF, 0x7C10, 0x73AF, 0x5B0C, 0x73AF, 0x73AF, 0x7BF0, 0x7BF0, 0x7C10, 0x7BF0, 0x7BEF, 0x7BF0, 0x6B8E, 0x94B3,
    0x73AE, 0x8C92, 0xA534, 0x73AE, 0xD6DB, 0x6B8E, 0xE75D, 0x5B0C, 0xB5B7, 0x4249, 0x6B6D, 0x18E3, 0x2965, 0x0881, 0x0882, 0x0040,
    0x0861, 0x0020, 0x0041, 0x0020, 0x0882, 0x10A2, 0x10A2, 0x10A2, 0x10C3, 0x10C3, 0x10C3, 0x10A3, 0x10C3, 0x18E4, 0x31C7, 0x634D,
    0x94B3, 0xCE7A, 0xD69A, 0xBE18, 0x73CF, 0x6B6E, 0x73AF, 0x6B4D, 0x8C92, 0x52AB, 0xB596, 0xDEFC, 0x630C, 0xA514, 0xFFDF, 0x8431,
    0xB5B6, 0xEF7D, 0xA514, 0xCE79, 0xAD75, 0xCE79, 0xE71B, 0xDEDA, 0xF79D, 0xEF5D, 0xA535, 0xBDD7, 0xEF7D, 0x6B4D, 0x9CD3, 0xE71C,
    0x632D, 0xA514, 0xF79E, 0x8410, 0xA514, 0xF7BE, 0x8430, 0xB596, 0xD6BA, 0x8430, 0xBDF8, 0x39E7, 0x10A2, 0x0021, 0x0021, 0x0021,
    0x0020, 0x0021, 0x0021, 0x0021, 0x0021, 0x0021, 0x0841, 0x0882, 0x10A2, 0x10A2, 0x10A3, 0x18C3, 0x18E4, 0x2104, 0x2104, 0x18E3,
    0x20C2, 0xAC70, 0xC511, 0xC4F0, 0xC4F0, 0xC4F0, 0xC4D0, 0xC4CF, 0xC4CF, 0xCCEF, 0xCD10, 0xD510, 0xD530, 0xD550, 0xD550, 0xD530,
    0xD530, 0xD530, 0xD530, 0xD530, 0xD530, 0xD530, 0xD530, 0xD530, 0xD530, 0xD550, 0xD550, 0xD551, 0xD551, 0xD551, 0xD571, 0xC4EF,
    0x8C92, 0x8CB2, 0x8CB2, 0x94D3, 0x94F3, 0x94F3, 0x9CF3, 0x9CF4, 0x9CF4, 0x94F3, 0x9CF4, 0x94D3, 0x94D3, 0x94D3, 0x8CB2, 0x8CB2,
    0x8C92, 0x8C92, 0x8C72, 0x8451, 0x8451, 0x7C30, 0x7C30, 0x7C10, 0x8431, 0x7C30, 0x73CF, 0x73CF, 0x73AF, 0x73CF, 0x6B6E, 0x636D,
    0x7C10, 0x8431, 0x8471, 0x8C72, 0x8C92, 0x8C92, 0x94B3, 0x94F3, 0x9D14, 0x9D14, 0x9D14, 0xA535, 0xA555, 0xA535, 0xA535, 0xA535,
    0xA535, 0xA534, 0xA535, 0x9D14, 0x9D14, 0x9D14, 0x9D14, 0xA535, 0xA534, 0x9D14, 0x9D14, 0x9D14, 0x9D14, 0xA534, 0x9CF4, 0x9CF4,
    0x9CF4, 0x9CF4, 0x9CF4, 0x9D14, 0x94D3, 0x94D3, 0x94D3, 0x94D3, 0x73CF, 0x73AF, 0x94B2, 0x9D14, 0x9D14, 0xA535, 0x9D14, 0x9D14,
    0x9D14, 0x9CF4, 0x9CF4, 0x94D3, 0x8C92, 0x94D3, 0xA555, 0xA535, 0xA555, 0xA535, 0x9D14, 0x9D14, 0x9D14, 0x94D3, 0x8430, 0x8C72,
    0x7BF0, 0x632C, 0x632C, 0x73AF, 0x8431, 0x8451, 0x8451, 0x7BF0, 0x73CF, 0x73AF, 0x73CF, 0x8C72, 0x6B8E, 0xA535, 0x8451, 0x7BF0,
    0xC659, 0x6B6E, 0xE73D, 0x6B6E, 0xC659, 0x4249, 0x6B8E, 0x18E4, 0x1904, 0x0882, 0x0861, 0x10A2, 0x0882, 0x18E3, 0x10A2, 0x10A2,
    0x10A2, 0x0882, 0x0882, 0x0861, 0x0041, 0x0882, 0x10C3, 0x10C3, 0x18E3, 0x18E3, 0x18E3, 0x18E4, 0x1904, 0x1904, 0x0882, 0x0882,
    0x2966, 0x630C, 0xA555, 0xC638, 0xDEFB, 0x8C51, 0x6B4D, 0x738E, 0x738E, 0x6B6E, 0x5AEC, 0xDF1C, 0xBDF8, 0x5ACB, 0xD69A, 0xE73D,
    0x73AF, 0xE73C, 0xC618, 0xB596, 0xF79E, 0xC617, 0xD6BA, 0xF79D, 0xE71B, 0xE73C, 0xE73C, 0x9CF3, 0xC618, 0xE73D, 0x5B0C, 0xB596,
    0xDEDB, 0x630C, 0xB596, 0xEF5D, 0x73AE, 0xAD76, 0xEF7E, 0x73AE, 0xB5B7, 0xBDD7, 0x8431, 0xB596, 0x2945, 0x10A3, 0x0020, 0x0041,
    0x0041, 0x0041, 0x0841, 0x0041, 0x0021, 0x0841, 0x1082, 0x10A3, 0x10A2, 0x1082, 0x1082, 0x10A3, 0x10A3, 0x10A3, 0x1082, 0x0882,
    0x18A2, 0xA42E, 0xC4F0, 0xC4F0, 0xC4F0, 0xC4F0, 0xC4D0, 0xC4CF, 0xC4CF, 0xCCEF, 0xCD10, 0xD530, 0xD530, 0xD551, 0xD550, 0xD550,
    0xD530, 0xD550, 0xD530, 0xD530, 0xD550, 0xD530, 0xD530, 0xD530, 0xD530, 0xD550, 0xD550, 0xD551, 0xD551, 0xD551, 0xDD71, 0xCD0F,
    0x8C92, 0x8CB2, 0x94B2, 0x94D3, 0x94F3, 0x94F3, 0x9CF3, 0x9CF4, 0x9CF4, 0x9CF4, 0x9CF4, 0x9CF4, 0x94F3, 0x94D3, 0x94B3, 0x94B3,
    0x8C92, 0x8C92, 0x8451, 0x8451, 0x8431, 0x8451, 0x8451, 0x8431, 0x7C10, 0x73CF, 0x6B8E, 0x6BAE, 0x73AF, 0x73EF, 0x7BF0, 0x73CF,
    0x8C92, 0x94B3, 0x94D3, 0x9CF4, 0x9CF4, 0x9D14, 0xA535, 0xA535, 0xA555, 0xA555, 0xA555, 0xA555, 0xA555, 0xA555, 0xA535, 0xA535,
    0x9D14, 0x9D14, 0x9D14, 0x9D14, 0x9D14, 0x9D14, 0x9D14, 0x9D14, 0xA534, 0x9D14, 0x9D14, 0x9CF4, 0x9CF4, 0x9D14, 0x9D14, 0x9CF4,
    0x9CF4, 0x9CF4, 0x9CF3, 0x9CF4, 0x9D14, 0x94D3, 0x94D3, 0x9CF3, 0x8C72, 0x5B0C, 0x73CF, 0xA535, 0xA535, 0xA535, 0xA535, 0xA535,
    0xA535, 0xA535, 0xA534, 0xA535, 0xA535, 0xA534, 0xA555, 0xA555, 0xA555, 0xA535, 0x94B3, 0x8C92, 0x8431, 0x5B0C, 0x5B0C, 0x73AF,
    0x7C10, 0x8431, 0x8431, 0x7C10, 0x7BEF, 0x7BF0, 0x7BEF, 0x8430, 0x73AF, 0xA534, 0x73AE, 0xA534, 0xA535, 0x73AE, 0xE73C, 0x73AF,
    0xDEFC, 0x5AEB, 0x94B3, 0x2986, 0x31A7, 0x10A3, 0x0862, 0x10C3, 0x10A3, 0x10C3, 0x18E3, 0x18E3, 0x18E3, 0x10C3, 0x10C3, 0x10A3,
    0x10A2, 0x0882, 0x0882, 0x0861, 0x0041, 0x0041, 0x0881, 0x10C3, 0x10C3, 0x10C3, 0x10C3, 0x18E3, 0x18E3, 0x18E4, 0x1904, 0x10C3,
    0x2125, 0x18C3, 0x2104, 0x8C51, 0xBDD7, 0xDEFC, 0x9CF4, 0x6B4D, 0x738E, 0x73AF, 0x5ACB, 0x8C51, 0xF7DF, 0x94B2, 0x6B8E, 0xF7DF,
    0xB5D7, 0x8431, 0xFFDF, 0x9CD3, 0xCE59, 0xDEDB, 0xD6BA, 0xEF7C, 0xDF1B, 0xE73C, 0xEF5D, 0xE71C, 0x9D14, 0xC638, 0xD6BA, 0x528A,
    0xC638, 0xCE79, 0x5AEB, 0xBDF8, 0xDEFC, 0x6B4D, 0xC618, 0xDEDB, 0x5AEB, 0xC618, 0xA514, 0x94B2, 0x9492, 0x18C3, 0x10A2, 0x0021,
    0x0861, 0x0841, 0x0841, 0x0021, 0x0841, 0x0862, 0x1082, 0x10A3, 0x10A2, 0x0862, 0x0862, 0x0862, 0x1082, 0x18C3, 0x1904, 0x2145,
    0x2124, 0x93AD, 0xC4F0, 0xBCD0, 0xC4F0, 0xC4F0, 0xC4D0, 0xC4CF, 0xC4CF, 0xCCF0, 0xCD10, 0xD530, 0xD530, 0xD530, 0xD530, 0xD550,
    0xD551, 0xDD51, 0xD551, 0xD550, 0xD550, 0xD550, 0xD550, 0xD550, 0xD550, 0xD550, 0xD550, 0xD550, 0xD551, 0xDD51, 0xDD91, 0xCD0F,
    0x8C92, 0x8CB2, 0x8CB2, 0x94D3, 0x94F3, 0x94F3, 0x9CF3, 0x9CF4, 0x9CF4, 0x9CF4, 0x9CF4, 0x94F3, 0x94D3, 0x9CF4, 0x9CF4, 0x94F3,
    0x94F3, 0x9CF4, 0x94D3, 0x8CB2, 0x8C92, 0x8C92, 0x8C92, 0x8C72, 0x8C72, 0x8451, 0x8C92, 0x94D3, 0x94F3, 0xA535, 0x8C72, 0x8451,
    0x94D3, 0x94F3, 0x9CF4, 0x9D14, 0x9D14, 0x9D34, 0xA535, 0xA535, 0xA535, 0xA535, 0xA555, 0xA535, 0xA535, 0xA555, 0xA535, 0x9D14,
    0x9CF4, 0x9CF4, 0x9CF4, 0x9D14, 0x9CF3, 0x9CF3, 0x9CF4, 0x9D14, 0x9CF4, 0x9D14, 0x9D14, 0x9CF4, 0x9CF4, 0x94D3, 0x9CF4, 0x9CF3,
    0x9CF3, 0x9CF4, 0x9CF3, 0x9CF4, 0x9CF4, 0x9CF4, 0x94D3, 0x9CF3, 0x94D3, 0x6B6E, 0x4249, 0x7C10, 0xA555, 0xA555, 0xA535, 0xA535,
    0xA555, 0xA555, 0xA555, 0xA555, 0xA555, 0x9D14, 0x94B3, 0x8451, 0x8C72, 0x6B6E, 0x5B0C, 0x6B6E, 0x7C10, 0x7C10, 0x8C72, 0x8451,
    0x7BF0, 0x7BF0, 0x7C10, 0x7C10, 0x7BEF, 0x94D3, 0x73AF, 0xA555, 0x8C92, 0x94B2, 0xCE7A, 0x6B8E, 0xE75D, 0x6B6E, 0xBE18, 0x4A6A,
    0x5B0C, 0x2966, 0x2125, 0x2145, 0x1904, 0x18E3, 0x1904, 0x10C3, 0x18E4, 0x10C3, 0x10C3, 0x10C3, 0x10C3, 0x10C3, 0x10C3, 0x10C3,
    0x10A2, 0x10A2, 0x10A2, 0x0882, 0x0861, 0x0861, 0x0041, 0x0882, 0x10C3, 0x18E3, 0x18E3, 0x18E3, 0x10C3, 0x10C3, 0x10C3, 0x10C3,
    0x18E4, 0x3186, 0x1082, 0x0862, 0x6B6E, 0xAD55, 0xDEFB, 0xA535, 0x6B4D, 0x738E, 0x738E, 0x5AEC, 0xBDD7, 0xF79E, 0x6B6E, 0x9CF4,
    0xFFFF, 0x8C51, 0xB597, 0xEF5D, 0x9491, 0xD69A, 0xC638, 0xEF5C, 0xE75C, 0xDF1B, 0xEF7D, 0xDEFB, 0xDF1C, 0x94B2, 0xD6DB, 0xB5B6,
    0x528A, 0xDEDB, 0xC618, 0x5AEC, 0xD69A, 0xD69A, 0x632D, 0xCE79, 0xB596, 0x52AB, 0xD69A, 0x8410, 0x9CF4, 0x6B6E, 0x18C3, 0x1082,
    0x0000, 0x0021, 0x0021, 0x0841, 0x0862, 0x0882, 0x0882, 0x10A2, 0x10A2, 0x10A2, 0x1082, 0x10C3, 0x2104, 0x2125, 0x2965, 0x2986,
    0x20E3, 0x834B, 0xC4F0, 0xBCD0, 0xC4F0, 0xC4F0, 0xCCF0, 0xCCF0, 0xCCF0, 0xCCF0, 0xD530, 0xD531, 0xD550, 0xD551, 0xD550, 0xD550,
    0xD551, 0xDD51, 0xD551, 0xD550, 0xD551, 0xD551, 0xD550, 0xD550, 0xD550, 0xD550, 0xDD71, 0xDD51, 0xDD71, 0xDD71, 0xDD91, 0xCD0F,
    0x8CB2, 0x8CB2, 0x94D3, 0x94F3, 0x94F3, 0x94F3, 0x94F3, 0x94F3, 0x9CF4, 0x94F3, 0x9CF4, 0x94D3, 0x94D3, 0x94D3, 0x94D3, 0x94D3,
    0x94F3, 0x9D14, 0x9D14, 0x9D14, 0x9D14, 0x9D14, 0x9CF4, 0x9CF4, 0x9CF4, 0x8C92, 0x9D14, 0xA535, 0x9D14, 0xA575, 0x7BF0, 0x8C92,
    0x9CF4, 0x9CF4, 0x9D14, 0x9D14, 0x9D34, 0xA535, 0x9D34, 0x9D34, 0xA535, 0xA555, 0xA555, 0xA535, 0x9D14, 0x9D14, 0x9CF4, 0x9CF3,
    0x94B3, 0x94B3, 0x8C92, 0x94B3, 0x94D3, 0x94D3, 0x94D3, 0x94D3, 0x9CF3, 0x9D14, 0x9CF4, 0x9CF4, 0x9CF4, 0x9CF4, 0x9CF4, 0x9CF4,
    0x9CF3, 0x94D3, 0x9CF4, 0x9CF4, 0x9CF3, 0x94D3, 0x94D3, 0x94D3, 0x94B3, 0x8431, 0x52CB, 0x4A8A, 0x8431, 0x9D14, 0x9D14, 0xA555,
    0xAD76, 0x9D14, 0x8C92, 0x8451, 0x8431, 0x6B6E, 0x4249, 0x634D, 0x7C10, 0x7BEF, 0x7BF0, 0x7BF0, 0x73CF, 0x7C10, 0x7C10, 0x7C10,
    0x7C10, 0x8C72, 0x7BF0, 0xAD76, 0x73CF, 0xA555, 0xA535, 0x7C10, 0xE73C, 0x634D, 0xE75D, 0x5AEC, 0x94B3, 0x2986, 0x31C7, 0x2145,
    0x10C3, 0x1904, 0x2124, 0x2125, 0x2145, 0x1904, 0x2966, 0x2145, 0x10A3, 0x18E3, 0x10C3, 0x10C3, 0x10C3, 0x10C3, 0x10C3, 0x10C3,
    0x10C2, 0x10A2, 0x10A2, 0x10A2, 0x0882, 0x0881, 0x0861, 0x0041, 0x0882, 0x10A2, 0x10C3, 0x18E3, 0x10C3, 0x10C3, 0x10C3, 0x10E3,
    0x10C3, 0x18E4, 0x2986, 0x1082, 0x0862, 0x5AEC, 0xA555, 0xDEDB, 0x94D3, 0x6B4D, 0x73AF, 0x6B6E, 0x6B6E, 0xE73D, 0xD6BB, 0x630C,
    0xCE7A, 0xE73D, 0x73AF, 0xE73C, 0xBDF7, 0xAD75, 0xB5B6, 0xB5B6, 0xF7BD, 0xDF1B, 0xF79E, 0xE71C, 0xAD55, 0xDEFB, 0x8C71, 0xEF7D,
    0xAD55, 0x5AEC, 0xE73D, 0xB596, 0x632D, 0xE73D, 0xB596, 0x5ACB, 0xD69A, 0x8431, 0x6B4D, 0xD69A, 0x6B6D, 0xAD75, 0x4A6A, 0x18C3,
    0x0861, 0x0841, 0x1082, 0x1082, 0x10A2, 0x10A3, 0x10A3, 0x10A2, 0x10C2, 0x10A2, 0x10A2, 0x10C2, 0x18E3, 0x1903, 0x2945, 0x2966,
    0x20E3, 0x6288, 0xC4F0, 0xBCD0, 0xC4F0, 0xC4F0, 0xC4D0, 0xCCD0, 0xC4EF, 0xCCF0, 0xD530, 0xD551, 0xDD71, 0xDD71, 0xDD51, 0xD551,
    0xDD51, 0xDD71, 0xDD51, 0xDD71, 0xDD71, 0xDD71, 0xDD71, 0xD551, 0xD550, 0xDD71, 0xDD71, 0xDD71, 0xDD71, 0xDD51, 0xDD71, 0xCD0F,
    0x94D3, 0x8CB2, 0x94D3, 0x94F3, 0x94F3, 0x94D3, 0x94F3, 0x9CF4, 0x9CF4, 0x94F3, 0x94F3, 0x94D3, 0x94D3, 0x94D3, 0x94D3, 0x94D3,
    0x94D3, 0x9CF4, 0x94F3, 0x9D14, 0xA535, 0x9D34, 0x9D14, 0x9D34, 0x9D14, 0x9CF4, 0x9CF4, 0x9D14, 0x9D34, 0xA555, 0x73AF, 0x94D3,
    0x9CF4, 0x9D14, 0x9D34, 0x9D14, 0x9D34, 0x9D34, 0xA535, 0xA535, 0xA535, 0xA534, 0x9D14, 0x94D3, 0x8C92, 0x8C71, 0x8C72, 0x8C72,
    0x8451, 0x8451, 0x8C72, 0x8C71, 0x8C72, 0x94B2, 0x8C92, 0x8C92, 0x94D3, 0x94D3, 0x94B3, 0x94B3, 0x94B3, 0x9CF3, 0x9CF3, 0x94D3,
    0x94D3, 0x94D3, 0x94D3, 0x9CF3, 0x94D3, 0x94D3, 0x9CF3, 0x94D3, 0x94B3, 0x8C92, 0x73AF, 0x4229, 0x4249, 0x8430, 0xA555, 0x9CF4,
    0x8431, 0x7BF0, 0x7BF0, 0x5AEB, 0x4228, 0x31C7, 0x6B8E, 0x8451, 0x8451, 0x8431, 0x8C72, 0x7BF0, 0x8431, 0x8451, 0x7BF0, 0xA534,
    0x6B8E, 0xB5B7, 0x7C10, 0x9D14, 0xBDF8, 0x8451, 0xE73D, 0x632D, 0xC639, 0x31C7, 0x632D, 0x2145, 0x2145, 0x2966, 0x2986, 0x31A7,
    0x3A08, 0x3A08, 0x4229, 0x3A08, 0x39E8, 0x31A7, 0x2145, 0x4249, 0x18E4, 0x10A3, 0x18E3, 0x18E4, 0x18E4, 0x18E3, 0x10C3, 0x10C3,
    0x10C3, 0x10C3, 0x10C2, 0x10A2, 0x10A2, 0x0882, 0x0881, 0x0861, 0x0041, 0x0861, 0x10A2, 0x10C3, 0x10C3, 0x10C3, 0x10C3, 0x10C3,
    0x18C3, 0x10A3, 0x2104, 0x2945, 0x0882, 0x1082, 0x5AEC, 0xA535, 0xDEDB, 0x8431, 0x6B6E, 0x73AF, 0x632D, 0x8C72, 0xFFDF, 0xA535,
    0x6B6E, 0xF7BF, 0xB5B7, 0x8410, 0xFFDF, 0x9CD3, 0xC638, 0xAD75, 0xDEFB, 0xE75C, 0xE75C, 0xF79D, 0xBE17, 0xB5B6, 0xDEFB, 0x94B2,
    0xF79E, 0x9492, 0x6B6D, 0xF79E, 0xAD55, 0x7BCF, 0xEF5D, 0x7BF0, 0x630C, 0xD6BA, 0x6B4D, 0x8431, 0xBDF8, 0x6B4D, 0xA534, 0x3186,
    0x18E3, 0x10A3, 0x10A3, 0x10A3, 0x10C3, 0x10C3, 0x10C3, 0x18C3, 0x18E3, 0x18E3, 0x18C3, 0x18C3, 0x18A2, 0x20E3, 0x2944, 0x2965,
    0x2103, 0x49C6, 0xBCF0, 0xC4F0, 0xC4F0, 0xC4F0, 0xC4D0, 0xC4CF, 0xC4CF, 0xCCF0, 0xD530, 0xD551, 0xDD71, 0xDD91, 0xDD71, 0xDD71,
    0xDD71, 0xDD71, 0xDD71, 0xDD71, 0xDD71, 0xDD71, 0xDD71, 0xDD71, 0xDD71, 0xDD71, 0xDD71, 0xDD51, 0xDD71, 0xD551, 0xDD71, 0xCD0F,
    0x94D3, 0x94D3, 0x8CB2, 0x94D3, 0x94D3, 0x94D3, 0x9CF3, 0x9CF4, 0x9CF4, 0x9CF4, 0x9CF4, 0x94D3, 0x94D3, 0x94D3, 0x94D3, 0x94D3,
    0x94D3, 0x94D3, 0x9CF4, 0x9D14, 0xA535, 0xA535, 0x9CF4, 0x9D14, 0xA555, 0x9CF4, 0xA535, 0x9D14, 0x9D14, 0x9CF4, 0x7BF0, 0x9D14,
    0x9D14, 0x9D34, 0x9D14, 0x9D34, 0xA535, 0xA535, 0x9D34, 0xA535, 0xA535, 0x94D3, 0x8C72, 0x7C10, 0x7BEF, 0x73CF, 0x73CF, 0x73CF,
    0x73AF, 0x7BEF, 0x7C10, 0x7C10, 0x8431, 0x8C71, 0x8451, 0x8C72, 0x8C92, 0x8C92, 0x8C92, 0x8C92, 0x8C92, 0x94B3, 0x8C92, 0x94B3,
    0x94D3, 0x94D3, 0x94D3, 0x94D3, 0x9CF4, 0x94D3, 0x94D3, 0x94B3, 0x94B3, 0x8C92, 0x7C10, 0x632D, 0x2986, 0x4249, 0x6B8E, 0x52CB,
    0x5AEC, 0x73CF, 0x73AE, 0x632C, 0x5B0C, 0x6BAE, 0x8C92, 0x7C10, 0x8C92, 0x7C10, 0x9CF4, 0x94D3, 0x8451, 0xB5B7, 0x6B6E, 0xBDF8,
    0x94D3, 0xA535, 0xCE9A, 0x8451, 0xCE9A, 0x5AEC, 0x8C72, 0x2125, 0x4229, 0x2125, 0x2124, 0x2966, 0x2986, 0x2986, 0x31A7, 0x31C7,
    0x31A7, 0x31C7, 0x31C7, 0x31C7, 0x39E7, 0x31C7, 0x2145, 0x4A6A, 0x4229, 0x18E4, 0x18E4, 0x18E4, 0x18E4, 0x18E4, 0x10C3, 0x10C3,
    0x10C3, 0x10C3, 0x10C2, 0x10C2, 0x10A2, 0x0882, 0x0882, 0x0862, 0x0861, 0x0041, 0x0861, 0x10A2, 0x10A2, 0x10C2, 0x10C3, 0x10C3,
    0x10A3, 0x18C3, 0x10A3, 0x2945, 0x2104, 0x1082, 0x18E4, 0x630C, 0xAD76, 0xD6BB, 0x73AF, 0x6B8E, 0x738E, 0x632D, 0xB5B7, 0xFFDF,
    0x73AF, 0x9CF4, 0xFFFF, 0x8431, 0xB596, 0xE73C, 0x9492, 0xD6BA, 0xBDF7, 0xDF1B, 0xEF7D, 0xDEFA, 0xCE79, 0xBDD6, 0xBDD7, 0xD69A,
    0x9CF3, 0xF79E, 0x7BF0, 0x8410, 0xFFDF, 0x9CD3, 0x8C51, 0xD6BB, 0x528A, 0x8431, 0xCE59, 0x528A, 0xA535, 0x9CF4, 0x6B4D, 0xAD55,
    0x4208, 0x18E4, 0x1082, 0x1082, 0x08A2, 0x10A2, 0x10A2, 0x10A2, 0x10A2, 0x10A1, 0x10A2, 0x20E2, 0x2922, 0x20E2, 0x1881, 0x18C2,
    0x18C3, 0x3984, 0xBCAF, 0xC511, 0xCD11, 0xCD10, 0xC4F0, 0xC4CF, 0xC4CF, 0xCCF0, 0xD530, 0xDD51, 0xDD91, 0xDD92, 0xDD91, 0xDD71,
    0xDD71, 0xDD71, 0xDD71, 0xDD71, 0xDD71, 0xDD71, 0xDD71, 0xDD71, 0xDD71, 0xDD71, 0xDD71, 0xDD71, 0xDD91, 0xDD71, 0xDD91, 0xCD0F,
    0x94D3, 0x94D3, 0x94D3, 0x94F3, 0x94F3, 0x94F3, 0x9CF3, 0x9CF4, 0x94D3, 0x94D3, 0x94D3, 0x94D3, 0x94D3, 0x9CF4, 0x94F3, 0x94D3,
    0x94D3, 0x94D3, 0x9CF4, 0x9D14, 0x9D14, 0x9D34, 0x9D34, 0x9D34, 0x9D14, 0x94D3, 0xA535, 0x9D14, 0xA535, 0x94D3, 0x8431, 0x9D34,
    0x9D14, 0x9D14, 0x9D34, 0x9D14, 0x9D14, 0x9D14, 0x9D14, 0x9CF4, 0x94D3, 0x8C72, 0x7BF0, 0x6B8E, 0x634D, 0x634D, 0x634D, 0x634D,
    0x6B6E, 0x6B8E, 0x6B8E, 0x6B8E, 0x73AF, 0x73CF, 0x7BF0, 0x7C10, 0x8431, 0x8451, 0x8451, 0x8C72, 0x8C72, 0x8C92, 0x8C72, 0x8C92,
    0x94B3, 0x94B3, 0x94B2, 0x94B3, 0x94B3, 0x94B3, 0x94B3, 0x8C92, 0x8C92, 0x8C92, 0x8451, 0x6B6E, 0x5AEC, 0x2145, 0x39E8, 0x73AF,
    0x73CF, 0x7BF0, 0x73CF, 0xCE9A, 0xEF5D, 0xDF1B, 0xEF9E, 0x8451, 0xAD96, 0xC638, 0x6B6D, 0xE75D, 0x634D, 0xEF7E, 0x6B8E, 0xC659,
    0x94D3, 0x8451, 0x8451, 0x31C7, 0x5AEB, 0x10A3, 0x2145, 0x2125, 0x2145, 0x31A7, 0x39E8, 0x39E8, 0x3A08, 0x4249, 0x4249, 0x4249,
    0x4A6A, 0x4A6A, 0x4249, 0x4249, 0x4A69, 0x4229, 0x2145, 0x3A08, 0x52AB, 0x39E7, 0x2125, 0x2145, 0x2145, 0x2125, 0x1904, 0x1904,
    0x18E3, 0x10C3, 0x10C3, 0x10C2, 0x10C2, 0x10A2, 0x08A2, 0x0881, 0x0861, 0x0861, 0x0041, 0x0861, 0x10A2, 0x10A2, 0x10C2, 0x10C3,
    0x10A2, 0x10A3, 0x10C3, 0x18E4, 0x31A7, 0x10A3, 0x18C3, 0x2104, 0x6B6E, 0xBDF8, 0xC639, 0x634D, 0x73AF, 0x6B6E, 0x6B4D, 0xDEFC,
    0xDEDB, 0x630C, 0xD69A, 0xE73D, 0x738E, 0xE73C, 0xB5B7, 0xAD96, 0xCE99, 0xBDF7, 0xD699, 0xB5B6, 0xB5B6, 0xD699, 0xC618, 0xCE58,
    0xC638, 0xB596, 0xEF5D, 0x738E, 0x9492, 0xEF5D, 0x632C, 0x9CF4, 0xBDF7, 0x4208, 0xA535, 0xB596, 0x4A49, 0xC618, 0x8410, 0x8410,
    0xB596, 0x4A69, 0x2103, 0x2943, 0x3163, 0x3164, 0x3984, 0x41E5, 0x5A87, 0x6B29, 0x83CB, 0x9C4D, 0xACCF, 0xA46E, 0x7B8A, 0x5A67,
    0x3143, 0x2922, 0xB48F, 0xCD31, 0xC511, 0xCD10, 0xC4F0, 0xC4F0, 0xC4F0, 0xCCEF, 0xD530, 0xDD51, 0xDD92, 0xE592, 0xDD92, 0xDD71,
    0xDD71, 0xDD71, 0xDD71, 0xDD71, 0xDD71, 0xDD71, 0xDD71, 0xDD71, 0xDD71, 0xDD71, 0xDD71, 0xDD71, 0xDD91, 0xDD71, 0xDD91, 0xCD0F,
    0x94D3, 0x94D3, 0x94F3, 0x94D3, 0x94D3, 0x94D3, 0x9CF3, 0x94F3, 0x94D3, 0x94D3, 0x94D3, 0x94F3, 0x94B3, 0x94D3, 0x94D3, 0x94D3,
    0x94D3, 0x94D3, 0x9CF4, 0x9CF4, 0x9D14, 0x9D14, 0xA535, 0x9D14, 0x9CF4, 0x9D14, 0xA535, 0x9D14, 0xA575, 0x8C72, 0x8431, 0x9D14,
    0x9CF4, 0x9D14, 0x9D14, 0x9D14, 0x9CF4, 0x94F3, 0x94F3, 0x94D3, 0x8CB2, 0x8451, 0x7BF0, 0x73AF, 0x6B6E, 0x632D, 0x5B0C, 0x5B0C,
    0x5B0C, 0x632D, 0x632D, 0x634D, 0x634D, 0x6B6D, 0x6B6E, 0x73AE, 0x73AF, 0x7BF0, 0x7C10, 0x8431, 0x8431, 0x8451, 0x8451, 0x8C72,
    0x8C92, 0x8C92, 0x8C92, 0x8C92, 0x8C92, 0x8C92, 0x8C92, 0x8C92, 0x8C92, 0x8C92, 0x8C72, 0x6B8E, 0x6B6E, 0x4A8A, 0x2125, 0x4A6A,
    0x5AEB, 0x52CB, 0x6B6D, 0xAD96, 0xEF7D, 0xBE18, 0xD6DB, 0x5AEB, 0xB5D7, 0x8C51, 0x52CB, 0xC659, 0x39E7, 0xA555, 0x2986, 0x634D,
    0x31C7, 0x2145, 0x2145, 0x1904, 0x2125, 0x31C7, 0x31A7, 0x39E7, 0x3A08, 0x3A08, 0x3A08, 0x39E8, 0x39E8, 0x39E8, 0x3A08, 0x3A08,
    0x39E8, 0x31C7, 0x31A7, 0x31A7, 0x31C7, 0x3A08, 0x2986, 0x2986, 0x52AB, 0x4249, 0x39E8, 0x2986, 0x31A7, 0x31A7, 0x2986, 0x2986,
    0x2145, 0x1904, 0x10E3, 0x10C2, 0x10A2, 0x10A2, 0x10A2, 0x0882, 0x0881, 0x0861, 0x0861, 0x0041, 0x0861, 0x0882, 0x10A2, 0x10C3,
    0x10C3, 0x10A2, 0x10A3, 0x10A3, 0x2125, 0x2966, 0x1082, 0x18C3, 0x3186, 0x8C51, 0xCE7A, 0x9CD3, 0x6B6E, 0x7BCF, 0x632D, 0x8410,
    0xF7BF, 0xAD76, 0x6B8E, 0xF79E, 0xBDD7, 0x8431, 0xF7BF, 0x94B2, 0xCE9A, 0xBDF7, 0xAD55, 0xCE99, 0xAD95, 0xC638, 0xC638, 0xD69A,
    0xC638, 0xAD75, 0xB596, 0xE73C, 0x5ACB, 0xAD76, 0xBDF8, 0x4A69, 0xBDD7, 0x9D14, 0x4229, 0xC618, 0x8C51, 0x5ACB, 0xCE59, 0x632D,
    0x94B2, 0xA534, 0x630A, 0xA4F1, 0xCDB3, 0xB4F0, 0xB510, 0xCDB2, 0xD5F3, 0xDE13, 0xCDB1, 0xC550, 0xBD0F, 0xBCEF, 0xC52F, 0xC571,
    0xBD51, 0xA48E, 0xBCD0, 0xCD31, 0xCD11, 0xCD10, 0xC510, 0xC4F0, 0xCCF0, 0xCD10, 0xD551, 0xDD71, 0xE592, 0xE5B2, 0xDD92, 0xDD92,
    0xDD91, 0xDD91, 0xDD91, 0xDD91, 0xDD91, 0xDD71, 0xDD71, 0xDD71, 0xDD71, 0xDD71, 0xDD71, 0xDD71, 0xDD71, 0xDD71, 0xDD91, 0xCD0F,
    0x94D3, 0x94D3, 0x94D3, 0x94D3, 0x9D14, 0x9D14, 0x9CF3, 0x94D3, 0x94D3, 0x94D3, 0x94D3, 0x94D3, 0x94B3, 0x94B3, 0x9D14, 0x9CF4,
    0x94D3, 0x94F3, 0x9D14, 0x9CF4, 0x9CF4, 0x9D14, 0x9D34, 0x9D14, 0x9D34, 0x9D14, 0x9D14, 0x9CF4, 0xA555, 0x8431, 0x8451, 0x9CF4,
    0x94F3, 0x9CF4, 0x94B3, 0x94D3, 0x94B3, 0x94B3, 0x94B3, 0x8CB2, 0x8C92, 0x8431, 0x7BF0, 0x7BF0, 0x73CF, 0x6B8E, 0x634D, 0x5B0C,
    0x5AEC, 0x5AEC, 0x632C, 0x5B0C, 0x5B0C, 0x632D, 0x632D, 0x634D, 0x6B6E, 0x6B6E, 0x73AF, 0x7BEF, 0x7BF0, 0x7C10, 0x8431, 0x8451,
    0x8451, 0x8C72, 0x8C92, 0x8C72, 0x8C72, 0x8C72, 0x8C72, 0x8C92, 0x8C72, 0x8C72, 0x8451, 0x6B8E, 0x6B6E, 0x632D, 0x4228, 0x2145,
    0x2145, 0x2145, 0x2966, 0x31A7, 0x4249, 0x31A6, 0x2986, 0x1904, 0x39E8, 0x39E8, 0x2966, 0x39E8, 0x1904, 0x2986, 0x2986, 0x2145,
    0x2965, 0x31A7, 0x31C7, 0x39E7, 0x39E7, 0x39E8, 0x39E8, 0x31C7, 0x3A08, 0x3A08, 0x4229, 0x4249, 0x4249, 0x4249, 0x4A6A, 0x4A8A,
    0x4A8A, 0x4A6A, 0x4A8A, 0x4A8A, 0x4A6A, 0x4229, 0x39E8, 0x2966, 0x4A8A, 0x4A6A, 0x4249, 0x3A08, 0x31C7, 0x39E7, 0x31C7, 0x31C7,
    0x29A6, 0x2985, 0x2144, 0x1903, 0x10C3, 0x10A2, 0x10A2, 0x10A2, 0x0882, 0x0881, 0x0861, 0x0861, 0x0041, 0x0861, 0x0882, 0x10A2,
    0x10A3, 0x10A2, 0x10A3, 0x10C3, 0x10A3, 0x3186, 0x1904, 0x1082, 0x18E4, 0x4229, 0xAD76, 0xC638, 0x73CF, 0x738E, 0x738E, 0x630C,
    0xA535, 0xF7DF, 0x7BF0, 0x94B3, 0xFFFF, 0x8C72, 0xB5B7, 0xDEFB, 0x94B3, 0xD6DB, 0x9CD3, 0xAD75, 0xDEDB, 0xAD55, 0xD69A, 0xBDD7,
    0xCE79, 0xD69A, 0x94B2, 0xBDD7, 0xAD75, 0x528A, 0xD69A, 0x8C92, 0x528A, 0xCE79, 0x8410, 0x52AB, 0xCE79, 0x6B6E, 0x6B6E, 0xBDF8,
    0x5ACB, 0xAD55, 0x8C70, 0x8C0E, 0xD614, 0xC571, 0xB510, 0xCDB2, 0xCDB1, 0xCD91, 0xC570, 0xBD0F, 0xBCEE, 0xAC8D, 0x9C2C, 0x942E,
    0xACD0, 0xB551, 0xACD0, 0xB511, 0xC552, 0xCD31, 0xCD10, 0xC4F0, 0xCCF0, 0xCD10, 0xD551, 0xDD71, 0xE592, 0xE5B2, 0xE592, 0xDD92,
    0xDD91, 0xDD91, 0xDD91, 0xDD91, 0xDD91, 0xDD71, 0xDD71, 0xDD71, 0xDD71, 0xDD71, 0xDD71, 0xDD71, 0xDD71, 0xDD71, 0xDD92, 0xCD0F,
    0x94B2, 0x94D3, 0x94D3, 0x94F3, 0x94F3, 0x94F3, 0x94D3, 0x9CF4, 0x94D3, 0x94D3, 0x94B3, 0x94B3, 0x94B3, 0x94D3, 0x94F3, 0x94F3,
    0x94F3, 0x9CF4, 0x9CF4, 0x9D14, 0x9D14, 0x9D34, 0xA535, 0xA535, 0x9CF4, 0x94F3, 0x94F3, 0x94F3, 0x9D14, 0x8431, 0x8C92, 0x9CF4,
    0x94B3, 0x94B3, 0x8C92, 0x8C72, 0x8C72, 0x8C92, 0x8CB2, 0x8C92, 0x8C92, 0x8451, 0x8430, 0x7C10, 0x7BF0, 0x73CF, 0x6B8E, 0x634D,
    0x632D, 0x632C, 0x5B0C, 0x5AEC, 0x5AEC, 0x5B0C, 0x5B0C, 0x5B0C, 0x5B0C, 0x5AEC, 0x634D, 0x6B8E, 0x73AF, 0x73CF, 0x7BF0, 0x7C10,
    0x8431, 0x8451, 0x8451, 0x8451, 0x8451, 0x8451, 0x8C92, 0x8C72, 0x8451, 0x8451, 0x8451, 0x6B8E, 0x634D, 0x6B6E, 0x5B0C, 0x3A08,
    0x2986, 0x2986, 0x2986, 0x2145, 0x2145, 0x2125, 0x2965, 0x2145, 0x2145, 0x2145, 0x31A6, 0x2145, 0x2986, 0x31A7, 0x31C7, 0x31C7,
    0x39E7, 0x3A08, 0x39E8, 0x3A08, 0x3A08, 0x4229, 0x4229, 0x4228, 0x4229, 0x4A69, 0x4249, 0x4229, 0x4249, 0x4228, 0x3A08, 0x3A08,
    0x39E8, 0x39E8, 0x39E8, 0x39E8, 0x39E8, 0x3A08, 0x4229, 0x2986, 0x4A6A, 0x4A8A, 0x4249, 0x52AB, 0x3A08, 0x31C7, 0x39E7, 0x31C7,
    0x31C6, 0x31A6, 0x2986, 0x2965, 0x2124, 0x10E3, 0x10A2, 0x10A2, 0x10A2, 0x0882, 0x0861, 0x0861, 0x0041, 0x0041, 0x0861, 0x0882,
    0x10A2, 0x10A3, 0x10A3, 0x10C3, 0x18E4, 0x18E4, 0x3186, 0x10A3, 0x10A3, 0x2945, 0x6B4D, 0xDEFC, 0x9492, 0x6B6E, 0x738E, 0x6B6E,
    0x632D, 0xCE9A, 0xDEFC, 0x5AEC, 0xC639, 0xEF5D, 0x73CF, 0xE73D, 0xB5B6, 0xB596, 0xC659, 0xA555, 0xB5D7, 0xDEDB, 0x9CF3, 0xDEDB,
    0xB595, 0xD69A, 0xCE79, 0xA514, 0xE71C, 0x8430, 0x632C, 0xD6BB, 0x632D, 0x5B0C, 0xD69A, 0x630C, 0x6B6E, 0xCE59, 0x52AB, 0x8C72,
    0xA514, 0x630C, 0xBDD6, 0x7BCE, 0x9C90, 0xBD72, 0xB510, 0xC591, 0xCDB1, 0xD591, 0xCD91, 0xC550, 0xC52F, 0xBD30, 0x8C4E, 0x840F,
    0x8450, 0x844F, 0x8C50, 0x8C50, 0x9C70, 0xB4D0, 0xBCF0, 0xC4F0, 0xCD10, 0xCD10, 0xD551, 0xDD92, 0xE5B2, 0xE5B2, 0xE5B2, 0xE592,
    0xDD92, 0xDD91, 0xDD91, 0xDD91, 0xDD91, 0xDD91, 0xDD91, 0xDD91, 0xDD91, 0xDD71, 0xDD71, 0xDD71, 0xDD71, 0xDD91, 0xDD92, 0xCD0F,
    0x94D3, 0x94D3, 0x94D3, 0x94F3, 0x94D3, 0x94D3, 0x94F3, 0x94F3, 0x94B3, 0x94B3, 0x94D3, 0x94B3, 0x94B3, 0x94D3, 0x94D3, 0x94D3,
    0x9CF4, 0x94D3, 0x94F3, 0x9CF4, 0x9CF4, 0x9D14, 0x9D14, 0x9CF4, 0x94D3, 0x94D3, 0x94D3, 0x94D3, 0x9CF4, 0x8471, 0x8C92, 0x94B3,
    0x8C92, 0x8C72, 0x8471, 0x8451, 0x8C92, 0x8C72, 0x8C92, 0x8C92, 0x8C92, 0x8C72, 0x8C71, 0x7C10, 0x7BF0, 0x7BF0, 0x73CF, 0x6B8E,
    0x634D, 0x632D, 0x5B0C, 0x5AEC, 0x5AEC, 0x52CB, 0x52CB, 0x52CB, 0x52AB, 0x52AA, 0x52AB, 0x5AEC, 0x632D, 0x6B6E, 0x73AF, 0x73CF,
    0x7BEF, 0x7C10, 0x8431, 0x8431, 0x8451, 0x8451, 0x8451, 0x8451, 0x8451, 0x8451, 0x8451, 0x73CF, 0x634D, 0x634D, 0x6B6E, 0x632C,
    0x4A69, 0x3A08, 0x3A08, 0x3A08, 0x4229, 0x2986, 0x3A08, 0x3A08, 0x3A08, 0x3A08, 0x4228, 0x3A08, 0x39E8, 0x4249, 0x3A08, 0x4249,
    0x4229, 0x4249, 0x4249, 0x4229, 0x3A08, 0x4249, 0x4228, 0x3A08, 0x39E8, 0x39E8, 0x3A08, 0x4249, 0x4249, 0x4A6A, 0x4A8A, 0x4A8A,
    0x52AA, 0x52AB, 0x52AB, 0x4A6A, 0x4A69, 0x4249, 0x3A08, 0x2125, 0x4229, 0x52AB, 0x4A6A, 0x4249, 0x52AA, 0x39E8, 0x31C7, 0x39E7,
    0x31C7, 0x31C6, 0x31A6, 0x31A6, 0x2986, 0x2165, 0x1903, 0x10A2, 0x10A2, 0x0882, 0x0881, 0x0861, 0x0861, 0x0861, 0x0861, 0x0861,
    0x0882, 0x10A2, 0x10A2, 0x10A2, 0x18C3, 0x10C3, 0x2125, 0x2125, 0x1082, 0x18E4, 0x4229, 0x9CF4, 0xCE7A, 0x6B4D, 0x73AF, 0x738E,
    0x632D, 0x73AF, 0xF79E, 0xAD76, 0x5B0C, 0xEF9E, 0xBDF8, 0x8410, 0xFFDF, 0x94B3, 0xC639, 0xCE7A, 0xB596, 0xBDD7, 0xDEDB, 0x9D14,
    0xDEDB, 0xB596, 0xCE79, 0xBDF7, 0xA514, 0xE73C, 0x630C, 0x7BCF, 0xCE7A, 0x4A69, 0x7BEF, 0xCE39, 0x4A69, 0x8C51, 0xBDF8, 0x528A,
    0xB596, 0x6B6D, 0x8C50, 0xB575, 0x7BAD, 0x9C6F, 0xB531, 0xC571, 0xD5D2, 0xD5B2, 0xD591, 0xC550, 0xC550, 0x9C6E, 0x6B8D, 0x73EE,
    0x73CE, 0x73CF, 0x7BEF, 0x8C71, 0x7BEE, 0x9490, 0x946F, 0xACD1, 0xA48F, 0xBD10, 0xCD71, 0xDDB2, 0xDDB2, 0xDDB2, 0xE5B2, 0xE592,
    0xDD91, 0xDD91, 0xDD91, 0xDD91, 0xDD91, 0xDD71, 0xDD91, 0xDD91, 0xDD91, 0xDD71, 0xDD71, 0xDD71, 0xDD71, 0xDD71, 0xDD92, 0xCD0F,
    0x94D3, 0x94D3, 0x94F3, 0x9CF3, 0x94F3, 0x94D3, 0x94F3, 0x94D3, 0x94B3, 0x94D3, 0x94B3, 0x94B3, 0x94B3, 0x94D3, 0x94D3, 0x9CF4,
    0x9CF4, 0x94D3, 0x94D3, 0x94D3, 0x94D3, 0x94D3, 0x94D3, 0x94D3, 0x94D3, 0x94D3, 0x94D3, 0x94B3, 0x9CF4, 0x73CF, 0x8451, 0x8C72,
    0x8451, 0x8451, 0x8451, 0x8471, 0x8C72, 0x8451, 0x8C72, 0x8C72, 0x8C72, 0x8C92, 0x8C71, 0x7C10, 0x7C10, 0x7BF0, 0x7BF0, 0x73AF,
    0x6B6E, 0x634D, 0x632D, 0x5B0C, 0x5AEC, 0x5AEB, 0x52CB, 0x52CB, 0x52CB, 0x4A8A, 0x4A8A, 0x52AB, 0x52CB, 0x632D, 0x6B6E, 0x6B6E,
    0x73AE, 0x73AF, 0x7BEF, 0x7BEF, 0x7C10, 0x7C10, 0x7C10, 0x8431, 0x8451, 0x7C10, 0x7C10, 0x8430, 0x6B6E, 0x634D, 0x6B6E, 0x6B6D,
    0x5B0C, 0x52AA, 0x4A8A, 0x4A8A, 0x4A8A, 0x4A8A, 0x4A8A, 0x4A8A, 0x4249, 0x4249, 0x4A6A, 0x4A6A, 0x4249, 0x4229, 0x4229, 0x4229,
    0x3A08, 0x4229, 0x4249, 0x4A6A, 0x4228, 0x4228, 0x4229, 0x4249, 0x4249, 0x4249, 0x4A6A, 0x4A6A, 0x4249, 0x4249, 0x4229, 0x3A08,
    0x3A08, 0x3A08, 0x39E8, 0x3A08, 0x4249, 0x4249, 0x4A8A, 0x4229, 0x4229, 0x52CB, 0x4A8A, 0x4229, 0x52AB, 0x4A6A, 0x31C7, 0x31C7,
    0x31C7, 0x31C7, 0x31C6, 0x31C6, 0x31A6, 0x29A6, 0x2986, 0x2124, 0x10A2, 0x0882, 0x0882, 0x0861, 0x0861, 0x0861, 0x0061, 0x0041,
    0x0861, 0x0862, 0x0882, 0x1082, 0x10A3, 0x18C3, 0x10A3, 0x2966, 0x18C3, 0x1082, 0x2145, 0x73AF, 0xCE7A, 0x8C72, 0x73AF, 0x73AF,
    0x6B6E, 0x5AEC, 0x8C72, 0xF7BF, 0x7BF0, 0x8C51, 0xFFFF, 0x8C52, 0xAD76, 0xEF7E, 0x8C92, 0xCE59, 0xD6BB, 0xAD76, 0xC618, 0xD69A,
    0xAD55, 0xD6BA, 0xBDD6, 0xCE79, 0xBDF6, 0xAD54, 0xD69A, 0x4A49, 0x94B3, 0xBDD7, 0x39E7, 0x9492, 0xBDD7, 0x4A49, 0xA514, 0x94B3,
    0x6B6D, 0xBDD7, 0x528A, 0xB595, 0x9491, 0x8BEE, 0x940D, 0xBD51, 0xCDB2, 0xD5B2, 0xD591, 0xC550, 0xC511, 0x732C, 0x5B0B, 0x636D,
    0x6B8E, 0x6BAE, 0x6BAE, 0x73AE, 0x8470, 0x7BEF, 0x94B1, 0x840F, 0x8C70, 0x946F, 0xA4AF, 0xC531, 0xDDB3, 0xDDD3, 0xE5B3, 0xE592,
    0xDDB2, 0xDDB2, 0xDD92, 0xDDB2, 0xDD91, 0xDD91, 0xDD91, 0xDD91, 0xDD91, 0xDD91, 0xDD91, 0xDD71, 0xDD71, 0xDD71, 0xDD92, 0xCD0F,
    0x94D3, 0x94D3, 0x94D3, 0x9CF3, 0x9CF3, 0x94D3, 0x9CF3, 0x94D3, 0x94D3, 0x94D3, 0x94B3, 0x8CB2, 0x94B3, 0x94D3, 0x94D3, 0x9CF4,
    0x94D3, 0x94B3, 0x94D3, 0x94D3, 0x94D3, 0x94D3, 0x94D3, 0x9CF4, 0x9CF4, 0x8CB2, 0x94B3, 0x94D3, 0x9CF4, 0x73CF, 0x8451, 0x8C72,
    0x8451, 0x8451, 0x8431, 0x8451, 0x8451, 0x8451, 0x8C72, 0x8471, 0x8C72, 0x8C72, 0x8C71, 0x8431, 0x7C10, 0x7BF0, 0x7BF0, 0x73CF,
    0x73AE, 0x6B8E, 0x6B6D, 0x632D, 0x5AEC, 0x5AEC, 0x52CB, 0x52CB, 0x52CB, 0x52AB, 0x52AA, 0x52AB, 0x4A8A, 0x52CB, 0x5B0C, 0x634D,
    0x6B6D, 0x6B6E, 0x6B8E, 0x73CF, 0x73CF, 0x7BEF, 0x7BF0, 0x7C10, 0x7C10, 0x7C10, 0x8430, 0x7BF0, 0x634D, 0x6B6D, 0x6B6E, 0x6B6E,
    0x634D, 0x5AEC, 0x52AB, 0x52AB, 0x4A8A, 0x4A69, 0x4A6A, 0x52AA, 0x4A6A, 0x4A6A, 0x4A8A, 0x4A8A, 0x3A08, 0x4249, 0x4A6A, 0x4A8A,
    0x4249, 0x4249, 0x4249, 0x4229, 0x4249, 0x4249, 0x4249, 0x4A6A, 0x4A6A, 0x4249, 0x39E8, 0x3A08, 0x4229, 0x4A6A, 0x4A8A, 0x52AA,
    0x52AB, 0x52AB, 0x4A8A, 0x4A6A, 0x4A6A, 0x4249, 0x3A08, 0x2986, 0x39E8, 0x5B0C, 0x52AB, 0x4A8A, 0x52AA, 0x52AB, 0x4A6A, 0x31C7,
    0x31C6, 0x31C7, 0x31C7, 0x31C6, 0x31A6, 0x31A6, 0x31A6, 0x2986, 0x1904, 0x10A2, 0x0882, 0x0881, 0x0861, 0x0861, 0x0061, 0x0041,
    0x0041, 0x0841, 0x0861, 0x0882, 0x1082, 0x10A3, 0x10A3, 0x2125, 0x2125, 0x1082, 0x18E4, 0x39E8, 0xBDF8, 0xAD76, 0x6B4D, 0x7BF0,
    0x738E, 0x6B8E, 0x5ACB, 0xAD76, 0xDF1C, 0x52CB, 0xC618, 0xEF7D, 0x6B6E, 0xD6DB, 0xCE7A, 0x9CD3, 0xC639, 0xDEDB, 0xAD56, 0xC618,
    0xC639, 0xB5B6, 0xC638, 0xBDD7, 0xDEDB, 0xB5B6, 0xB5B6, 0xC618, 0x4208, 0xB596, 0xA534, 0x31A7, 0xA535, 0xAD55, 0x528A, 0xB5B6,
    0x5ACB, 0xA535, 0x9492, 0x630B, 0xBE17, 0x7BEF, 0x8C2E, 0xACAF, 0xD5B2, 0xD5B2, 0xD592, 0xCD71, 0xACAF, 0x5AEB, 0x5B2D, 0x5B2C,
    0x5B2C, 0x634D, 0x6B8D, 0x634C, 0x73CE, 0x6BAE, 0x8470, 0x738D, 0x9CD2, 0x7BEF, 0x8CB1, 0x8C50, 0xA491, 0xACD1, 0xCD73, 0xDDD3,
    0xDDD2, 0xDDB2, 0xDDB2, 0xDDB2, 0xDD91, 0xDD91, 0xDD91, 0xDD92, 0xDD92, 0xDD91, 0xDD91, 0xDD71, 0xDD71, 0xDD71, 0xDD92, 0xCD0F,
    0x94B2, 0x94D3, 0x94D3, 0x94D3, 0x94D3, 0x94D3, 0x94D3, 0x94D3, 0x94D3, 0x94D3, 0x94B3, 0x94B3, 0x94B3, 0x94D3, 0x94D3, 0x94D3,
    0x94D3, 0x94D3, 0x94D3, 0x94D3, 0x94D3, 0x94D3, 0x94D3, 0x94B3, 0x94D3, 0x94B3, 0x94B3, 0x8C92, 0x94B3, 0x73EF, 0x8431, 0x8C92,
    0x8451, 0x8451, 0x8431, 0x8451, 0x8451, 0x8451, 0x8431, 0x8451, 0x8451, 0x8C72, 0x8C92, 0x8451, 0x7C10, 0x7BF0, 0x7BEF, 0x7C10,
    0x73CF, 0x6B8E, 0x6B8E, 0x634D, 0x632C, 0x5B0C, 0x5AEC, 0x52AB, 0x52CB, 0x52CB, 0x52AA, 0x4A8A, 0x52AA, 0x52AA, 0x52CB, 0x5B0C,
    0x632C, 0x6B6E, 0x6B8E, 0x6B8E, 0x73AF, 0x73AF, 0x73CF, 0x73CF, 0x7BEF, 0x7BF0, 0x7C10, 0x73AF, 0x6B6D, 0x6B6E, 0x6B6D, 0x6B6E,
    0x634D, 0x632C, 0x5AEB, 0x52CB, 0x52AB, 0x4A8A, 0x4A6A, 0x52AB, 0x52AB, 0x52AB, 0x4A8A, 0x4A8A, 0x4A69, 0x4229, 0x4249, 0x4249,
    0x3A08, 0x4229, 0x4249, 0x4A6A, 0x52AA, 0x4A8A, 0x4249, 0x4A6A, 0x4A6A, 0x4249, 0x4A69, 0x4A6A, 0x4A8A, 0x4A8A, 0x4249, 0x4229,
    0x3A08, 0x39E8, 0x4229, 0x4249, 0x4249, 0x4A8A, 0x52AB, 0x4A8A, 0x31C7, 0x52CB, 0x52CB, 0x4A8A, 0x4A8A, 0x52AB, 0x4A8A, 0x4249,
    0x31C7, 0x31C7, 0x31C7, 0x31C7, 0x31A6, 0x31A6, 0x31A6, 0x31A6, 0x2986, 0x1904, 0x08A2, 0x0882, 0x0881, 0x0881, 0x0861, 0x0861,
    0x0041, 0x0041, 0x0021, 0x0841, 0x0862, 0x1082, 0x1082, 0x18C3, 0x2986, 0x10A3, 0x10A3, 0x39C7, 0x8431, 0xDEDB, 0x7BCF, 0x73CF,
    0x73CF, 0x6B8E, 0x634D, 0x5AEB, 0xCE9A, 0xB596, 0x5AEC, 0xEF7E, 0xC639, 0x73AF, 0xF7BF, 0xAD55, 0xB596, 0xAD76, 0xDEFC, 0xB576,
    0xC618, 0xBDD7, 0xBDF7, 0xCE58, 0xA514, 0xC638, 0x94B2, 0xBDD7, 0x9CD3, 0x4208, 0xC618, 0x94B3, 0x4208, 0xBDD7, 0x7BEF, 0x7BEF,
    0x9CF4, 0x52AA, 0xC639, 0x5B0C, 0x8C91, 0xAD95, 0x7BEF, 0xA4D1, 0xCD72, 0xD5B2, 0xCDB2, 0xD591, 0x9C2E, 0x5ACB, 0x5B2C, 0x5B0C,
    0x5B2C, 0x5B0C, 0x632C, 0x632C, 0x636D, 0x6B8D, 0x6B6D, 0x7BEF, 0x7C0F, 0x6BAE, 0x8492, 0x7410, 0x94B2, 0x842F, 0x9C90, 0xA4B0,
    0xBD51, 0xCD92, 0xD592, 0xDDB2, 0xDD91, 0xDD71, 0xDD71, 0xDD91, 0xDD92, 0xDDB2, 0xDD92, 0xDD91, 0xDD91, 0xDD91, 0xDDB2, 0xCD30,
    0x8C92, 0x94B2, 0x94D3, 0x94D3, 0x94D3, 0x94D3, 0x94D3, 0x94D3, 0x94D3, 0x94B3, 0x94D3, 0x94B3, 0x94B3, 0x94B3, 0x94D3, 0x94D3,
    0x94B3, 0x94D3, 0x94D3, 0x94B3, 0x94D3, 0x94D3, 0x94B3, 0x8C92, 0x8CB2, 0x8CB2, 0x94D3, 0x8C92, 0x94B3, 0x73EF, 0x8451, 0x8C92,
    0x8C72, 0x8451, 0x8451, 0x8451, 0x8431, 0x8431, 0x8431, 0x7C10, 0x8451, 0x8451, 0x8451, 0x8451, 0x8431, 0x8430, 0x7BEF, 0x7C10,
    0x7C10, 0x7BF0, 0x73AF, 0x6B8E, 0x634D, 0x5B0C, 0x5B0C, 0x5B0C, 0x5B0C, 0x5AEB, 0x52CB, 0x52AB, 0x4A8A, 0x52AA, 0x52AA, 0x52CB,
    0x5AEB, 0x5B0C, 0x634D, 0x634D, 0x6B6E, 0x6B6E, 0x73AE, 0x6B8E, 0x73AF, 0x73CF, 0x7BEF, 0x6B8E, 0x632D, 0x6B6E, 0x6B6D, 0x6B6D,
    0x6B6E, 0x634D, 0x5B0C, 0x5AEC, 0x52AB, 0x5AEC, 0x5AEB, 0x4A8A, 0x52AB, 0x52AB, 0x52AA, 0x52AB, 0x4249, 0x4A8A, 0x52AB, 0x52AB,
    0x52CB, 0x52AB, 0x4A8A, 0x4A6A, 0x4249, 0x4229, 0x4A69, 0x4A8A, 0x4A6A, 0x4A6A, 0x4A8A, 0x4249, 0x4228, 0x4A6A, 0x4A8A, 0x52AB,
    0x52CB, 0x52CB, 0x52CB, 0x52AB, 0x4A6A, 0x4249, 0x3A08, 0x39E8, 0x2966, 0x5AEC, 0x5AEB, 0x52AB, 0x52CB, 0x52AB, 0x52AA, 0x4A8A,
    0x4229, 0x31C7, 0x31C7, 0x31C7, 0x31C7, 0x31A6, 0x31A6, 0x31A6, 0x31A6, 0x2985, 0x1903, 0x08A2, 0x0881, 0x0861, 0x0861, 0x0861,
    0x0041, 0x0041, 0x0041, 0x0041, 0x0842, 0x0862, 0x0862, 0x0882, 0x2966, 0x1904, 0x1082, 0x18E4, 0x630C, 0xC639, 0x9D14, 0x738E,
    0x7BEF, 0x6B8E, 0x6B6D, 0x5B2C, 0x634D, 0xDF1C, 0x7C10, 0x7BF0, 0xFFFF, 0x8C92, 0x94B3, 0xF7BF, 0x9492, 0xCE59, 0x9493, 0xDEDB,
    0xB576, 0xC639, 0xBDF7, 0xBDF7, 0xD6BA, 0xA534, 0xC617, 0x8410, 0xC638, 0x73AF, 0x4229, 0xCE59, 0x8430, 0x5ACB, 0xB5B6, 0x5ACB,
    0xBDF8, 0x6B4D, 0x83F0, 0xBDD7, 0x4A69, 0xBDD7, 0x94B2, 0x9471, 0xA4B0, 0xCD91, 0xD5D2, 0xDDF3, 0x940E, 0x52CC, 0x5B2D, 0x5B0C,
    0x5B2C, 0x5B0C, 0x5B0C, 0x634D, 0x634D, 0x6B8D, 0x5B0B, 0x73EF, 0x632C, 0x7C0F, 0x73CE, 0x73CE, 0x94B2, 0x7BEF, 0x9491, 0x8C4F,
    0x8C70, 0x946F, 0xA4D0, 0xC551, 0xD571, 0xDD92, 0xD571, 0xD571, 0xDD92, 0xDDB2, 0xDDB2, 0xDD92, 0xDD91, 0xDD71, 0xDDB2, 0xCD30,
    0x8CB2, 0x94B2, 0x94B2, 0x94D3, 0x94D3, 0x94D3, 0x94D3, 0x94D3, 0x94D3, 0x94D3, 0x94B3, 0x94D3, 0x94B3, 0x94B3, 0x94B3, 0x94D3,
    0x94D3, 0x8CB2, 0x94D3, 0x94D3, 0x94D3, 0x94D3, 0x94B3, 0x8CB2, 0x8C92, 0x8C92, 0x8C92, 0x8C72, 0x94D3, 0x7BF0, 0x7C10, 0x8C72,
    0x8C72, 0x8C72, 0x8471, 0x8451, 0x8451, 0x8451, 0x7C30, 0x7C30, 0x7C30, 0x8431, 0x8451, 0x8C72, 0x8C72, 0x8451, 0x7BEF, 0x73CF,
    0x7BF0, 0x7C10, 0x7BEF, 0x6B6E, 0x6B6E, 0x634D, 0x634D, 0x5B0C, 0x5B0C, 0x5AEB, 0x52CB, 0x52AB, 0x4A8A, 0x52AA, 0x4A8A, 0x52AA,
    0x52CB, 0x5AEB, 0x5B0C, 0x634D, 0x634D, 0x634D, 0x6B6D, 0x6B8E, 0x73AE, 0x6B8E, 0x73AE, 0x634D, 0x634D, 0x634D, 0x634D, 0x634D,
    0x6B6D, 0x6B8E, 0x634D, 0x632C, 0x52CB, 0x52CB, 0x5B0C, 0x52CB, 0x52CB, 0x52CB, 0x52CB, 0x52CB, 0x4A6A, 0x4249, 0x4249, 0x3A08,
    0x4228, 0x4229, 0x4A6A, 0x4A6A, 0x52AB, 0x52CB, 0x4A8A, 0x4A69, 0x4A6A, 0x4249, 0x4A6A, 0x4A8A, 0x52AB, 0x52CB, 0x4A8A, 0x4A6A,
    0x4249, 0x4229, 0x4229, 0x4249, 0x4A6A, 0x4A8A, 0x52AB, 0x5AEC, 0x3A08, 0x5AEC, 0x5B0C, 0x52CB, 0x52AB, 0x52AB, 0x52AB, 0x4A8A,
    0x52AA, 0x4229, 0x31A7, 0x31C7, 0x31C7, 0x31A7, 0x31A7, 0x31A6, 0x29A6, 0x29A6, 0x2985, 0x18E3, 0x0882, 0x0881, 0x0861, 0x0861,
    0x0041, 0x0041, 0x0041, 0x0041, 0x0041, 0x0841, 0x0882, 0x0862, 0x18C3, 0x2966, 0x1082, 0x10C3, 0x31C7, 0xB5B6, 0xBDF8, 0x6B8E,
    0x7BEF, 0x73CE, 0x6B6D, 0x634D, 0x5AEB, 0x7BF0, 0xDF1C, 0x5AEC, 0xAD96, 0xF79E, 0x6B8E, 0xC639, 0xDEFC, 0x9493, 0xDEDB, 0x9CD4,
    0xD69A, 0xB5B7, 0xC638, 0xC618, 0xB5B6, 0xD69A, 0xAD55, 0xB5B6, 0x7BCF, 0xC639, 0x6B6E, 0x528A, 0xC618, 0x528A, 0x9CD3, 0x8410,
    0x738E, 0xC639, 0x4A69, 0xAD76, 0x9D14, 0x5AEB, 0xC617, 0x8430, 0x9CF2, 0xACB0, 0xD5D2, 0xDE14, 0x8BEE, 0x52EC, 0x5B4D, 0x5B0C,
    0x5B2C, 0x5B0C, 0x5B0C, 0x634D, 0x52EB, 0x6B8E, 0x52CB, 0x73AE, 0x4AAA, 0x7C30, 0x5B2C, 0x73EF, 0x7BEF, 0x6B8D, 0x8C91, 0x7BCF,
    0x94B2, 0x8C91, 0x840F, 0x8C6F, 0x9CD0, 0xB511, 0xCD52, 0xDD92, 0xDD91, 0xDD92, 0xDDB2, 0xDD91, 0xDD91, 0xDD71, 0xDD91, 0xCD2F,
    0x8CB2, 0x94B2, 0x94D3, 0x94D3, 0x94D3, 0x94D3, 0x94D3, 0x94D3, 0x94D3, 0x94D3, 0x94B3, 0x94D3, 0x94B3, 0x8CB2, 0x94D3, 0x94B3,
    0x94D3, 0x94B3, 0x94B3, 0x94D3, 0x94B3, 0x94B3, 0x94B3, 0x8CB2, 0x94B3, 0x8C92, 0x8C92, 0x8C72, 0x94D3, 0x73CF, 0x7C10, 0x8C92,
    0x8C92, 0x8C72, 0x8C72, 0x8C72, 0x8471, 0x8471, 0x8431, 0x7C10, 0x7C10, 0x7C10, 0x8431, 0x8451, 0x8451, 0x8C72, 0x7C10, 0x73AF,
    0x7BF0, 0x7C10, 0x7BF0, 0x73CF, 0x73AF, 0x6B8E, 0x634D, 0x632D, 0x5B0C, 0x5AEB, 0x5AEB, 0x52AB, 0x52AA, 0x4A8A, 0x4A8A, 0x52AA,
    0x52AB, 0x52CB, 0x5AEC, 0x5B0C, 0x632D, 0x5B0C, 0x632D, 0x634D, 0x6B8E, 0x6B8E, 0x634D, 0x632D, 0x632C, 0x634D, 0x632D, 0x632D,
    0x634D, 0x6B6E, 0x6B6E, 0x634D, 0x5B0C, 0x52CB, 0x52CB, 0x5AEC, 0x5AEC, 0x5AEB, 0x5AEB, 0x5AEC, 0x52CB, 0x52CB, 0x5AEC, 0x6B6E,
    0x634D, 0x634D, 0x5B0C, 0x52CB, 0x4A6A, 0x4249, 0x4249, 0x4A8A, 0x52CB, 0x5AEC, 0x52CB, 0x52CB, 0x4A8A, 0x4229, 0x4A6A, 0x52CB,
    0x5AEC, 0x632C, 0x632D, 0x5B0C, 0x5B0C, 0x52AA, 0x4249, 0x4249, 0x31A6, 0x5AEC, 0x6B8E, 0x5AEC, 0x52AA, 0x52CB, 0x52CB, 0x52AB,
    0x52AB, 0x52AB, 0x39E8, 0x31A7, 0x31C7, 0x31C7, 0x31A7, 0x31A6, 0x31A6, 0x2986, 0x2986, 0x2965, 0x10C3, 0x0881, 0x0861, 0x0861,
    0x0861, 0x0041, 0x0041, 0x0041, 0x0021, 0x0021, 0x0841, 0x0862, 0x0862, 0x2104, 0x18C3, 0x1082, 0x2966, 0x738E, 0xDEFC, 0x8431,
    0x73CF, 0x7BF0, 0x6B8E, 0x634D, 0x634D, 0x52AB, 0x9CF4, 0xBDF8, 0x52AB, 0xDF1C, 0xCE7A, 0x6B6E, 0xEF5D, 0xAD76, 0xA535, 0xE71C,
    0xAD55, 0xCE59, 0xBDD7, 0xBDF7, 0xC638, 0xB596, 0xB5B6, 0xAD75, 0xC618, 0x8C51, 0xBDF7, 0x4A49, 0x7BEF, 0x9CD3, 0x52AB, 0xC618,
    0x52AA, 0xA514, 0xA535, 0x4A6A, 0xCE79, 0x7BF0, 0x83F0, 0xAD75, 0x9491, 0xAD12, 0xBD31, 0xD5F4, 0x7B8D, 0x5B2C, 0x5B2C, 0x634D,
    0x5B2C, 0x634C, 0x632C, 0x636D, 0x4AAA, 0x6B8E, 0x52CA, 0x6B8D, 0x52CA, 0x73CE, 0x52CA, 0x7C10, 0x632C, 0x6BAE, 0x7BEF, 0x6B4D,
    0x94B2, 0x7BCF, 0x7BCF, 0x8CB2, 0x73CF, 0x842F, 0x9C6F, 0xBD10, 0xD572, 0xDDB2, 0xDD92, 0xDD91, 0xDD91, 0xDD92, 0xDDB2, 0xCD0F,
    0x8CB2, 0x94B2, 0x8CB2, 0x94B2, 0x94B2, 0x94D3, 0x94D3, 0x94B3, 0x94D3, 0x94B3, 0x94B3, 0x8CB2, 0x94B3, 0x94B3, 0x94B3, 0x94B3,
    0x94B3, 0x94D3, 0x94B3, 0x94D3, 0x94B3, 0x8CB2, 0x8CB2, 0x8C92, 0x8C72, 0x8C72, 0x8CB2, 0x8C72, 0x94B3, 0x73CF, 0x7C10, 0x8C92,
    0x8451, 0x8C72, 0x8C72, 0x8451, 0x8471, 0x8451, 0x8431, 0x8431, 0x7C10, 0x7C10, 0x8431, 0x8431, 0x8451, 0x8C72, 0x8451, 0x7BEF,
    0x6B8E, 0x73CF, 0x7C10, 0x7BEF, 0x73CF, 0x73AF, 0x6B6E, 0x632D, 0x634D, 0x5B0C, 0x5AEC, 0x52AB, 0x52AA, 0x4A8A, 0x4A8A, 0x4A8A,
    0x52AA, 0x52CB, 0x52CB, 0x5B0C, 0x5B0C, 0x5B0C, 0x632C, 0x5B0C, 0x6B6D, 0x634D, 0x632D, 0x5B0C, 0x632D, 0x632D, 0x632D, 0x632D,
    0x634D, 0x634D, 0x634D, 0x6B8E, 0x634D, 0x6B6E, 0x632D, 0x5B0C, 0x5AEC, 0x5AEC, 0x52CB, 0x634D, 0x52CB, 0x4249, 0x4249, 0x4A8A,
    0x52AA, 0x52AB, 0x5AEB, 0x634D, 0x6B8E, 0x73AF, 0x73CF, 0x6B6E, 0x5AEC, 0x5AEB, 0x52CB, 0x5B0C, 0x634D, 0x6B8E, 0x6B6D, 0x5B0C,
    0x5AEB, 0x52AB, 0x52CB, 0x5B0C, 0x634D, 0x6B6D, 0x6B8E, 0x73CF, 0x4A8A, 0x5AEC, 0x7C10, 0x6B6E, 0x632D, 0x5B0C, 0x52CB, 0x52AB,
    0x52AA, 0x52AB, 0x52AA, 0x31C7, 0x31C7, 0x31C7, 0x31A7, 0x31C6, 0x31C6, 0x31A6, 0x2986, 0x2985, 0x2144, 0x10A2, 0x0861, 0x0861,
    0x0861, 0x0041, 0x0041, 0x0041, 0x0021, 0x0021, 0x0021, 0x0021, 0x0841, 0x10A3, 0x2104, 0x0882, 0x2104, 0x630C, 0xBDF8, 0x94B2,
    0x73AE, 0x7C10, 0x73CF, 0x6B6D, 0x634D, 0x634D, 0x52AB, 0xB5B7, 0x94B3, 0x73AF, 0xFFFF, 0x9CF4, 0x8410, 0xFFDF, 0x8C51, 0xCE39,
    0xD69A, 0xBDB7, 0xBDF7, 0xC618, 0xB596, 0xCE58, 0xB595, 0xAD54, 0x94B2, 0xAD55, 0xA514, 0x94B2, 0x39E8, 0xBDD7, 0x630C, 0x9492,
    0xAD76, 0x4A69, 0xCE59, 0x8C51, 0x630C, 0xD69A, 0x6B4D, 0xA534, 0x94D2, 0xA4F3, 0xAD32, 0xC593, 0x736C, 0x5B2C, 0x636D, 0x634D,
    0x636D, 0x636D, 0x5B0C, 0x6BAE, 0x5B0C, 0x634D, 0x632C, 0x634D, 0x632C, 0x73AE, 0x52AA, 0x7BEF, 0x5AEB, 0x7BEF, 0x632C, 0x6B4D,
    0x8450, 0x634C, 0x7C10, 0x7C30, 0x5B0C, 0x8C70, 0x8C50, 0x840E, 0x942E, 0xC532, 0xDD93, 0xDDB2, 0xDD91, 0xDD92, 0xDDB2, 0xCD2F,
    0x94B2, 0x8CB2, 0x94B2, 0x94D3, 0x94B2, 0x94D3, 0x94D3, 0x94B3, 0x94B3, 0x94B3, 0x8CB2, 0x8C92, 0x8CB2, 0x8C92, 0x94B3, 0x94B3,
    0x94B3, 0x94D3, 0x94B3, 0x94B3, 0x94B3, 0x94B3, 0x8CB2, 0x8C92, 0x8C72, 0x8C72, 0x8CB2, 0x8C72, 0x8C92, 0x73CF, 0x7BF0, 0x8C92,
    0x8431, 0x8451, 0x8451, 0x8451, 0x8451, 0x8451, 0x8431, 0x7C30, 0x7C10, 0x7C10, 0x8431, 0x8431, 0x8451, 0x8C72, 0x8C72, 0x8451,
    0x73CF, 0x73AE, 0x73CF, 0x8430, 0x7BF0, 0x7BF0, 0x73AF, 0x6B6E, 0x634D, 0x632D, 0x5B0C, 0x52CB, 0x4A8A, 0x4A8A, 0x4A8A, 0x4A69,
    0x4A69, 0x4A8A, 0x52CB, 0x5AEB, 0x5AEB, 0x5B0C, 0x5B0C, 0x5B0C, 0x632C, 0x5B0C, 0x5AEC, 0x5B0C, 0x5B0C, 0x632D, 0x632D, 0x632C,
    0x632C, 0x632C, 0x634D, 0x634D, 0x632D, 0x5B0C, 0x634D, 0x634D, 0x5B0C, 0x6B6E, 0x5B0C, 0x6B8E, 0x634D, 0x73CF, 0x7BF0, 0x73AE,
    0x7C10, 0x73CF, 0x6B8E, 0x632D, 0x52CB, 0x52CB, 0x5AEC, 0x632D, 0x73CF, 0x7BF0, 0x7BF0, 0x6B8E, 0x6B6D, 0x5AEB, 0x52CB, 0x632D,
    0x73CF, 0x7BF0, 0x73CF, 0x6B8E, 0x632D, 0x5AEB, 0x52AB, 0x5AEC, 0x52AA, 0x5AEB, 0x8451, 0x73CF, 0x6B6E, 0x6B6E, 0x632D, 0x5AEC,
    0x52AB, 0x52AB, 0x52AB, 0x4A8A, 0x31A7, 0x31C7, 0x31C7, 0x31C7, 0x31C6, 0x31A6, 0x29A6, 0x2965, 0x2165, 0x1903, 0x0882, 0x0862,
    0x0862, 0x0041, 0x0041, 0x0041, 0x0021, 0x0021, 0x0021, 0x0021, 0x0041, 0x0862, 0x18E4, 0x10A3, 0x10A3, 0x4228, 0xB5D7, 0xB5B7,
    0x6B6D, 0x7BF0, 0x7BEF, 0x73AE, 0x6B6D, 0x6B4D, 0x632D, 0x5AEC, 0xBDF8, 0x6B6E, 0x9CF4, 0xF7BF, 0x738E, 0xB576, 0xE73D, 0x7BF0,
    0xDEFC, 0xBDF8, 0xCE59, 0xAD76, 0xCE7A, 0xAD55, 0xC618, 0xAD75, 0xB596, 0x8C51, 0x7BEF, 0xBDF7, 0x632C, 0x7BCF, 0xB5B7, 0x4A6A,
    0xC618, 0x8C72, 0x5AEB, 0xD6BB, 0x6B6D, 0x8430, 0xC618, 0x6B4C, 0xBDD6, 0x8C71, 0xAD53, 0xA4F1, 0x6B6C, 0x638D, 0x638D, 0x636D,
    0x636D, 0x6B8E, 0x636D, 0x634D, 0x636D, 0x632C, 0x6B6D, 0x5B0C, 0x6B6D, 0x634D, 0x632C, 0x6B8E, 0x52AA, 0x7BEF, 0x5AEB, 0x6B8E,
    0x73CF, 0x52AA, 0x7C10, 0x634D, 0x634D, 0x8C71, 0x7BEF, 0x7C2F, 0x9470, 0x840F, 0x9C2F, 0xCD51, 0xD5B3, 0xDD92, 0xDD92, 0xCD30,
    0x8CB2, 0x94B2, 0x94D3, 0x94D3, 0x94D3, 0x94D3, 0x94D3, 0x94D3, 0x8CB2, 0x94B3, 0x94D3, 0x8C92, 0x8C92, 0x8C92, 0x8CB2, 0x8C92,
    0x8C92, 0x94D3, 0x94D3, 0x94B3, 0x8C92, 0x8C92, 0x8C92, 0x8C92, 0x8431, 0x8C72, 0x8C92, 0x8C72, 0x8C92, 0x7C10, 0x73EF, 0x7C30,
    0x7BF0, 0x7C10, 0x7C10, 0x8431, 0x8431, 0x8431, 0x8431, 0x7C10, 0x7C10, 0x7C10, 0x7C10, 0x8430, 0x8431, 0x8451, 0x8451, 0x8C71,
    0x8451, 0x6B8E, 0x6B6E, 0x7BF0, 0x7C10, 0x7BF0, 0x7BEF, 0x73CF, 0x6B6E, 0x634D, 0x634D, 0x5B0C, 0x52AB, 0x52AA, 0x4A8A, 0x4A69,
    0x4A69, 0x4A8A, 0x4A8A, 0x52AB, 0x52CB, 0x52CB, 0x5AEC, 0x5AEC, 0x5B0C, 0x5AEC, 0x5B0C, 0x5B0C, 0x5B0C, 0x632C, 0x632C, 0x5B0C,
    0x5B0C, 0x632D, 0x634D, 0x632C, 0x632D, 0x52AB, 0x634D, 0x634D, 0x632D, 0x73AF, 0x634D, 0x7BEF, 0x52AB, 0x52AB, 0x634D, 0x6B6D,
    0x6B8E, 0x73AF, 0x8431, 0x8C72, 0x8C72, 0x8C92, 0x7C10, 0x73AE, 0x5B0C, 0x52CB, 0x5B0C, 0x632D, 0x73AE, 0x73CF, 0x7BF0, 0x6B8E,
    0x632D, 0x5B0C, 0x5AEB, 0x632D, 0x6B8E, 0x73AF, 0x7C10, 0x73CF, 0x5B0C, 0x52AB, 0x8431, 0x7BF0, 0x73AF, 0x7BF0, 0x73AF, 0x634D,
    0x5AEC, 0x52CB, 0x52AB, 0x52CB, 0x4249, 0x2986, 0x31C7, 0x31C6, 0x31C6, 0x31A6, 0x29A6, 0x2986, 0x2965, 0x2165, 0x10E3, 0x0882,
    0x0861, 0x0861, 0x0041, 0x0041, 0x0041, 0x0021, 0x0020, 0x0020, 0x0021, 0x0841, 0x18C3, 0x10A3, 0x0841, 0x39C7, 0x8C51, 0xCE7A,
    0x73AF, 0x7BCF, 0x7BF0, 0x73CF, 0x6B6D, 0x634D, 0x6B4D, 0x5B0C, 0x632D, 0xAD76, 0x5ACB, 0xCE7A, 0xD69A, 0x62EC, 0xE71D, 0xBDD7,
    0x9472, 0xDEDC, 0xAD76, 0xD69A, 0xA535, 0xCE79, 0x9CF3, 0xB5B6, 0xA514, 0xBDD7, 0x9CD3, 0x8431, 0xBDF7, 0x4A69, 0xB5B6, 0x8C71,
    0x5AEB, 0xD6BA, 0x73AF, 0x73AE, 0xD69A, 0x5ACB, 0xAD76, 0x94B2, 0x8C50, 0xAD75, 0x9CF3, 0x9490, 0x634C, 0x6BAE, 0x6B8E, 0x636D,
    0x634D, 0x636D, 0x6B6D, 0x5B2C, 0x6B8E, 0x5B0C, 0x73AE, 0x52AA, 0x73AE, 0x52CB, 0x6B6D, 0x634D, 0x5AEB, 0x73AE, 0x52AA, 0x6B8E,
    0x6B4D, 0x5AEB, 0x7BEF, 0x52CB, 0x6B6D, 0x8450, 0x636D, 0x7C30, 0x8450, 0x73CE, 0x9491, 0x8C2F, 0x9C6F, 0xCD72, 0xDDB3, 0xC510,
    0x94D3, 0x94B2, 0x8CB2, 0x94D3, 0x8CB2, 0x94D3, 0x94D3, 0x94B3, 0x94D3, 0x8C92, 0x8C92, 0x94D3, 0x94B3, 0x8C92, 0x8CB2, 0x94B3,
    0x8C72, 0x94B3, 0x94B3, 0x94D3, 0x8C92, 0x8C92, 0x8C92, 0x94B3, 0x8CB2, 0x8C72, 0x8C72, 0x8C72, 0x8C72, 0x7C10, 0x73AF, 0x7BF0,
    0x73CF, 0x73CF, 0x73CF, 0x7C10, 0x8431, 0x8431, 0x7C10, 0x7C10, 0x7C10, 0x7C10, 0x7BF0, 0x7C10, 0x8430, 0x8431, 0x8451, 0x8C92,
    0x94B2, 0x8451, 0x6B6E, 0x6B6E, 0x7BF0, 0x8431, 0x7C10, 0x7BF0, 0x73CF, 0x6B8E, 0x6B6D, 0x632D, 0x5AEB, 0x52AA, 0x4A8A, 0x4A69,
    0x4A69, 0x4A69, 0x4A8A, 0x4A8A, 0x52AB, 0x52CB, 0x52CB, 0x5AEB, 0x5AEB, 0x52CB, 0x5B0C, 0x5AEB, 0x5AEB, 0x5B0C, 0x5B0C, 0x5B0C,
    0x5B0C, 0x632C, 0x632C, 0x632C, 0x634D, 0x634D, 0x6B6E, 0x632D, 0x632D, 0x6B8E, 0x6B8E, 0x73CF, 0x6B8E, 0x73AF, 0x73AF, 0x6B8E,
    0x634D, 0x5AEC, 0x5B0C, 0x5AEC, 0x5AEB, 0x632D, 0x6B8E, 0x8431, 0x8451, 0x8451, 0x8431, 0x7BEF, 0x634D, 0x5AEC, 0x5B0C, 0x634D,
    0x73CF, 0x8431, 0x8430, 0x7BEF, 0x6B6D, 0x52CB, 0x52AB, 0x5B0C, 0x6B8E, 0x52AB, 0x8451, 0x7BF0, 0x7BF0, 0x7C10, 0x7C10, 0x6B8E,
    0x5B0C, 0x52CB, 0x52AB, 0x52AB, 0x52CB, 0x4228, 0x2986, 0x31A6, 0x31A6, 0x31A6, 0x31A6, 0x2986, 0x2986, 0x2966, 0x2145, 0x10A3,
    0x0861, 0x0861, 0x0041, 0x0041, 0x0041, 0x0021, 0x0020, 0x0000, 0x0020, 0x0021, 0x10A2, 0x10C3, 0x0862, 0x2125, 0x73AF, 0xC659,
    0x8410, 0x7BF0, 0x7BF0, 0x7BEF, 0x6B8E, 0x634D, 0x634D, 0x634D, 0x5AEC, 0x73CF, 0x8C51, 0x6B4D, 0xEF7E, 0x94B3, 0x7BCF, 0xFFDF,
    0x8431, 0xB5B7, 0xBDD7, 0xAD76, 0xCE7A, 0xA514, 0xCE59, 0x94B3, 0xAD75, 0x9CD2, 0x9CF3, 0x94B2, 0xAD54, 0x9CF3, 0x5AEB, 0xD6BA,
    0x6B6D, 0x6B6D, 0xD6DB, 0x632C, 0x94B3, 0xBDD7, 0x5ACB, 0xCE79, 0x73AE, 0xAD75, 0xA534, 0x73EE, 0x6B6D, 0x6B8D, 0x634D, 0x6BAE,
    0x73EF, 0x6B6D, 0x6BAE, 0x5B0C, 0x6BAE, 0x5B0C, 0x73CF, 0x5AEB, 0x7BEF, 0x52CB, 0x73CF, 0x52AB, 0x6B6D, 0x73AE, 0x5ACB, 0x7BEF,
    0x5ACB, 0x632C, 0x7BEF, 0x52CB, 0x73AE, 0x6B6D, 0x5B2C, 0x8430, 0x6B6D, 0x73EF, 0x8C91, 0x73EE, 0x844F, 0x8C0E, 0xA46F, 0xBCF0,
    0x8C92, 0x94B2, 0x8CB2, 0x8CB2, 0x94B2, 0x94D3, 0x94B2, 0x94B3, 0x8CB2, 0x8C92, 0x94B3, 0x8CB2, 0x8C92, 0x8C92, 0x8C92, 0x8C92,
    0x8C92, 0x8C92, 0x8CB2, 0x8C92, 0x8C92, 0x8C72, 0x8C72, 0x8451, 0x8451, 0x8451, 0x8471, 0x8471, 0x8C72, 0x7C10, 0x6B8E, 0x7C10,
    0x73CF, 0x73CF, 0x73CF, 0x7BF0, 0x7BF0, 0x7BF0, 0x8431, 0x7C10, 0x7C10, 0x7C10, 0x7BEF, 0x7BEF, 0x7C10, 0x7BF0, 0x8430, 0x8C71,
    0x8C72, 0x94B2, 0x8451, 0x6B6E, 0x6B8E, 0x7BF0, 0x7C10, 0x7BF0, 0x7BEF, 0x73CE, 0x6B8E, 0x634D, 0x5AEC, 0x52AA, 0x4A8A, 0x4A89,
    0x4A6A, 0x4A69, 0x4A69, 0x4A8A, 0x52AB, 0x52CB, 0x52CB, 0x52CB, 0x52CB, 0x52CB, 0x52CB, 0x5AEB, 0x52CB, 0x52CB, 0x5AEB, 0x5AEB,
    0x5AEB, 0x5B0C, 0x5AEB, 0x5AEB, 0x52CB, 0x52AB, 0x5B0C, 0x5B0C, 0x632D, 0x634D, 0x634D, 0x73AE, 0x5AEC, 0x6B6E, 0x7BF0, 0x8451,
    0x8C72, 0x8C92, 0x8C92, 0x8451, 0x8430, 0x7BF0, 0x73AF, 0x634D, 0x5AEC, 0x52CB, 0x632D, 0x73AF, 0x7BF0, 0x8451, 0x8451, 0x73CF,
    0x634D, 0x5AEB, 0x52AB, 0x634D, 0x6B8E, 0x73CF, 0x7BF0, 0x73AF, 0x5B0C, 0x4229, 0x8431, 0x7BF0, 0x73AF, 0x7BF0, 0x7C10, 0x73AF,
    0x6B8E, 0x632D, 0x5AEC, 0x52CB, 0x52AB, 0x52AB, 0x39E8, 0x2986, 0x31A6, 0x31A6, 0x31A6, 0x3186, 0x2986, 0x2966, 0x2966, 0x2124,
    0x0862, 0x0861, 0x0041, 0x0041, 0x0041, 0x0021, 0x0020, 0x0000, 0x0020, 0x0020, 0x0861, 0x18E3, 0x0882, 0x18C3, 0x52AB, 0xD69A,
    0x94B3, 0x73CF, 0x7C10, 0x7BF0, 0x6BAE, 0x634D, 0x634D, 0x634D, 0x632D, 0x5ACB, 0x73CF, 0x630C, 0x9CD3, 0xEF3D, 0x62EC, 0xAD55,
    0xE71D, 0x7BAF, 0xD6BB, 0xA514, 0xAD75, 0xC639, 0x9CD3, 0xC618, 0x94B2, 0xA513, 0xA534, 0x9CF2, 0xA513, 0xC638, 0x7BEF, 0x73AE,
    0xD6BB, 0x52CB, 0x8430, 0xCE7A, 0x52AA, 0xC618, 0x8C51, 0x7BEF, 0xC638, 0x738D, 0xB5B5, 0x634C, 0x73AE, 0x73EF, 0x6BCE, 0x6BAE,
    0x73CF, 0x636D, 0x6BAE, 0x6B8E, 0x73EF, 0x6B6D, 0x6B8E, 0x634D, 0x7C10, 0x52AA, 0x7C10, 0x52AA, 0x73CF, 0x632C, 0x5AEC, 0x7BF0,
    0x52CB, 0x738E, 0x632D, 0x52AB, 0x73AE, 0x5AEC, 0x634D, 0x7BEF, 0x5B0B, 0x7C0F, 0x7BEF, 0x6BAE, 0x94B2, 0x73AE, 0x8C50, 0x7BAD,
    0x94B2, 0x8CB2, 0x8C92, 0x8C92, 0x8CB2, 0x94B2, 0x8CB2, 0x8CB2, 0x94B3, 0x8CB2, 0x94B3, 0x8CB2, 0x8CB2, 0x8C92, 0x8C92, 0x8C92,
    0x8C92, 0x8C92, 0x94B3, 0x8C92, 0x8C72, 0x8451, 0x8451, 0x8451, 0x8451, 0x8431, 0x8451, 0x8451, 0x8471, 0x7C10, 0x6BAE, 0x7C10,
    0x7C10, 0x7BF0, 0x73CF, 0x73CF, 0x73CF, 0x73EF, 0x7BF0, 0x7BF0, 0x7C10, 0x7C10, 0x7C10, 0x7BEF, 0x7C10, 0x7BF0, 0x7C10, 0x7C10,
    0x8C72, 0x8C92, 0x8C92, 0x8451, 0x6B6D, 0x6B6D, 0x73AF, 0x7C10, 0x7C10, 0x7BEF, 0x73AF, 0x6B8E, 0x634D, 0x52CB, 0x4A8A, 0x4A6A,
    0x4A8A, 0x4A69, 0x4249, 0x4A8A, 0x4A8A, 0x52AA, 0x52AA, 0x52AA, 0x52CB, 0x52AA, 0x52CA, 0x52CA, 0x52AA, 0x52AA, 0x52AA, 0x52AA,
    0x52AA, 0x52CB, 0x5AEB, 0x5AEB, 0x4A8A, 0x52AB, 0x5B0C, 0x5B0C, 0x632D, 0x5B0C, 0x632D, 0x6B6E, 0x5B0C, 0x5AEC, 0x5AEC, 0x52CB,
    0x5AEC, 0x632D, 0x6B8E, 0x7BF0, 0x7C10, 0x8C71, 0x94B2, 0x94B3, 0x94B3, 0x8C72, 0x73CF, 0x632D, 0x5AEB, 0x5B0C, 0x5B0C, 0x6B8E,
    0x7C10, 0x8451, 0x7C10, 0x7BEF, 0x634D, 0x5AEC, 0x52CB, 0x5AEC, 0x73CF, 0x632D, 0x73CF, 0x8451, 0x73CF, 0x7BF0, 0x7BF0, 0x73AE,
    0x73AF, 0x6B8E, 0x634D, 0x5B0C, 0x52CB, 0x52AB, 0x52AB, 0x31A7, 0x2986, 0x31A7, 0x31A6, 0x2986, 0x2986, 0x2966, 0x2965, 0x2965,
    0x18E3, 0x0861, 0x0861, 0x0041, 0x0041, 0x0021, 0x0020, 0x0020, 0x0020, 0x0000, 0x0020, 0x10C3, 0x10A3, 0x1082, 0x4229, 0xAD76,
    0xAD55, 0x73CF, 0x8410, 0x7C10, 0x73CF, 0x636D, 0x634D, 0x634D, 0x632D, 0x632D, 0x5AEC, 0x5B0C, 0x5ACB, 0xD69A, 0xBDF8, 0x528B,
    0xE6FC, 0xAD76, 0x9492, 0xDEFB, 0xB5B7, 0xA534, 0xC618, 0x94B3, 0xB5B7, 0x9CF3, 0x9491, 0x9CF3, 0x9D13, 0x8C51, 0xC618, 0x52AA,
    0x8430, 0xCE79, 0x52AA, 0xA535, 0xA514, 0x630C, 0xD6BA, 0x632C, 0xAD75, 0xA534, 0x6B6D, 0x738E, 0x6BAE, 0x6BAE, 0x73CF, 0x73CF,
    0x6BAE, 0x6B8E, 0x6B8E, 0x73CF, 0x6BAE, 0x73EF, 0x6B6D, 0x73CF, 0x6B6D, 0x632C, 0x7BEF, 0x5AEB, 0x8430, 0x5B0C, 0x6B6E, 0x73AE,
    0x5AEB, 0x7C10, 0x5AEB, 0x634D, 0x73CF, 0x52AB, 0x738E, 0x6B6D, 0x52CB, 0x8471, 0x6B6D, 0x73CF, 0x8450, 0x6B6D, 0x94B2, 0x6B6E,
    0x8C92, 0x8C92, 0x8C92, 0x8C92, 0x8CB2, 0x94D3, 0x94B2, 0x8C92, 0x94B3, 0x94B3, 0x94B3, 0x8C92, 0x8C92, 0x8C92, 0x8C92, 0x8C92,
    0x8C92, 0x8C72, 0x8C92, 0x8C92, 0x8C72, 0x8471, 0x8C72, 0x8C72, 0x7BF0, 0x7C30, 0x8431, 0x8431, 0x8451, 0x8431, 0x73AF, 0x7C10,
    0x8431, 0x7C10, 0x7BF0, 0x7BF0, 0x73CF, 0x73CF, 0x73CF, 0x7BF0, 0x7C10, 0x7C10, 0x7C10, 0x7BF0, 0x73CF, 0x73CF, 0x7BEF, 0x7BF0,
    0x8431, 0x8C72, 0x8C72, 0x94B2, 0x8451, 0x6B6E, 0x634D, 0x73CF, 0x7C10, 0x7BEF, 0x7BEF, 0x73CF, 0x73AE, 0x632C, 0x52AA, 0x52AA,
    0x4A69, 0x4249, 0x4249, 0x4A69, 0x4A69, 0x4A8A, 0x4A8A, 0x52AA, 0x52AB, 0x4A8A, 0x4A6A, 0x4A69, 0x4A69, 0x4249, 0x4A69, 0x4A69,
    0x4249, 0x4A8A, 0x52CB, 0x5AEB, 0x52CB, 0x5AEC, 0x5AEC, 0x5B0C, 0x5B0C, 0x5B0C, 0x632D, 0x5B0C, 0x5AEB, 0x73CF, 0x7BF0, 0x8451,
    0x8451, 0x73AF, 0x632D, 0x632D, 0x5B0C, 0x5AEB, 0x5B0C, 0x632D, 0x6B6E, 0x7BF0, 0x7C10, 0x8C72, 0x94B3, 0x8C92, 0x7C10, 0x6B8E,
    0x5B0C, 0x5AEC, 0x5B0C, 0x6B6E, 0x73CF, 0x8431, 0x8451, 0x73CF, 0x6B6D, 0x4229, 0x6B6D, 0x8C72, 0x7C10, 0x7C10, 0x8431, 0x6B8E,
    0x73AF, 0x6B6E, 0x6B6E, 0x634D, 0x5B0C, 0x5AEB, 0x52CB, 0x4A8A, 0x31A7, 0x2986, 0x2986, 0x2986, 0x2986, 0x2966, 0x2965, 0x2965,
    0x2145, 0x0882, 0x0861, 0x0861, 0x0041, 0x0041, 0x0020, 0x0020, 0x0020, 0x0000, 0x0000, 0x0882, 0x10C3, 0x0862, 0x3A08, 0xB596,
    0xB5B7, 0x7BF0, 0x8C51, 0x8410, 0x7BEF, 0x6B6E, 0x634D, 0x634D, 0x632D, 0x632D, 0x630C, 0x630C, 0x528A, 0x738F, 0xE73D, 0x8410,
    0x73AF, 0xF7BF, 0x7BEF, 0xC618, 0xCE59, 0xCE59, 0x9CF3, 0xBDF7, 0x9492, 0x9CF3, 0xAD55, 0x9492, 0x9CF3, 0x8C71, 0x8C71, 0xC639,
    0x4228, 0x9CF3, 0xBDF8, 0x52CB, 0xC659, 0x6B6E, 0x9492, 0xC618, 0x630B, 0xC638, 0x73AE, 0x73AE, 0x6B8E, 0x636D, 0x636D, 0x6BAE,
    0x6B8E, 0x73CF, 0x636D, 0x7C10, 0x634D, 0x8430, 0x5B0C, 0x8451, 0x632C, 0x73CF, 0x6B6D, 0x634D, 0x7C10, 0x52CB, 0x8430, 0x632D,
    0x5B0C, 0x7BF0, 0x5ACB, 0x73AF, 0x6B4D, 0x5ACB, 0x7BEF, 0x5AEB, 0x632C, 0x7C10, 0x5AEB, 0x8410, 0x6B8E, 0x6B6D, 0x8C71, 0x630C,
};

#endif
